district_id,district_name,year,h_k3,a_k3,m0_k3,m1_k3,m2_k3,g0_edu_max_k3,g1_edu_max_k3,g2_edu_max_k3,g0_edu_dropout_k3,g1_edu_dropout_k3,g2_edu_dropout_k3,g0_hea_chronic_k3,g1_hea_chronic_k3,g2_hea_chronic_k3,g0_hea_visit_k3,g1_hea_visit_k3,g2_hea_visit_k3,g0_employment_k3,g0_assets_k3,g1_assets_k3,g2_assets_k3,g0_services_k3,g1_services_k3,g2_services_k3,g0_electricity_k3,g0_cooking_fuel_k3,g0_water_k3,g0_toilet_k3,g0_land_k3,g0_livestock_k3,g0_rural_equip_k3,rain_year,rain_season,soilmoisture_season,soilmoisture_year,maxevi_year,sum10_20,sum20p
1,Beitbridge,2017,0.617113345,0.454080139,0.280218913,0.165107495,0.13218769,0.27693728,0.13846864,0.046156216,0.01013387,0.009120484,0.00547229,0.447114413,0.223557207,0.223557207,0.128244679,0.064122339,0.064122339,0.11266324,0.510228788,0.401188193,0.346667896,0.312228737,0.231081181,0.13558385,0.230530204,0.255084015,0.089115608,0.189081213,0,0,0.100717625,451.9389,385.8408,6.122455,4.327248,0.4985352,0,2
2,Bikita,2017,0.583697549,0.434740703,0.253757081,0.174421801,0.154222641,0.170088762,0.087780824,0.03199672,0.007513034,0.004507821,0.001803128,0.297077982,0.148538991,0.148538991,0.087500573,0.043750287,0.043750287,0,0.55716091,0.485362417,0.449463171,0.011287575,0.002821894,0.000470316,0.197840314,0.291848775,0.147851348,0.208961175,0.283719265,0,0.149842575,866.7448,892.5038,14.34499,8.580888,0.579027,1,2
3,Bindura,2017,0.651693717,0.537214604,0.350099381,0.199182689,0.168313635,0.18247194,0.09123597,0.030411991,0.045578347,0.052755934,0.044735463,0.553182529,0.276591265,0.276591265,0.442194838,0.221097419,0.221097419,0.0210343,0.552644858,0.449871328,0.398484562,0.408842327,0.174111807,0.067536182,0.203041648,0.286998612,0.119101324,0.093059256,0.114248683,0,0.303545477,948.5323,969.0714,17.59883,10.92931,0.5266655,1,1
4,Binga,2017,0.901289835,0.493462311,0.444752565,0.273575729,0.226530298,0.309965102,0.156643909,0.053322211,0.010062571,0.007711651,0.004089124,0.448518821,0.22425941,0.22425941,0.199978833,0.099989417,0.099989417,0.014427115,0.806407374,0.683225674,0.621634823,0.423156055,0.229283462,0.110563444,0.433650721,0.430589492,0.265949795,0.358795686,0.230970359,0,0.292677445,879.0134,773.5641,15.65275,9.918036,0.47827,3,1
5,Bubi,2017,0.752584961,0.52579662,0.395706629,0.220659463,0.17144117,0.262321239,0.133597508,0.046157097,0.016741902,0.013704451,0.007677366,0.635072551,0.317536275,0.317536275,0.304027541,0.152013771,0.152013771,0.029731298,0.639745037,0.492359979,0.41866745,0.696992894,0.42445791,0.216330662,0.204232879,0.353587643,0.13099152,0.256235361,0,0,0.229533117,863.4283,790.176,13.31256,8.155972,0.5108026,1,2
6,Buhera,2017,0.755675461,0.464766747,0.351212829,0.199175156,0.16187298,0.166292964,0.083146482,0.027715495,0.003240602,0.003888722,0.003110978,0.358241897,0.179120948,0.179120948,0.134439075,0.067219537,0.067219537,0,0.748526709,0.655375175,0.608799408,0.50058165,0.196082954,0.068851926,0.322895939,0.377837731,0.214482495,0.24207366,0.027612015,0,0.240297132,871.578,818.4646,14.94086,9.11034,0.5983232,2,1
7,Bulawayo,2017,0.202705175,0.46479376,0.094216101,0.052763579,0.047900794,0.028172326,0.014086163,0.004695388,0.005192336,0.005699963,0.004446839,0.264421193,0.132210597,0.132210597,0.20024651,0.100123255,0.100123255,0.118855174,0.094035635,0.064331992,0.04948017,0.069747449,0.019983001,0.00448418,0.042207956,0.036783676,0.017521559,0.017869138,0,0,0,847.8993,763.4451,13.74619,8.422802,0.5107803,1,2
8,Bulilima,2017,0.805616226,0.504238886,0.406223029,0.236903599,0.187805692,0.362859688,0.181429844,0.060476617,0.025475755,0.029679619,0.025868755,0.843579682,0.421789841,0.421789841,0.162243219,0.08112161,0.08112161,0,0.699017973,0.542191322,0.463777996,0.598431627,0.331310653,0.182041191,0.189142953,0.400586725,0.236442946,0.244765467,0.01623594,0,0.0803368,745.8768,701.5335,12.20647,7.353022,0.4880506,3,1
9,Centenary,2017,0.82291597,0.482901769,0.397387576,0.22247629,0.174951533,0.26134875,0.134144261,0.048184641,0.028665099,0.035252354,0.032154237,0.242894966,0.121447483,0.121447483,0.241291512,0.120645756,0.120645756,0,0.710127249,0.561285309,0.486864339,0.751249744,0.323184873,0.125227603,0.351481702,0.411457985,0.23397407,0.131987841,0.071404961,0,0.339298121,898.9705,886.1981,18.05087,10.33444,0.5455648,0,2
10,Chegutu,2017,0.403528083,0.484166999,0.19537498,0.115229306,0.102156483,0.082333842,0.041166921,0.013722308,0.013434309,0.011155133,0.006318781,0.37356353,0.186781765,0.186781765,0.283376499,0.141688249,0.141688249,0.043189727,0.32930594,0.249841965,0.210109978,0.029725532,0.010172379,0.002609062,0.131398101,0.180346296,0.067364763,0.086375892,0.097251732,0,0.138396158,795.7037,854.8658,16.15895,9.810921,0.5055271,1,2
11,Chikomba,2017,0.819558415,0.460095769,0.377075358,0.219607296,0.186305699,0.08893661,0.044468305,0.014822769,0.006201198,0.009301797,0.009301797,0.486009203,0.243004601,0.243004601,0.409005701,0.204502851,0.204502851,0.009643554,0.722578097,0.587346677,0.519730967,0.452126193,0.228902195,0.100599525,0.37674147,0.397434565,0.131495595,0.179104321,0.14784134,0,0.175098066,837.6448,848.5925,15.85033,9.780441,0.4910524,1,2
12,Chimanimani,2017,0.597312437,0.451593258,0.269742266,0.146075429,0.11792225,0.147393626,0.073696813,0.024565605,0.018082291,0.023660669,0.021583007,0.234006809,0.117003404,0.117003404,0.149408351,0.074704175,0.074704175,0,0.540910185,0.429180948,0.373316329,0.430138982,0.184370288,0.075114232,0.20283631,0.298656218,0.105489755,0.064934155,0.03812801,0,0.33256687,1096.523,1015.96,16.89082,11.37758,0.539542,1,2
13,Chipinge,2017,0.707836471,0.474077237,0.335569157,0.182908727,0.146621292,0.330596471,0.165298235,0.055099414,0.07190655,0.071316136,0.056041747,0.346296109,0.173148054,0.173148054,0.061290308,0.030645154,0.030645154,0,0.65326141,0.556439605,0.508028702,0.452243417,0.155771918,0.043835833,0.289961916,0.337430584,0.122317609,0.110463396,0.024656598,0,0.387482646,960.6835,1001.787,15.9531,10.37752,0.5977855,1,2
14,Chiredzi,2017,0.588383282,0.464724651,0.273436217,0.157125035,0.126007433,0.263169046,0.131584523,0.043861509,0.016872897,0.015185608,0.009111364,0.236744206,0.118372103,0.118372103,0.12244619,0.061223095,0.061223095,0.008359542,0.544435272,0.452000614,0.405783285,0.311055363,0.1224997,0.047607305,0.191222579,0.294191641,0.134202732,0.205588673,0.055227687,0,0.214128243,669.9957,699.7358,10.03214,6.380897,0.6061399,2,2
15,Chirumhanzu,2017,0.625155525,0.451668128,0.282362825,0.170742042,0.148249442,0.06111385,0.030556925,0.010185642,0.006461858,0.003877115,0.001550846,0.612629842,0.306314921,0.306314921,0.186157774,0.093078887,0.093078887,0.013202935,0.55057332,0.463844377,0.420479905,0.187519479,0.081987527,0.026450924,0.133252933,0.312577763,0.169487048,0.171600327,0.112317395,0,0.165552323,780.4515,787.9954,15.63567,9.437385,0.446772,0,2
16,Chivi,2017,0.847880855,0.490501091,0.415886483,0.252002256,0.209139244,0.151108898,0.076571565,0.026201933,0.013315388,0.015917947,0.012934742,0.540208493,0.270104246,0.270104246,0.249329963,0.124664981,0.124664981,0.004801403,0.804340777,0.689845268,0.632597514,0.700513466,0.357299523,0.160660621,0.334041992,0.417889335,0.212947554,0.176089377,0.150828144,0,0.195506813,686.3515,727.5847,14.51074,8.727686,0.535835,1,2
17,Gokwe North,2017,0.821394011,0.469661075,0.385776795,0.22888917,0.183833266,0.206856631,0.103428316,0.034476107,0.048936317,0.062035216,0.055327425,0.342663163,0.171331581,0.171331581,0.257810514,0.128905257,0.128905257,0,0.689221606,0.583256273,0.530273606,0.596537434,0.277247719,0.117363585,0.312685868,0.403459571,0.304093035,0.276073388,0.048021458,0,0.17852056,891.4336,877.341,14.96106,9.534225,0.5622579,2,1
18,Gokwe South,2017,0.77621819,0.463178609,0.359527661,0.199043844,0.147662549,0.19812411,0.099062055,0.033020687,0.01398222,0.012005424,0.010211842,0.408262382,0.204131191,0.204131191,0.187499488,0.093749744,0.093749744,0,0.647184603,0.453129889,0.356102532,0.724337964,0.364422308,0.166612642,0.230044438,0.384027135,0.241720724,0.230751515,0.038926718,0,0.110651475,840.1716,815.2762,15.97827,9.652163,0.4968709,3,1
19,Goromonzi,2017,0.559505185,0.466812126,0.261183804,0.138140798,0.115733409,0.064467681,0.032233841,0.010744614,0.017073581,0.020590264,0.018582221,0.360030181,0.180015091,0.180015091,0.266342995,0.133171497,0.133171497,0.044824866,0.477330398,0.37190468,0.319191821,0.381246529,0.136839741,0.041712015,0.196484847,0.219855201,0.076840905,0.063589693,0.021200088,0,0.291959182,976.4844,982.4808,17.90042,11.56468,0.5100578,2,1
20,Guruve,2017,0.763369929,0.473284307,0.361291007,0.202164981,0.159822865,0.22321787,0.113336888,0.039506917,0.014611687,0.013797182,0.010572271,0.475874576,0.237937288,0.237937288,0.145590474,0.072795237,0.072795237,0,0.67481566,0.530700991,0.458643657,0.634962741,0.310500117,0.137478015,0.23968671,0.380567804,0.174602923,0.131881571,0.045180992,0,0.291271567,860.5595,845.7922,16.53321,9.745328,0.5334868,1,1
21,Gutu,2017,0.766767964,0.453155975,0.347465484,0.202003654,0.162399702,0.191795049,0.095897524,0.031965843,0.012704427,0.013012689,0.009070576,0.415003715,0.207501857,0.207501857,0.09861809,0.049309045,0.049309045,0,0.704197667,0.594639772,0.539860825,0.590278308,0.219302565,0.070013738,0.281439516,0.372873977,0.188837836,0.162948296,0.15649271,0,0.125732519,758.4276,762.1902,15.39498,9.321166,0.4723184,0,2
22,Gwanda,2017,0.66417857,0.461634306,0.306607615,0.185242359,0.150669188,0.150526779,0.075263389,0.025087798,0.017154021,0.019300704,0.015185383,0.450779933,0.225389967,0.225389967,0.172130714,0.086065357,0.086065357,0.006067288,0.609799377,0.484176941,0.421365723,0.567149463,0.412011749,0.260290191,0.305245002,0.306767352,0.142729106,0.110765647,0.004474906,0,0.069182744,617.3961,533.9383,9.321392,6.002038,0.5170912,2,2
23,Gweru,2017,0.562224867,0.485712142,0.273079444,0.157042318,0.131404279,0.061802458,0.030901229,0.01030041,0.032346931,0.046614891,0.045090488,0.582296916,0.291148458,0.291148458,0.207857591,0.103928796,0.103928796,0.154760989,0.407033078,0.320552506,0.27731222,0.5273175,0.267770313,0.130466848,0.175592396,0.177016983,0.066207475,0.092478789,0.013975866,0,0.095567762,871.2165,859.733,15.44889,9.401968,0.4629017,0,2
24,Harare,2017,0.381842502,0.493161089,0.188309862,0.116359583,0.102683296,0.017870935,0.008935468,0.002978489,0.019435201,0.022310613,0.018205299,0.478222892,0.239111446,0.239111446,0.252700065,0.126350032,0.126350032,0.357456284,0.223223908,0.153825731,0.119126643,0.19402142,0.118435287,0.066457353,0.103575146,0.034083072,0.091306603,0.005224575,0,0,0.011823605,902.8173,918.5535,18.3827,11.71245,0.4764062,2,1
25,Hurungwe,2017,0.672441466,0.485221007,0.326282722,0.190706653,0.154145123,0.166525896,0.092156286,0.039612101,0.03518269,0.043236322,0.037894814,0.400322153,0.200161077,0.200161077,0.231065652,0.115532826,0.115532826,0,0.539303048,0.427275886,0.371262305,0.482132996,0.250266384,0.116749113,0.232774684,0.327616279,0.21080856,0.180893267,0.073891786,0,0.219168875,872.2809,846.8773,15.78101,9.520162,0.5404603,1,1
26,Hwange,2017,0.651449082,0.458547905,0.298720608,0.16953969,0.137378439,0.143867892,0.071933946,0.023977983,0,0,0,0.362975721,0.18148786,0.18148786,0.242787534,0.121393767,0.121393767,0.147645809,0.513632149,0.390080199,0.328304224,0.498987198,0.287898613,0.156852159,0.242890418,0.257497249,0.093804496,0.173950811,0.014213205,0,0.14559332,744.5768,676.7055,12.64812,7.706244,0.5562693,2,1
27,Hwedza,2017,0.650031697,0.464849914,0.302167178,0.165089639,0.140329876,0.107981116,0.053990558,0.017996853,0,0,0,0.52126556,0.26063278,0.26063278,0.279637796,0.139818898,0.139818898,0,0.578365231,0.500916881,0.462192706,0.412748944,0.139703183,0.042702129,0.18377835,0.31719529,0.087661364,0.146471275,0.034250512,0,0.201232763,943.0515,946.2212,15.64626,10.09332,0.5181746,1,2
28,Insiza,2017,0.750150677,0.472275973,0.354278143,0.199508646,0.157767184,0.125673804,0.069339894,0.02961629,0.008378119,0.012567178,0.012567178,0.510960761,0.255480381,0.255480381,0.254056425,0.127028213,0.127028213,0,0.620371324,0.478637101,0.407769989,0.664266921,0.295835257,0.12114703,0.187668114,0.358686557,0.217306518,0.200832238,0.07042266,0,0.147018898,823.4476,787.0181,14.97464,8.988583,0.4670119,1,2
29,Kadoma,2017,0.441970008,0.436203646,0.19278893,0.107954386,0.084110152,0.046530455,0.023265228,0.007755076,0.019160785,0.006465244,0.001579852,0.248317677,0.124158839,0.124158839,0.091038441,0.04551922,0.04551922,0.044885256,0.366621159,0.278966484,0.235139147,0.405679748,0.221438233,0.108545767,0.145907027,0.202617368,0.070853891,0.128437785,0.00238566,0,0.059059579,839.0383,887.6791,15.10429,9.400753,0.507046,2,1
30,Kariba,2017,0.649334587,0.55832472,0.362539552,0.196643444,0.154021356,0.237555431,0.121125885,0.042723467,0.023000817,0.0265808,0.022078512,0.534846266,0.267423133,0.267423133,0.245681135,0.122840567,0.122840567,0.04061886,0.597272924,0.479526261,0.42065293,0.550607093,0.238276305,0.091369181,0.306309073,0.311238665,0.17621561,0.229451556,0.027972804,0,0.163355517,949.1428,865.7281,18.81042,13.15313,0.4320639,2,1
31,Kwekwe,2017,0.59686139,0.45703462,0.272786318,0.147308169,0.112829662,0.111192154,0.055596077,0.018532026,0.01289673,0.012664789,0.011328727,0.285740671,0.142870335,0.142870335,0.246840375,0.123420187,0.123420187,0.046887667,0.483294872,0.341884189,0.271178848,0.540948709,0.272408428,0.125899194,0.190681922,0.27718746,0.115069621,0.168027945,0.004541664,0,0.108160231,835.2331,856.6334,13.92527,8.642556,0.4733644,2,1
32,Lupane,2017,0.837217481,0.505984112,0.423618746,0.240245834,0.18638373,0.341069423,0.170534712,0.056844907,0.015817313,0.018614242,0.015547206,0.558052821,0.279026411,0.279026411,0.30846756,0.15423378,0.15423378,0,0.745321044,0.621969754,0.560294109,0.77713732,0.371455874,0.168289097,0.245470734,0.412564362,0.212638603,0.287881135,0.029617062,0,0.090340696,843.0891,795.0863,13.78614,8.294879,0.5141191,3,1
33,Makonde,2017,0.590325116,0.463143413,0.273405189,0.151425682,0.115271824,0.170561857,0.085280929,0.028426978,0.036453775,0.047049063,0.044077658,0.252284341,0.12614217,0.12614217,0.16838782,0.08419391,0.08419391,0.024569958,0.436475214,0.326668355,0.271764926,0.535066101,0.265921049,0.123618406,0.18359626,0.282720911,0.153559312,0.17022583,0.008551213,0,0.174896713,821.143,852.9466,16.38018,9.766592,0.5468322,0,2
34,Makoni,2017,0.666136644,0.476560485,0.317454402,0.175658164,0.140556086,0.168110386,0.084055193,0.028018399,0.00963681,0.011564172,0.009251337,0.321131465,0.160565732,0.160565732,0.202227187,0.101113593,0.101113593,0.004435946,0.644007704,0.551187636,0.504777602,0.571102478,0.213307955,0.073523563,0.186199861,0.326548911,0.1658948,0.14180381,0.021763311,0,0.252954144,991.3381,994.1525,17.16234,10.66886,0.5217349,2,1
35,Mangwe,2017,0.666977381,0.494938619,0.330112864,0.185716309,0.14970918,0.237218826,0.125977758,0.049360933,0,0,0,0.535288639,0.267644319,0.267644319,0.15871035,0.079355175,0.079355175,0.018775269,0.514513788,0.42421741,0.379069221,0.654365561,0.335858525,0.165014,0.306284523,0.321887666,0.129858521,0.123123298,0,0,0.136045783,720.4063,687.6623,11.61872,7.05683,0.4799957,3,2
36,Marondera,2017,0.726938821,0.504298607,0.366594234,0.198667445,0.164702263,0.101931806,0.050965903,0.016988635,0.006032752,0.009049127,0.009049127,0.669010317,0.334505158,0.334505158,0.28166746,0.14083373,0.14083373,0.120505971,0.537646637,0.416244128,0.355542873,0.669272685,0.29221116,0.113944033,0.317788739,0.288649695,0.097602933,0.080078501,0.026327278,0,0.286130464,949.8921,962.5602,17.72322,11.04654,0.5359359,1,2
37,Masvingo,2017,0.511381042,0.448556448,0.229383264,0.136559091,0.108993616,0.083133084,0.041566542,0.013855515,0.005179496,0.003107698,0.001243079,0.290954502,0.145477251,0.145477251,0.094373176,0.047186588,0.047186588,0.047462463,0.41155577,0.341138209,0.305929428,0.40194143,0.257222933,0.139103135,0.177991952,0.239756842,0.162964598,0.113739051,0.025521669,0,0.124566976,734.2944,785.2959,14.9236,9.105699,0.5315479,1,2
38,Matobo,2017,0.79050015,0.503231348,0.397804454,0.225760479,0.179382664,0.16375076,0.08187538,0.027291794,0.013113162,0.015195502,0.013405806,0.708902255,0.354451127,0.354451127,0.410408679,0.20520434,0.20520434,0,0.659859133,0.50409173,0.426208028,0.703904877,0.420150292,0.217511211,0.209827232,0.393364934,0.20623953,0.182400355,0.006685787,0,0.120685623,769.7324,718.9901,11.68083,7.20174,0.4788711,2,2
39,Mazowe,2017,0.751502309,0.495908046,0.372676038,0.197676106,0.167997433,0.173158987,0.094492987,0.039411157,0.00550621,0.004955589,0.002973353,0.559145922,0.279572961,0.279572961,0.393058498,0.196529249,0.196529249,0,0.592077898,0.489493445,0.438201218,0.564786891,0.204749133,0.064786205,0.275816168,0.356528083,0.08386926,0.036218052,0.077263188,0,0.422993235,813.6309,856.9732,18.46458,11.53554,0.5316244,1,1
40,Mberengwa,2017,0.772092596,0.471413848,0.363975144,0.204923947,0.161482981,0.174801015,0.087400508,0.029133504,0.00646018,0.00608241,0.004639266,0.587533127,0.293766563,0.293766563,0.138253212,0.069126606,0.069126606,0,0.729869177,0.59454898,0.526888882,0.719712971,0.259813059,0.083628638,0.162100256,0.386046298,0.208340302,0.21041518,0.068388209,0,0.065843931,681.0281,671.9718,13.57048,8.460253,0.5771862,3,2
41,Mount Darwin,2017,0.745688055,0.462103009,0.344584694,0.193878874,0.150078896,0.232683418,0.119229748,0.04263129,0.010022256,0.011093319,0.009102549,0.387161134,0.193580567,0.193580567,0.037771938,0.018885969,0.018885969,0,0.662304163,0.516227921,0.4431898,0.680402621,0.292004507,0.118958939,0.284246566,0.366204651,0.192456463,0.156655391,0.09971189,0,0.16393411,941.3184,908.0408,17.62664,10.559,0.5575401,1,1
42,Mudzi,2017,0.840324975,0.453700615,0.381255957,0.216961278,0.172707126,0.222867633,0.111433816,0.037144607,0.019381492,0.026585666,0.024596409,0.278173759,0.139086879,0.139086879,0.034863314,0.017431657,0.017431657,0,0.823703552,0.694457816,0.629834949,0.658304889,0.273824676,0.108061032,0.325117679,0.420162487,0.204069428,0.228648682,0.075982951,0,0.330655745,868.1671,825.7883,13.35667,8.756857,0.5363978,2,1
43,Murehwa,2017,0.754963369,0.472453398,0.356685008,0.192103822,0.159039003,0.155388725,0.077694362,0.025898122,0.004714384,0.001414315,0.000282863,0.452957691,0.226478846,0.226478846,0.350775659,0.175387829,0.175387829,0.032796485,0.664917694,0.541751946,0.480169072,0.579355215,0.204673455,0.06799649,0.23438471,0.366959107,0.116668831,0.092278665,0.065672652,0,0.271637775,995.5923,976.1492,18.83796,11.68898,0.5324644,4,0
44,Mutare,2017,0.54448425,0.454634433,0.247541288,0.141587925,0.115372368,0.120798507,0.064260601,0.025281549,0.016125981,0.020080881,0.016794407,0.315663741,0.157831871,0.157831871,0.153964116,0.076982058,0.076982058,0.073533302,0.482325142,0.394947403,0.351258534,0.436883646,0.210218158,0.087350568,0.214171699,0.253766913,0.084430384,0.058858293,0.014345448,0,0.12677507,1026.046,940.498,13.9016,9.171066,0.4988379,2,1
45,Mutasa,2017,0.631756725,0.435227673,0.274958004,0.144210379,0.117418489,0.1545006,0.07836189,0.026861692,0.014129895,0.012172126,0.007841221,0.423724837,0.211862419,0.211862419,0.099677258,0.049838629,0.049838629,0.00560901,0.548129276,0.437774853,0.382597641,0.396884112,0.122423244,0.029743865,0.169535358,0.298450804,0.14289785,0.018093844,0.0078383,0,0.332629945,1175.528,1166.203,16.28564,11.70403,0.5436387,0,2
46,Mutoko,2017,0.713126195,0.456597858,0.325611895,0.184745256,0.152095995,0.169764589,0.084882294,0.028294099,0,0,0,0.427319686,0.213659843,0.213659843,0.110828689,0.055414344,0.055414344,0,0.635706373,0.511522473,0.449430524,0.424959649,0.190683102,0.082075226,0.289857755,0.356563098,0.213038881,0.113225916,0.060710136,0,0.291338225,874.5667,881.7111,15.47423,9.489992,0.5222413,4,0
47,Mwenezi,2017,0.844015736,0.479082394,0.404353081,0.230910262,0.181474542,0.253241851,0.126620926,0.042206977,0.014613532,0.021920298,0.021920298,0.465773388,0.232886694,0.232886694,0.14853664,0.07426832,0.07426832,0,0.771376968,0.635579864,0.567681312,0.725287234,0.296441589,0.109218057,0.254305705,0.416408605,0.282721295,0.253272913,0.067303133,0,0.188512999,543.1907,510.772,10.94258,6.836098,0.54435,1,2
48,Nkayi,2017,0.86367793,0.483336789,0.417447318,0.243731701,0.190586295,0.231421398,0.115710699,0.038570235,0.004926361,0.001477908,0.000295582,0.867274068,0.433637034,0.433637034,0.15063178,0.07531589,0.07531589,0,0.762028054,0.606749496,0.529110218,0.801462703,0.46561289,0.232398113,0.067680346,0.420909905,0.194665949,0.33684021,0,0,0.127908747,856.8746,821.2466,14.25801,8.587993,0.5118189,2,2
49,Nyanga,2017,0.735089584,0.471977117,0.346945457,0.188306984,0.147782671,0.236794198,0.120979165,0.042908456,0.008363227,0.002508968,0.000501794,0.435744538,0.217872269,0.217872269,0.180261244,0.090130622,0.090130622,0,0.67834346,0.526302181,0.450281542,0.539244589,0.256049506,0.107840315,0.308180605,0.355926458,0.15664374,0.139008538,0.029854652,0,0.227616644,1020.604,1036.517,16.71392,11.02855,0.5221602,2,1
50,Rushinga,2017,0.777498562,0.45646756,0.354902873,0.188764161,0.147940581,0.204192244,0.104520231,0.037264187,0.008822706,0.010477851,0.009926609,0.359676929,0.179838465,0.179838465,0.245518725,0.122759363,0.122759363,0,0.71759351,0.560454292,0.481884683,0.570772423,0.227438972,0.079546873,0.254882029,0.388749281,0.18616283,0.186712954,0.017554068,0,0.23093959,864.5716,827.6046,14.54382,9.440179,0.5774496,1,1
51,Seke,2017,0.625543065,0.462432403,0.289271379,0.159100692,0.137355241,0.057814262,0.028907131,0.009635711,0.012511649,0.01667704,0.015004693,0.348040759,0.174020379,0.174020379,0.330223275,0.165111638,0.165111638,0,0.49632793,0.418598654,0.379734015,0.434154515,0.175024104,0.069735233,0.219480154,0.287487169,0.078246796,0.077841756,0.078261121,0,0.327688737,838.8019,860.3352,16.345,9.833355,0.5713183,1,2
52,Shamva,2017,0.521942744,0.44001143,0.229660771,0.118015078,0.089587294,0.112472116,0.056236058,0.018745354,0.016359505,0.016807801,0.011752077,0.074678192,0.037339096,0.037339096,0.17589432,0.08794716,0.08794716,0,0.461268423,0.343353072,0.284395396,0.41922899,0.160003555,0.053616571,0.169596495,0.258333372,0.117732686,0.112994932,0.004312477,0,0.258905837,975.4918,972.1086,16.49563,9.994823,0.5241825,1,1
53,Shurugwi,2017,0.506771853,0.463313656,0.234794318,0.121754199,0.102958783,0.083879831,0.041939915,0.013979972,0,0,0,0.699186821,0.34959341,0.34959341,0.064963429,0.032481714,0.032481714,0.018687488,0.368892681,0.304626635,0.272493612,0.335079247,0.108677741,0.029398447,0.162909324,0.249772357,0.080839499,0.071392168,0,0,0.094943192,840.0118,847.7698,15.70697,9.424939,0.4757082,2,2
54,Tsholotsho,2017,0.782827459,0.490564292,0.384027199,0.207716401,0.163433366,0.284051055,0.145981024,0.052120313,0.032132182,0.024750517,0.018621971,0.589598485,0.294799243,0.294799243,0.288753399,0.1443767,0.1443767,0,0.675565021,0.54257574,0.476081099,0.593917295,0.2667898,0.10882398,0.208952753,0.389769108,0.094862327,0.291253008,0.023758476,0,0.175645286,765.0006,723.7889,11.71905,7.143547,0.529662,3,1
55,Umguza,2017,0.821363105,0.488702094,0.401401872,0.217153747,0.176758855,0.243361283,0.121680641,0.040560216,0.013923313,0.006799007,0.003981815,0.727494269,0.363747134,0.363747134,0.169467134,0.084733567,0.084733567,0,0.752586749,0.627191272,0.564493533,0.671127401,0.23670512,0.07574524,0.195426709,0.400666225,0.07520473,0.2367648,0.070304219,0,0.256990947,838.4201,767.1651,12.73604,7.91567,0.526668,0,2
56,Umzingwane,2017,0.664724102,0.464116386,0.30850935,0.171850233,0.137550832,0.153535746,0.076767873,0.025589292,0,0,0,0.560029288,0.280014644,0.280014644,0.123968317,0.061984158,0.061984158,0,0.524469696,0.418766662,0.365915146,0.516827201,0.245109432,0.10320394,0.203636605,0.322202419,0.130690097,0.153514555,0.079564761,0,0.162400126,845.5067,778.7114,14.53305,8.757645,0.4998973,2,2
57,Uzumba Maramba Pfungwe (UMP),2017,0.820796107,0.480049638,0.394022876,0.220883665,0.177830776,0.248829057,0.124414528,0.041471511,0.005638422,0.001691527,0.000338305,0.380151577,0.190075788,0.190075788,0.172314147,0.086157074,0.086157074,0,0.735796079,0.606725246,0.542189829,0.627819929,0.257913175,0.09774751,0.334812434,0.403887165,0.184401659,0.167736811,0.14689246,0,0.334937583,937.9769,912.6502,14.43601,8.987231,0.5118918,2,1
58,Zaka,2017,0.794112885,0.468803021,0.372282521,0.226202737,0.179705192,0.173283935,0.089448799,0.032623099,0,0,0,0.442539469,0.221269734,0.221269734,0.11275279,0.056376395,0.056376395,0,0.773089927,0.659052658,0.602034023,0.65115167,0.417583164,0.239179394,0.151692692,0.39258556,0.242234627,0.307697502,0.034153604,0,0.255502179,755.4923,822.1782,15.18244,9.524195,0.549272,2,2
59,Zvimba,2017,0.818882311,0.501324034,0.410525382,0.219058875,0.174299929,0.215286622,0.107643311,0.035881105,0.023954364,0.022075387,0.015188765,0.395698124,0.197849062,0.197849062,0.412353129,0.206176564,0.206176564,0,0.722155177,0.584400089,0.515522545,0.650788698,0.282535322,0.106362514,0.263726992,0.404098684,0.184854389,0.162462979,0.016816092,0,0.447795911,759.464,844.6959,17.33683,10.48345,0.5609224,1,2
60,Zvishavane,2017,0.536875372,0.445494768,0.239175168,0.134233574,0.112894748,0.08547084,0.04273542,0.014245141,0,0,0,0.396101019,0.198050509,0.198050509,0.169075837,0.084537919,0.084537919,0.036406238,0.510015501,0.417092391,0.370630836,0.329739766,0.125034597,0.042713297,0.132437612,0.246925654,0.076161817,0.130657042,0.012804019,0,0.14636876,726.1855,753.1298,13.86589,8.309947,0.4972846,2,2
1,Beitbridge,2011,0.547857271,0.473825477,0.259588733,0.15454513,0.123717232,0.144351259,0.078631453,0.031290914,0.034364895,0.043263111,0.037528385,0.30611547,0.153057735,0.153057735,0.209763776,0.104881888,0.104881888,0.006730465,0.416597023,0.334856241,0.293985849,0.406617983,0.26738335,0.146158157,0.252684379,0.263170257,0.10412023,0.215333188,0.034659331,0,0.071584712,410.8704,395.3774,,,0.4297667,2,3
2,Bikita,2011,0.652374371,0.464306142,0.302901426,0.168460464,0.137032449,0.213321707,0.121169944,0.053264752,0.028406539,0.03034716,0.024028454,0.325755714,0.162877857,0.162877857,0.309979041,0.154989521,0.154989521,0,0.620930217,0.513366234,0.459584243,0.304811847,0.120348602,0.047421408,0.246940614,0.324629367,0.140850543,0.218209663,0.015203018,0,0.128525293,645.314,430.0569,,,0.4943157,2,3
3,Bindura,2011,0.411526882,0.452720582,0.186306688,0.107459093,0.089409835,0.085626861,0.046580291,0.019293624,0.016591304,0.023792011,0.023354034,0.303775727,0.151887864,0.151887864,0.219098542,0.109549271,0.109549271,0,0.206840381,0.156566418,0.131429437,0.239199363,0.113832475,0.049573463,0.139705624,0.196430442,0.121446379,0.075745372,0.067822066,0,0.09763149,876.6504,756.6884,,,0.5403584,2,2
4,Binga,2011,0.891103694,0.49087178,0.437417656,0.250676578,0.204334732,0.224353339,0.12722997,0.057178388,0.020595731,0.017153411,0.013219912,0.445923458,0.222961729,0.222961729,0.303482433,0.151741216,0.151741216,0.004171915,0.778046858,0.687506281,0.642235992,0.541678774,0.243514634,0.09443271,0.397367187,0.431678134,0.321819197,0.370694072,0.029484581,0,0.286172045,782.6379,699.4647,,,0.4749289,1,1
5,Bubi,2011,0.663534703,0.495227651,0.328600733,0.191164038,0.155752913,0.192517966,0.107135943,0.045919987,0.01168376,0.014925675,0.013365695,0.343674775,0.171837388,0.171837388,0.362156671,0.181078335,0.181078335,0.001972491,0.59001007,0.490617984,0.440921941,0.453855565,0.290672458,0.161166967,0.249259376,0.319320637,0.136030502,0.250537427,0.034593343,0,0.176094388,716.1202,617.6319,,,0.5016758,3,2
6,Buhera,2011,0.63299534,0.450493277,0.285160144,0.16428993,0.13541082,0.179096864,0.099320858,0.041957207,0.027045624,0.03490802,0.031007105,0.365119196,0.182559598,0.182559598,0.306450686,0.153225343,0.153225343,0,0.572612446,0.491044871,0.450261083,0.169959718,0.071967997,0.026132164,0.177002659,0.31649767,0.1780972,0.22617695,0.045068095,0,0.14589428,735.6826,533.4075,,,0.4764431,0,4
7,Bulawayo,2011,0.10116622,0.440773857,0.044591426,0.02384378,0.020952459,0.039855054,0.023665153,0.011184154,0.002012156,0.001715339,0.001092572,0.153830534,0.076915267,0.076915267,0.128168471,0.064084236,0.064084236,0.011568775,0.0399285,0.025213745,0.017856368,0.027113211,0.009226174,0.002503335,0.00816525,0.006344173,0.003316208,0.003316208,0,0,0,699.3201,598.9706,,,0.4836543,3,2
8,Bulilima,2011,0.646563567,0.469350263,0.303464778,0.16785694,0.134147388,0.173700001,0.091533724,0.034949804,0.037555856,0.042950752,0.036389568,0.338569305,0.169284653,0.169284653,0.356850153,0.178425076,0.178425076,0,0.529559445,0.397701075,0.33177189,0.4370769,0.177134734,0.062582474,0.231048137,0.321407616,0.162432685,0.180782902,0.023924518,0,0.090007888,648.8398,535.3627,,,0.4690137,2,2
9,Centenary,2011,0.717113794,0.467499098,0.335250051,0.190629676,0.15213803,0.231845462,0.118757678,0.041475858,0.018775821,0.028163731,0.028163731,0.439164083,0.219582042,0.219582042,0.241448086,0.120724043,0.120724043,0,0.579054607,0.452161774,0.388715357,0.445409402,0.240770772,0.109370345,0.332191577,0.352426981,0.19592312,0.109015526,0.069916002,0,0.169704827,638.5983,691.5545,,,0.5216914,1,1
10,Chegutu,2011,0.504816503,0.46732217,0.235911943,0.135558911,0.111077028,0.149030875,0.078270981,0.029091821,0.011418689,0.017128033,0.017128033,0.308888717,0.154444358,0.154444358,0.157273629,0.078636815,0.078636815,0.007244538,0.390527546,0.28999273,0.239725322,0.214504926,0.133986436,0.078821071,0.186587132,0.235423443,0.119945559,0.134511805,0.089837264,0,0.235969332,912.5283,761.6021,,,0.4779943,3,1
11,Chikomba,2011,0.403489255,0.452259854,0.182481993,0.100583182,0.081392991,0.152391724,0.091267399,0.044831122,0.031330968,0.035080471,0.030606631,0.320729851,0.160364925,0.160364925,0.216329358,0.108164679,0.108164679,0.002874308,0.311640706,0.231715772,0.191753305,0.168487021,0.081366076,0.034553778,0.149494966,0.196940982,0.065546783,0.087930628,0.004539803,0,0.025341824,820.7072,718.7897,,,0.4539124,1,3
12,Chimanimani,2011,0.624787064,0.456470651,0.285196958,0.152620287,0.125245511,0.191038171,0.114920027,0.055976607,0.048511246,0.062071474,0.057793942,0.36191094,0.18095547,0.18095547,0.248672235,0.124336117,0.124336117,0,0.466626769,0.353869698,0.297491163,0.285311541,0.10847473,0.035313211,0.208758697,0.295594986,0.107735067,0.022764453,0.106051894,0,0.366395097,745.9167,609.1041,,,0.5247387,5,1
13,Chipinge,2011,0.617854394,0.466929146,0.288494221,0.158279043,0.133264931,0.206067235,0.112559764,0.046104301,0.025556628,0.027894406,0.024773227,0.38047058,0.19023529,0.19023529,0.232730051,0.116365026,0.116365026,0,0.539092018,0.426924515,0.370840763,0.194463543,0.08127405,0.02813615,0.286066767,0.29273666,0.137035171,0.055334618,0.056086908,0,0.335054943,619.3268,443.8285,,,0.511987,1,2
14,Chiredzi,2011,0.709202908,0.496058433,0.351806081,0.206015739,0.165574459,0.267492168,0.144750789,0.058476296,0.025340431,0.029097785,0.024333905,0.385911101,0.192955551,0.192955551,0.23239263,0.116196315,0.116196315,0.008107377,0.535310368,0.414412211,0.353963132,0.467108637,0.237728339,0.10455491,0.298674423,0.343248124,0.158754912,0.199134667,0.168536369,0,0.252146571,490.9605,408.9421,,,0.4784875,0,3
15,Chirumhanzu,2011,0.554955579,0.464700747,0.257888274,0.144804508,0.120071797,0.15933213,0.087428669,0.035582069,0.011059136,0.013686349,0.011854276,0.360609937,0.180304969,0.180304969,0.238891212,0.119445606,0.119445606,0,0.501316425,0.427478709,0.390559851,0.243575007,0.092056433,0.028839939,0.210323374,0.2590262,0.133409297,0.152055579,0.027169184,0,0.153171107,827.4488,705.236,,,0.4224682,1,3
16,Chivi,2011,0.693435429,0.460356078,0.319227216,0.18281583,0.150318952,0.187923799,0.105396571,0.046566863,0.031565397,0.039137017,0.033942983,0.437309859,0.21865493,0.21865493,0.284826124,0.142413062,0.142413062,0,0.60786704,0.501582907,0.448440841,0.32783788,0.147234389,0.05308419,0.270484757,0.339016095,0.183027411,0.178468863,0.047380133,0,0.13695119,604.94,504.2647,,,0.4794139,1,3
17,Gokwe North,2011,0.718490025,0.4641342,0.333475793,0.191424155,0.149653282,0.18736354,0.098124491,0.036233724,0.037127901,0.039225572,0.032403733,0.371491097,0.185745549,0.185745549,0.284835096,0.142417548,0.142417548,0,0.592423841,0.464427491,0.400429316,0.389163125,0.222662107,0.109716475,0.255557699,0.359245012,0.287840513,0.263553715,0.004582607,0,0.134835888,851.1996,756.7527,,,0.5170916,0,2
18,Gokwe South,2011,0.633277874,0.455577518,0.288507161,0.159456205,0.121280915,0.179481814,0.095711042,0.036710328,0.029280496,0.036136988,0.032202347,0.281319344,0.140659672,0.140659672,0.251650321,0.125825161,0.125825161,0.005862954,0.549579092,0.386038706,0.304268512,0.364413428,0.208061871,0.096698925,0.278413283,0.310066202,0.173884304,0.214396153,0.012609341,0,0.089861301,839.1558,744.7589,,,0.4881661,4,0
19,Goromonzi,2011,0.574684935,0.481185221,0.276529898,0.157932003,0.131793196,0.220307805,0.127329442,0.05801407,0.019508554,0.026579419,0.026042736,0.389513477,0.194756739,0.194756739,0.219233489,0.109616745,0.109616745,0.012773458,0.434528884,0.33288668,0.282065578,0.228086759,0.086018163,0.028127399,0.194737077,0.252922761,0.103809736,0.077365653,0.178852845,0,0.295393532,988.378,803.6292,,,0.5018172,1,2
20,Guruve,2011,0.518667572,0.446925509,0.231805769,0.126781167,0.103274735,0.174371201,0.101607086,0.047129355,0.007712994,0.009255593,0.007404475,0.349243478,0.174621739,0.174621739,0.192673256,0.096336628,0.096336628,0,0.391782534,0.291766561,0.241758575,0.218296067,0.092711186,0.03580364,0.209376749,0.258426914,0.115604759,0.120706901,0.032732994,0,0.131226965,639.9258,679.5173,,,0.5341861,0,1
21,Gutu,2011,0.585547158,0.470645937,0.275585391,0.157895831,0.128467957,0.205685872,0.114289928,0.049089263,0.034645883,0.044711699,0.03936901,0.406042944,0.203021472,0.203021472,0.223667728,0.111833864,0.111833864,0,0.515546757,0.430883598,0.388552018,0.201409438,0.097079644,0.044893039,0.229466688,0.292773579,0.211759593,0.168082214,0.013494053,0,0.115486463,732.1919,567.7162,,,0.424356,1,3
22,Gwanda,2011,0.580734166,0.46800404,0.271785939,0.162497023,0.131427186,0.177455994,0.097298595,0.038146598,0.019510737,0.025938207,0.024953595,0.373503282,0.186751641,0.186751641,0.190845248,0.095422624,0.095422624,0.029802747,0.440526359,0.337283524,0.285662106,0.387864129,0.20224239,0.100510595,0.249795012,0.283184634,0.199316063,0.206852238,0,0,0.023309956,496.9574,437.1611,,,0.5018577,2,3
23,Gweru,2011,0.308900541,0.453314929,0.140029227,0.075445799,0.063996888,0.114465189,0.063017385,0.02597112,0.021934501,0.021300201,0.016479452,0.358781022,0.179390511,0.179390511,0.186329958,0.093164979,0.093164979,0.005130357,0.199867402,0.157150388,0.135791881,0.078528343,0.021331163,0.004121553,0.093519917,0.096856529,0.028708481,0.06724335,0.016070368,0,0.06284224,786.6807,717.1863,,,0.4648133,3,2
24,Harare,2011,0.224581059,0.440331083,0.09889002,0.059196869,0.048701198,0.089704958,0.049478466,0.019841262,0.006876566,0.006983069,0.005737132,0.216720955,0.108360477,0.108360477,0.16827107,0.084135535,0.084135535,0.010638759,0.145362181,0.093635617,0.067772335,0.035801124,0.019985801,0.009345248,0.111766995,0.039019903,0.068252935,0.047039747,0,0,0,976.2977,760.8416,,,0.4671538,1,3
25,Hurungwe,2011,0.775733073,0.490902637,0.380809411,0.220260473,0.177428407,0.198979369,0.109157236,0.044268003,0.029580214,0.032195423,0.027416973,0.437622751,0.218811375,0.218811375,0.323593809,0.161796904,0.161796904,0.00789631,0.590813732,0.488770387,0.437748715,0.521421431,0.282690107,0.131028602,0.329667903,0.382778822,0.277255464,0.217879382,0.060039663,0,0.240160557,704.8679,722.1483,,,0.5105829,1,2
26,Hwange,2011,0.441891709,0.48505225,0.214340568,0.122081708,0.102871622,0.112970222,0.059943113,0.023213779,0.011046422,0.016569633,0.016569633,0.319687237,0.159843619,0.159843619,0.223844298,0.111922149,0.111922149,0.015710495,0.370590049,0.321030694,0.296251017,0.253168982,0.131114835,0.060132245,0.188299904,0.182542399,0.057398486,0.145062378,0.032986832,0,0.122927698,663.5121,589.459,,,0.5472171,4,0
27,Hwedza,2011,0.594729711,0.440663665,0.262075774,0.150454634,0.127856098,0.180382461,0.094250162,0.034885258,0.029270664,0.033666598,0.02997559,0.319790409,0.159895205,0.159895205,0.313237958,0.156618979,0.156618979,0,0.50942598,0.432670992,0.394293498,0.195800654,0.085838059,0.030961554,0.224015966,0.288082574,0.090914273,0.106990388,0.059901864,0,0.171906661,861.5474,684.897,,,0.4983547,2,2
28,Insiza,2011,0.749807297,0.4644542,0.348251149,0.206816694,0.165474326,0.214246253,0.108952563,0.037969916,0.028924691,0.0306664,0.024489764,0.412344777,0.206172388,0.206172388,0.255113878,0.127556939,0.127556939,0,0.608593423,0.486220012,0.425033306,0.529273035,0.30257106,0.148041856,0.302157967,0.337843292,0.201821215,0.191530442,0.073008427,0,0.153528503,667.0756,604.8721,,,0.4525419,3,2
29,Kadoma,2011,0.51830316,0.465510439,0.24127553,0.135964192,0.112535197,0.182333323,0.101717744,0.043296504,0.018259583,0.024765415,0.022666247,0.331819694,0.165909847,0.165909847,0.281988036,0.140994018,0.140994018,0.003233418,0.378592058,0.287156427,0.241438612,0.215237643,0.094394527,0.036305097,0.206446215,0.232177662,0.099315954,0.148066766,0.048502413,0,0.146144776,850.6585,772.229,,,0.477987,3,2
30,Kariba,2011,0.438682067,0.482718499,0.211759948,0.124389829,0.102153631,0.104560495,0.065224307,0.032268958,0.016893887,0.022438711,0.020576976,0.299057565,0.149528783,0.149528783,0.251368745,0.125684372,0.125684372,0.017841497,0.331099828,0.259314757,0.223422222,0.258323804,0.166336468,0.092261673,0.152670439,0.162423057,0.119096583,0.11556841,0.019692648,0,0.16312255,859.4371,762.7126,,,0.4129251,0,1
31,Kwekwe,2011,0.421242577,0.45268671,0.190690915,0.114207465,0.09401541,0.118146816,0.066056708,0.028674259,0.016642909,0.020418137,0.01771125,0.285316352,0.142658176,0.142658176,0.214443295,0.107221648,0.107221648,0.02833318,0.338155033,0.268273592,0.233332871,0.248313738,0.163791814,0.082378165,0.140851061,0.184495186,0.086070127,0.069320379,0.021000744,0,0.060474876,848.8443,764.2485,,,0.4779074,3,2
32,Lupane,2011,0.835673448,0.487529963,0.407415845,0.235570672,0.18781402,0.199499528,0.11444298,0.050918193,0.031816999,0.032257036,0.026561358,0.425489213,0.212744607,0.212744607,0.285817492,0.142908746,0.142908746,0,0.780845863,0.660539462,0.600386262,0.66246656,0.359179769,0.175257177,0.331345583,0.417836724,0.204187806,0.332749654,0.019285409,0,0.179109708,756.924,668.147,,,0.5232181,2,2
33,Makonde,2011,0.485444816,0.477436506,0.231769076,0.135543048,0.109565961,0.172703184,0.095238303,0.039754068,0.017318245,0.023031571,0.021853252,0.222041008,0.111020504,0.111020504,0.203180736,0.101590368,0.101590368,0.010076532,0.379473505,0.295156793,0.252998437,0.285638704,0.129692998,0.052375273,0.183606869,0.2313744,0.130551513,0.121000151,0.092276874,0,0.1525645,812.6135,742.1019,,,0.5481858,0,2
34,Makoni,2011,0.514793696,0.459433238,0.236513333,0.137585608,0.112657474,0.159289087,0.081144141,0.028547644,0.030670254,0.032989976,0.027756904,0.319824212,0.159912106,0.159912106,0.197601113,0.098800556,0.098800556,0,0.464264219,0.390884019,0.35419392,0.282080239,0.143724552,0.062641719,0.206756746,0.255388125,0.111248567,0.105967626,0.027927862,0,0.085858617,939.9641,708.2152,,,0.4884384,0,3
35,Mangwe,2011,0.647092062,0.479997823,0.310602782,0.180222867,0.143883213,0.207489386,0.109939815,0.04244694,0.012096598,0.011413772,0.009286067,0.345549803,0.172774902,0.172774902,0.333684635,0.166842317,0.166842317,0.018272586,0.527548323,0.40691971,0.346605403,0.481816681,0.259785158,0.13172993,0.244954957,0.314425297,0.226894942,0.153362132,0.023949572,0,0.060681516,596.2388,490.9391,,,0.4781628,2,2
36,Marondera,2011,0.576620468,0.457692188,0.263914685,0.162097827,0.139565409,0.159685794,0.083388388,0.030943289,0.037141107,0.045262269,0.040679018,0.35312055,0.176560275,0.176560275,0.210432607,0.105216304,0.105216304,0,0.429495058,0.357499864,0.321502267,0.268753838,0.116819359,0.044266803,0.153159967,0.274627057,0.050683468,0.083239551,0.219056386,0,0.267794119,915.2628,691.1938,,,0.4980265,0,3
37,Masvingo,2011,0.419351259,0.451621339,0.189387976,0.11116714,0.090669172,0.135898404,0.077346279,0.03517917,0.014723092,0.015244807,0.010742104,0.259332146,0.129666073,0.129666073,0.157195836,0.078597918,0.078597918,0.00324982,0.365911317,0.301144015,0.268760363,0.182597915,0.09580963,0.046369115,0.126757481,0.19460228,0.11520222,0.132507397,0.02557403,0,0.085633843,648.9208,517.1417,,,0.4789343,1,3
38,Matobo,2011,0.752247797,0.450975038,0.33924498,0.195271352,0.15597464,0.187800148,0.102904268,0.042278429,0.023255112,0.032986523,0.031469608,0.354010882,0.177005441,0.177005441,0.264568225,0.132284112,0.132284112,0,0.603668292,0.465387317,0.39624683,0.534257024,0.296302371,0.154222968,0.321220351,0.372821344,0.197567186,0.21134116,0.049025567,0,0.103292008,572.8314,492.2814,,,0.4942215,3,2
39,Mazowe,2011,0.477351955,0.490704486,0.234238747,0.138567613,0.117772473,0.144160224,0.077954912,0.031541451,0.048959447,0.068431554,0.06603381,0.318427217,0.159213609,0.159213609,0.21457926,0.10728963,0.10728963,0.003761325,0.359362483,0.266428289,0.219961192,0.197683505,0.074451947,0.024658557,0.182700086,0.218022229,0.119530289,0.034123158,0.159427334,0,0.224531532,818.7534,691.2322,,,0.5635988,0,2
40,Mberengwa,2011,0.590566661,0.444266527,0.262369001,0.153109201,0.127247422,0.200799289,0.112984262,0.048688741,0.01408936,0.019954481,0.019010833,0.410988639,0.20549432,0.20549432,0.291383539,0.14569177,0.14569177,0,0.471760438,0.378114628,0.331291723,0.148034556,0.066820136,0.033167625,0.180184361,0.274033299,0.189109648,0.180283769,0.052655986,0,0.079182615,624.1847,554.3062,,,0.535835,2,3
41,Mount Darwin,2011,0.56839109,0.451286932,0.25650747,0.143223018,0.119011172,0.145167121,0.079920406,0.032777388,0.018272336,0.023603849,0.020913867,0.336161632,0.168080816,0.168080816,0.235177646,0.117588823,0.117588823,0.010137002,0.497185052,0.389025133,0.334945173,0.209006203,0.082756603,0.028060642,0.271141522,0.279114697,0.165833926,0.100713809,0.018224063,0,0.150685967,664.6224,665.8494,,,0.5389146,2,2
42,Mudzi,2011,0.696439196,0.464814015,0.323714694,0.189546897,0.157890572,0.192191281,0.107727436,0.046518625,0.039781837,0.047141991,0.041532755,0.387996627,0.193998314,0.193998314,0.253749313,0.126874656,0.126874656,0.005964909,0.660999576,0.56655692,0.519335592,0.262831885,0.131745418,0.055220267,0.287703737,0.344903684,0.210384445,0.200147549,0.02231097,0,0.206323809,633.8832,565.4539,,,0.512637,2,2
43,Murehwa,2011,0.567972344,0.442391375,0.251266067,0.139391541,0.11466173,0.158242,0.080453618,0.02815049,0.020731472,0.026722295,0.02478045,0.354833387,0.177416693,0.177416693,0.230261469,0.115130734,0.115130734,0.006257905,0.47536959,0.36547997,0.310535159,0.191210774,0.07937021,0.026048147,0.22075318,0.275925362,0.125634688,0.10022771,0.058908172,0,0.168671921,992.6224,820.4727,,,0.4706633,1,2
44,Mutare,2011,0.459371963,0.454121053,0.208610478,0.119514139,0.1019878,0.137026105,0.076202848,0.032887203,0.019936362,0.021614266,0.018381759,0.368312377,0.184156189,0.184156189,0.191497008,0.095748504,0.095748504,0.001607863,0.40065838,0.336399101,0.304269461,0.127629557,0.061319189,0.027980567,0.180609861,0.208903902,0.100979361,0.082486792,0.024779795,0,0.137372193,767.5795,607.5615,,,0.4813048,2,2
45,Mutasa,2011,0.537474898,0.445065774,0.239211679,0.138200984,0.117099996,0.166898645,0.091527554,0.037485889,0.002839596,0.004259395,0.004259395,0.323766267,0.161883133,0.161883133,0.174118976,0.087059488,0.087059488,0,0.492314526,0.398950211,0.352268054,0.153416901,0.086338006,0.044967908,0.225610227,0.254870082,0.13668903,0.012547617,0.077032186,0,0.252406927,982.5455,828.7949,,,0.5497206,5,1
46,Mutoko,2011,0.613756001,0.458716194,0.281539816,0.158638259,0.128942376,0.199096955,0.103784462,0.038562266,0.027075334,0.032385494,0.027946589,0.372040129,0.186020064,0.186020064,0.253114261,0.12655713,0.12655713,0,0.55085647,0.447772546,0.396230584,0.286065592,0.143745892,0.068232959,0.274013043,0.298002731,0.17382873,0.088463679,0.040387561,0,0.111683778,783.6448,682.5425,,,0.4648113,1,3
47,Mwenezi,2011,0.739998489,0.495678622,0.366801431,0.219707555,0.176958191,0.199574705,0.120686424,0.057965464,0.024523697,0.026127706,0.022046785,0.436641827,0.218320913,0.218320913,0.237667525,0.118833762,0.118833762,0.001160304,0.634278165,0.489022911,0.416395284,0.487265794,0.32410338,0.186825451,0.306662092,0.365836594,0.246834674,0.285980905,0.08176159,0,0.17642571,460.0091,439.2635,,,0.4678443,1,3
48,Nkayi,2011,0.787695226,0.492088693,0.387615913,0.226469764,0.181798904,0.228063521,0.127995185,0.054459923,0.055944732,0.068618369,0.058987247,0.411052007,0.205526004,0.205526004,0.322561275,0.161280637,0.161280637,0,0.722410308,0.604436897,0.545450192,0.486971875,0.226655635,0.08800964,0.293299692,0.392337185,0.243284385,0.343432869,0.036291504,0,0.146701826,793.9366,688.5122,,,0.512805,4,1
49,Nyanga,2011,0.58601686,0.448096254,0.26259196,0.154542232,0.132122328,0.161895195,0.088522177,0.036186445,0.022434391,0.026970735,0.023809138,0.412666846,0.206333423,0.206333423,0.24803432,0.12401716,0.12401716,0,0.504228241,0.409752373,0.362514438,0.204576081,0.105720521,0.049037979,0.252111666,0.282177633,0.111836882,0.075717268,0.08580664,0,0.133138455,857.7445,713.6609,,,0.5300231,1,3
50,Rushinga,2011,0.66212235,0.470703991,0.311663632,0.176783544,0.145916376,0.195929481,0.106072089,0.041484704,0.044346482,0.040909796,0.032325674,0.427593767,0.213796884,0.213796884,0.28265514,0.14132757,0.14132757,0.006626969,0.565018503,0.472953423,0.426920883,0.290723397,0.128282547,0.050922127,0.26607905,0.322130395,0.170324053,0.235251735,0.017199993,0,0.136925551,563.6079,561.6411,,,0.5358989,4,2
51,Seke,2011,0.570996701,0.485047104,0.276960296,0.160537404,0.131626815,0.156311288,0.090377053,0.041096895,0.035172464,0.046852634,0.042950402,0.299254784,0.149627392,0.149627392,0.265527651,0.132763826,0.132763826,0,0.424606365,0.319848128,0.26746901,0.365228579,0.210922747,0.105998245,0.208697366,0.273521732,0.104397141,0.09689424,0.124507609,0,0.277003586,883.8395,686.8016,,,0.5495559,0,3
52,Shamva,2011,0.391472286,0.430938438,0.168700456,0.090030567,0.072607341,0.129704717,0.07602544,0.03520138,0.005354726,0.008032089,0.008032089,0.329937512,0.164968756,0.164968756,0.122435828,0.061217914,0.061217914,0,0.241771178,0.175838649,0.142872384,0.18375457,0.081038603,0.030606401,0.172888273,0.191216852,0.083627194,0.047523762,0.028200604,0,0.066239112,848.3665,777.0233,,,0.5473816,2,2
53,Shurugwi,2011,0.429333278,0.447380324,0.192075259,0.1113695,0.092028951,0.156022217,0.093215354,0.044495171,0.029354675,0.027674626,0.022159139,0.285840238,0.142920119,0.142920119,0.192174311,0.096087155,0.096087155,0.005833811,0.351490423,0.28112663,0.245944734,0.173595862,0.085769586,0.035703887,0.14831098,0.17952879,0.076817939,0.09220005,0.033608911,0,0.09993676,763.6602,647.1643,,,0.4507103,4,2
54,Tsholotsho,2011,0.670901056,0.456605633,0.306337198,0.167778824,0.138367936,0.155723667,0.079307617,0.027399728,0.021430569,0.022893276,0.018711274,0.396545772,0.198272886,0.198272886,0.208841196,0.104420598,0.104420598,0,0.610028449,0.531350875,0.492012088,0.355219797,0.153909638,0.056851058,0.274512279,0.331307362,0.069756595,0.282899031,0.011761252,0,0.192177433,665.8286,585.0959,,,0.4961647,1,3
55,Umguza,2011,0.67594997,0.47378642,0.320255916,0.187828452,0.150906843,0.210887829,0.122406572,0.056789795,0.026802401,0.031227739,0.026909706,0.426448203,0.213224102,0.213224102,0.134226544,0.067113272,0.067113272,0.00589974,0.57267188,0.494072341,0.454772572,0.421759323,0.245125137,0.111195863,0.242572214,0.298801199,0.134467525,0.2014538,0.100810223,0,0.265630319,706.2709,604.6187,,,0.5285311,5,1
56,Umzingwane,2011,0.656183049,0.476659716,0.312776024,0.186271646,0.155464627,0.235717751,0.128923312,0.05192208,0.027020946,0.031248353,0.025967703,0.361041951,0.180520975,0.180520975,0.280421565,0.140210783,0.140210783,0,0.588856199,0.482282836,0.428996154,0.264689359,0.158509073,0.086706238,0.261213891,0.298616459,0.143432177,0.164391214,0.108981908,0,0.236988819,638.4693,577.3517,,,0.5081328,3,2
57,Uzumba Maramba Pfungwe (UMP),2011,0.611053136,0.468951402,0.286554222,0.161305785,0.131904371,0.171268468,0.097499986,0.044055349,0.031557369,0.040330647,0.037086432,0.378742577,0.189371289,0.189371289,0.221225612,0.110612806,0.110612806,0,0.547023402,0.439631569,0.385935653,0.33544243,0.13387642,0.049846887,0.239127593,0.302945305,0.173380412,0.141466091,0.028962284,0,0.151123585,809.5172,739.4017,,,0.4872032,3,2
58,Zaka,2011,0.684238087,0.457532647,0.313061263,0.183233179,0.146529289,0.155150197,0.084633336,0.034016292,0.014429922,0.014793478,0.011914541,0.284869998,0.142434999,0.142434999,0.221370651,0.110685326,0.110685326,0.007241962,0.646267712,0.529725014,0.471453665,0.332307442,0.174128707,0.080005042,0.264988208,0.340700639,0.275446805,0.254835659,0.022635615,0,0.15383719,643.0352,495.0749,,,0.4791624,1,3
59,Zvimba,2011,0.569659153,0.482102158,0.274633906,0.158360939,0.130341867,0.222023261,0.127388346,0.055725861,0.019140508,0.026088675,0.024741455,0.353821721,0.176910861,0.176910861,0.227225242,0.113612621,0.113612621,0.001034812,0.380529019,0.292748247,0.248857862,0.266376311,0.126580804,0.05429508,0.194399302,0.265210339,0.131145766,0.097852914,0.157207712,0,0.293055199,880.3896,727.3071,,,0.5443537,1,2
60,Zvishavane,2011,0.66473688,0.468404538,0.311365769,0.182552934,0.153156134,0.165305164,0.086049703,0.032080355,0.044037008,0.052422876,0.046388046,0.362592668,0.181296334,0.181296334,0.275279484,0.137639742,0.137639742,0,0.610874694,0.533560129,0.494902846,0.347321361,0.134073174,0.043089401,0.250613386,0.309681227,0.179911281,0.170998623,0.044833603,0,0.196526321,680.76,612.7085,,,0.4607954,1,3
