"District","Year","AveragePRECIP","MaxPRECIP","MinPRECIP"
"Beitbridge","2000",23.9591452044757,72.9502997350751,0.0511901206538467
"Beitbridge","2001",37.3506563683622,147.277946246488,0.0585821495918242
"Beitbridge","2002",13.2018157322102,39.1383568182734,0.897495078542707
"Beitbridge","2003",23.6933566995066,70.3758335941562,0.397467745834169
"Beitbridge","2004",35.6301637999006,148.057575555292,0.418268698989069
"Beitbridge","2005",16.4293008112994,72.6252240810909,0.416358507529916
"Beitbridge","2006",33.2241039542647,104.423642094053,0.0046454109109453
"Beitbridge","2007",34.6015575920069,139.048438928642,0.356195545481451
"Beitbridge","2008",22.5306039721615,136.198056881802,0.503826701746219
"Beitbridge","2009",27.4328114709179,98.9886394752299,0.309324311154755
"Beitbridge","2010",26.6023772237966,91.8749885840743,0.0894805043412192
"Beitbridge","2011",26.9533014474866,118.057810909316,0.40501377535486
"Beitbridge","2012",13.6320314738351,53.8216000700406,0.0597082006563427
"Beitbridge","2013",38.9309272152306,233.950145559451,0.146255912414199
"Beitbridge","2014",35.3971423842482,113.5741061182,0.212069983527537
"Beitbridge","2015",15.0225319878135,42.29264607187,0.00391171613948833
"Beitbridge","2016",22.8074066388843,95.631375696963,0.119691930086507
"Beitbridge","2017",29.6828816324332,110.053154606387,0.308362096203856
"Beitbridge","2018",24.1443730985986,125.364011226039,0.681859749707869
"Beitbridge","2019",18.8325059107373,84.3359417868888,0.00403262868681386
"Bikita","2000",16.7849187700463,41.2748999972554,0.92970343654537
"Bikita","2001",29.2395119426904,115.061366662325,0.204442044511747
"Bikita","2002",11.2415918554704,27.0723814341952,1.60184982402396
"Bikita","2003",18.7441305252865,79.7583516352317,0.500676613918611
"Bikita","2004",20.0864562824909,57.4997904971534,3.26028201600865
"Bikita","2005",13.1475289146551,81.3677090956884,0.1068092110359
"Bikita","2006",15.9359332368238,44.6443423783078,0.0472324053785568
"Bikita","2007",23.8999901848751,119.691747731321,0.780014499304268
"Bikita","2008",14.1150423097046,71.359721937951,0.466755809540422
"Bikita","2009",12.0929975792878,37.123593102191,0.504851435660841
"Bikita","2010",16.6339167889869,48.7614398173258,0.01772003567033
"Bikita","2011",16.8251551251615,64.8771179391473,0.036129268131438
"Bikita","2012",8.88179406239143,21.3196889388795,2.64530632871445e-05
"Bikita","2013",17.8240049498431,76.4365107987441,0.352417896594667
"Bikita","2014",22.5573534200973,75.0023673397653,0.26605267028362
"Bikita","2015",9.57949842524656,29.5913388078411,0.0290803130016515
"Bikita","2016",14.3704472164139,56.5553463878585,0.216311164551046
"Bikita","2017",23.0085581017225,79.0233247329207,0.12766665121941
"Bikita","2018",14.2247748711597,87.6689100160318,0.0473014680110032
"Bikita","2019",10.9662107987702,41.0446133128568,0.000455965346961474
"Bindura","2000",9.58832011137714,30.2630648497273,0.0389626029777847
"Bindura","2001",12.668031978537,49.0650502750686,0.00264095773221496
"Bindura","2002",5.62538369819258,15.4090483575475,0.0332906261125269
"Bindura","2003",7.98674770715332,22.8132074719551,0.0216080608898968
"Bindura","2004",10.3759529349736,33.6739296195554,0.0121651646510073
"Bindura","2005",7.97163945095164,32.786182897348,0.00432487144117105
"Bindura","2006",8.71866811238439,26.8623076996383,0.00329202567797848
"Bindura","2007",10.4792470696563,36.3351727961325,0.0110149626386855
"Bindura","2008",10.0591917543971,38.3603781085388,0.00883607123193774
"Bindura","2009",7.92716222177014,27.7662493345784,0.156258074249433
"Bindura","2010",8.3605552652306,24.3191990290787,4.15109434934315e-05
"Bindura","2011",9.8776819225333,36.932971275554,0
"Bindura","2012",8.30802152436236,28.9075550192127,0
"Bindura","2013",9.93282766513991,34.4608561960505,0.0010075207457703
"Bindura","2014",9.90242193462037,35.714560653766,0.00625926271719329
"Bindura","2015",8.06336698378731,37.6762369416508,0
"Bindura","2016",7.8761377068676,28.6528821500493,0
"Bindura","2017",10.5093421117407,47.5829916346307,0
"Bindura","2018",7.63756373268678,39.9538129885991,0.000290778989095569
"Bindura","2019",7.35538047561477,27.3550381753959,0.0221724257636108
"Binga","2000",39.4422537097103,111.15315175296,0.0683974599329125
"Binga","2001",61.7090542898605,351.898485275694,0.269741082154716
"Binga","2002",35.7858798054095,100.450667201684,0.200136127621662
"Binga","2003",39.4179140278367,111.097644613303,0.0649783260235541
"Binga","2004",48.5259741000557,144.431475690241,0.0610050792106289
"Binga","2005",33.3291800590679,162.887763634324,0.026733613539647
"Binga","2006",54.8383728466131,190.013308487219,0.12039672814517
"Binga","2007",47.9639970463771,194.80125945304,0.239956079888832
"Binga","2008",67.1023965818026,262.484597371022,0.391505344172694
"Binga","2009",39.9497297320606,94.1643802157804,0.639085691268009
"Binga","2010",53.4011914846201,156.48199108243,0.338027374103794
"Binga","2011",50.2558218495549,148.705708707606,0.287827933215856
"Binga","2012",45.5252941994352,133.896931391604,0.134224447478739
"Binga","2013",54.5558773760549,194.970639661948,0.114389992596607
"Binga","2014",48.2985064044393,177.200038605695,0.0560798955428004
"Binga","2015",30.361210577227,107.516377110692,0.030191233084506
"Binga","2016",36.5350683450817,127.272256545693,0.089084936826354
"Binga","2017",56.2076297545025,194.250842179504,0.112852217307527
"Binga","2018",49.5555522876811,231.095936734127,0.0830151289596745
"Binga","2019",36.3836589649825,95.0298748407002,0.0936869047018905
"Bubi","2000",16.3119910221212,55.9065818104674,0.0321770984383999
"Bubi","2001",24.2081708776536,103.741297970215,0.0925931819710896
"Bubi","2002",10.0038672392761,38.8949230556687,0.0519206183757014
"Bubi","2003",14.2241701943398,43.5599836281117,0.0303439128662465
"Bubi","2004",16.7532545037403,48.2077672627627,0.0203459019108314
"Bubi","2005",16.7384020803906,78.298981914567,0.0146519274529661
"Bubi","2006",21.9143012571454,64.4164125945054,0.0100294894264023
"Bubi","2007",16.1019880650785,72.390411458179,0.0261065958954621
"Bubi","2008",20.8573967963311,85.1595550114033,0.0140791022967189
"Bubi","2009",20.7372555842919,67.7296689050454,0.000918209577296283
"Bubi","2010",16.4158551900356,47.1893238506481,0.00351719517830311
"Bubi","2011",19.2484389624851,89.5048559627113,0.000287656068501426
"Bubi","2012",13.5545138297141,47.0821785695413,0.000466382432572501
"Bubi","2013",16.0394868752694,76.7091968434698,0.000309867599428924
"Bubi","2014",20.5831990077537,70.0069629676786,2.61217872802637e-06
"Bubi","2015",11.9943588828669,30.0734904595158,0.0017601131974801
"Bubi","2016",15.8492568825527,44.7794112276213,0.0264268889007023
"Bubi","2017",23.6239415060186,92.9771497588532,0.00333241255272304
"Bubi","2018",15.7465052212166,76.8191948146797,0
"Bubi","2019",12.1015495523557,43.2600379956411,0.0240999723720283
"Buhera","2000",19.7825807714438,42.4579271569556,3.67136580489494
"Buhera","2001",32.8500974076347,124.9781005171,0.0694200448818176
"Buhera","2002",13.4663575262134,34.1576356987158,3.00974629750913
"Buhera","2003",19.2607401422648,66.7281414340524,0.750034255954333
"Buhera","2004",24.4586887413082,70.1198557289207,3.08631323134417
"Buhera","2005",17.1756874460388,113.455497629035,0.0128936715538996
"Buhera","2006",16.2114015249263,51.2566855672528,0.0385046535595143
"Buhera","2007",26.1365590360884,126.321612906222,0.82010959653411
"Buhera","2008",14.7855936859058,55.0079645596299,0.207481897274738
"Buhera","2009",14.4157196418057,33.6895051926082,0.417541170986506
"Buhera","2010",17.7867544228984,58.5729931511715,0.048607429777336
"Buhera","2011",19.8405547590551,81.9613467107801,0.0487654367675518
"Buhera","2012",11.389446397353,36.338053344044,0.000323023807618037
"Buhera","2013",19.9289515919633,77.291487374259,0.0159336286012951
"Buhera","2014",21.5866580914993,81.5267631600885,0.0189055595943822
"Buhera","2015",12.4727188196346,46.6385538242903,0.00157328172049436
"Buhera","2016",15.8754990055852,60.4919360735253,0.00388638155463566
"Buhera","2017",23.7757926058498,77.9082019449449,0.0583486162725261
"Buhera","2018",15.7746103468559,100.810652009295,0.0178197984135848
"Buhera","2019",12.4187594148632,43.7805460741999,0.0021911122695504
"Bulawayo","2000",1.3228463357125,3.92504938776587,0.0039695346189261
"Bulawayo","2001",1.77478978951218,8.03805841978859,0.00754513436889586
"Bulawayo","2002",0.779132695270071,2.79004738511992,0.00614733831836002
"Bulawayo","2003",1.05720203818492,3.13211448128317,0.00680230790258421
"Bulawayo","2004",1.35788552345581,4.08378212761645,0.000855151017372811
"Bulawayo","2005",1.22277849533503,5.40870695301131,0.000192167405825161
"Bulawayo","2006",1.78187016955843,5.60540781500293,0.000569918198781285
"Bulawayo","2007",1.34810059999502,5.89024033897063,0.00198220993121389
"Bulawayo","2008",1.26520322665914,5.03167064926204,0.000353572185307641
"Bulawayo","2009",1.79985888591389,4.82721588588228,0.00456674067319516
"Bulawayo","2010",1.42335638871976,4.46400344886032,0
"Bulawayo","2011",1.55909088213802,5.56536344009287,0
"Bulawayo","2012",0.908390548319976,2.92563042366037,1.23696571799704e-05
"Bulawayo","2013",1.29422486157127,5.70522415357477,0
"Bulawayo","2014",1.68620968063366,6.30487976214465,1.91890410896318e-06
"Bulawayo","2015",0.903000046131271,2.38782099631487,0
"Bulawayo","2016",1.12541499385975,3.54397370026392,0.00195154817229908
"Bulawayo","2017",1.93924954471321,7.94003946687661,0
"Bulawayo","2018",1.1734148072246,4.82340240256459,0
"Bulawayo","2019",0.786589059267235,2.65846504896295,0.0012263798071859
"Bulilima (North)","2000",15.4151291078394,42.7724382500438,0.110213631219299
"Bulilima (North)","2001",22.8134589447152,88.7485855725466,0.301417206887238
"Bulilima (North)","2002",11.0624066874462,37.3493711103119,0.257845584150431
"Bulilima (North)","2003",14.996881740153,38.7591312221744,0.0373759244300862
"Bulilima (North)","2004",20.6280150652375,67.8172503089788,0.040622132836592
"Bulilima (North)","2005",17.3976213952487,72.3254738939159,0.00607932351762268
"Bulilima (North)","2006",25.3556862114763,81.5294149298294,0.0423478208707856
"Bulilima (North)","2007",18.577103147101,75.954693017228,0.0456476940549656
"Bulilima (North)","2008",19.3280576884618,81.3352080536239,0.0342556901909584
"Bulilima (North)","2009",23.1117894351011,70.3269939947946,0.0918843011051078
"Bulilima (North)","2010",18.8963921867078,48.4026738517425,0.000149539191036584
"Bulilima (North)","2011",20.9016990575947,74.2937595367432,0.00657346948630541
"Bulilima (North)","2012",13.7077284374493,52.418939078906,0.000704450015437746
"Bulilima (North)","2013",17.011641962568,73.7134880612878,0.00446920272010103
"Bulilima (North)","2014",22.4163672748094,68.6248445681497,0.00446016046855808
"Bulilima (North)","2015",11.749114197216,31.6819254843336,0.0015857248578886
"Bulilima (North)","2016",16.1434045983173,53.9553752935985,0.0212361825990157
"Bulilima (North)","2017",24.5803368386074,93.9838734917781,0
"Bulilima (North)","2018",17.3094537567756,84.2851397149119,4.37380103725374e-07
"Bulilima (North)","2019",12.6548593504638,66.2484673914956,0.0255069622611022
"Centenary","2000",13.475586123909,51.5189478790643,0.133384733734534
"Centenary","2001",21.1909812651756,76.8078242652556,0.126883179205256
"Centenary","2002",9.72418952687074,32.155095468666,0.0213051671480499
"Centenary","2003",14.6942264320529,59.0726260548129,0.0940294298404422
"Centenary","2004",18.3904168967567,60.2398294303932,0.0163169371516286
"Centenary","2005",12.367171566566,49.2801050005006,0.00476249462711826
"Centenary","2006",15.3865445792499,48.8638057853661,0.00797318787790929
"Centenary","2007",20.2556736160928,75.1647950731071,0.0146600903008862
"Centenary","2008",19.1974775497747,105.167594024247,0.0190035212359148
"Centenary","2009",13.274374195207,52.7613935020625,0.00485658729545927
"Centenary","2010",15.5342152962271,65.2843632830124,0
"Centenary","2011",13.7705410380693,64.4735632750333,0
"Centenary","2012",13.0288298111047,45.1738943174773,0
"Centenary","2013",15.9558700936639,68.1463836383586,2.28410392831874e-05
"Centenary","2014",16.4363039505432,65.398105557409,0
"Centenary","2015",15.6308444332049,85.4308362580982,0
"Centenary","2016",12.4640492972614,45.4104079989826,0
"Centenary","2017",18.8270008844401,71.8015816024705,0
"Centenary","2018",14.9849900465301,78.3684984591662,0
"Centenary","2019",13.6208672221183,41.7538701880212,0.00712713961513466
"Chegutu","2000",20.0280210778439,53.9074953128894,0.0549955446568977
"Chegutu","2001",28.5309525732048,138.674086159818,0.0149660676275744
"Chegutu","2002",11.7727887643782,28.470453557226,0.0228918244119782
"Chegutu","2003",17.0441315986128,46.2561613452201,0.0116478810365259
"Chegutu","2004",21.6023080635117,69.0474388228912,0.0169881556639666
"Chegutu","2005",17.7890691164154,70.5582393479114,0.00577282893028656
"Chegutu","2006",17.7233333841003,62.5881720885342,0.0191218413636485
"Chegutu","2007",22.1416702362881,90.6434447961111,0.0250585320138306
"Chegutu","2008",22.0682279476811,95.0020694258166,0.0170171104562363
"Chegutu","2009",19.5067486956254,53.5032821944531,0.0321641018839371
"Chegutu","2010",18.1676743044485,53.4689943022588,0.00245028825196213
"Chegutu","2011",23.8885788422276,95.8129832389308,6.26958068346093e-05
"Chegutu","2012",17.5767846842358,71.8205433722804,0.00213900301666096
"Chegutu","2013",22.7110222703176,88.1207876370233,0.00214152470403753
"Chegutu","2014",20.658658068769,74.3672290551896,0.0047771383498448
"Chegutu","2015",16.2623200759372,49.858853231049,3.41984344445604e-06
"Chegutu","2016",18.9206445751375,68.343041543984,0
"Chegutu","2017",21.002485208657,80.3271299856551,0.0208316134617894
"Chegutu","2018",20.3448253586512,109.468462914462,0
"Chegutu","2019",13.0745231188259,58.2396611739608,0.0193230845225223
"Chikomba","2000",21.7560025516487,46.4645021485932,0.50399814720988
"Chikomba","2001",34.3743319636851,142.683226691391,0.0561605157981188
"Chikomba","2002",14.726873711289,42.9728708361294,0.512372983113449
"Chikomba","2003",21.6799295960951,75.6330255458168,0.141350523527331
"Chikomba","2004",29.4539957203174,98.3408114741831,0.330922367684965
"Chikomba","2005",22.6976985947645,121.862897401113,0.0205227492577643
"Chikomba","2006",22.7565271519846,82.4087293991855,0.0529061480513929
"Chikomba","2007",28.2958848143166,157.999873540448,0.16392617847068
"Chikomba","2008",20.7175326829114,106.12613295042,0.0444356559008941
"Chikomba","2009",19.7689601212174,49.6300491864775,0.108939046858965
"Chikomba","2010",23.7259248091368,65.6980712501442,0.0202011707808268
"Chikomba","2011",26.9660655458276,129.829192691223,0.013000127327032
"Chikomba","2012",16.0192134969465,54.0971939303711,0.00429229394398063
"Chikomba","2013",23.6391657342307,93.5408156962955,0.0257565999360796
"Chikomba","2014",27.1879148364815,108.738656501443,0.0209213642793995
"Chikomba","2015",18.5103756287688,52.2179212311319,0.0033582803189989
"Chikomba","2016",20.5770753406395,87.7509205322639,0.0208354129674833
"Chikomba","2017",27.4306466354379,101.052120586587,0.0475753061661689
"Chikomba","2018",24.1505495706176,148.01885446088,0.0158460774918614
"Chikomba","2019",14.3090917176008,50.4701936343137,0.00227592133474079
"Chimanimani","2000",14.0769948888084,45.9241035598166,0.348838356864072
"Chimanimani","2001",23.8736817315438,97.2971256625419,0.0638514398095568
"Chimanimani","2002",9.64252998796246,17.8673486059203,1.23168817699211
"Chimanimani","2003",11.2477074096884,41.6882441743916,0.103495499212181
"Chimanimani","2004",16.1176785314733,50.0923026388767,0.77047194678099
"Chimanimani","2005",9.88982715068224,58.5365770674219,0.0321439217364041
"Chimanimani","2006",10.3096553623218,37.9540539672562,0.0219721495972836
"Chimanimani","2007",18.2036692310562,76.0189306083847,0.153631285395571
"Chimanimani","2008",12.2903519756127,57.1162966079572,0.111443479161358
"Chimanimani","2009",11.3009589744114,28.5131617657694,0.411477266504046
"Chimanimani","2010",12.6210044944543,37.3609533300587,0.0159119775200488
"Chimanimani","2011",12.3317012135553,55.8272657173522,0.114095975469236
"Chimanimani","2012",8.62575987939129,18.5505836085654,0.00033661666743237
"Chimanimani","2013",15.1949697633661,61.9836290938013,0.11801705685665
"Chimanimani","2014",15.799435879086,59.0522251282253,0.110862436339684
"Chimanimani","2015",6.77077307395011,20.8152293606716,9.65131855670787e-06
"Chimanimani","2016",11.3828825176902,31.8523824537502,0.00756729683008755
"Chimanimani","2017",18.8731083756683,62.6599659375116,0.0690182367542886
"Chimanimani","2018",11.3489874617479,66.0832767860562,0.026838375396776
"Chimanimani","2019",9.55316273377989,29.5702542004048,0.0103013821610469
"Chipinge","2000",19.9156787845568,62.2986940688946,0.678136771613293
"Chipinge","2001",34.8517912098529,145.570698557765,0.156809538777794
"Chipinge","2002",12.8956402042679,26.6759314523608,0.695766249015087
"Chipinge","2003",18.6487309928192,77.2932095531155,0.166064723315032
"Chipinge","2004",21.3042191168554,64.1869379186163,1.09810850572973
"Chipinge","2005",10.8203032227045,55.5140133065336,0.0271058839466872
"Chipinge","2006",17.785772569003,53.4391575607015,0.0211450697047671
"Chipinge","2007",24.9583335515211,108.986304145116,0.383541453650048
"Chipinge","2008",16.9521249141425,97.4796065835392,0.41132357582717
"Chipinge","2009",16.1040307690057,45.3829771305124,0.665059867954138
"Chipinge","2010",17.9683260566447,55.5440567978457,0.00319888946727516
"Chipinge","2011",16.1789975214752,65.4144756405961,0.0323227580027842
"Chipinge","2012",11.7134483575837,26.7542572871727,1.94742817827729e-05
"Chipinge","2013",19.8333546452417,89.8191011594791,0.581884915004462
"Chipinge","2014",23.5322715243549,73.3478531837464,0.25912838780958
"Chipinge","2015",9.71565634051609,26.8894220130408,0
"Chipinge","2016",15.7129184618439,59.3310244705747,0.000348861630610533
"Chipinge","2017",26.2755639247291,97.5904654515725,0.0984714529303578
"Chipinge","2018",16.1406018179823,93.1357717653115,0.054842197061368
"Chipinge","2019",11.0302458472869,34.1330330631312,0.025044861134209
"Chiredzi","2000",47.7711980499616,116.523779188637,1.72481017404577
"Chiredzi","2001",68.7640617507271,264.464789573936,0.852085363851488
"Chiredzi","2002",26.4207729035659,69.1996482764389,2.34487146370423
"Chiredzi","2003",56.6670641009297,230.758141550393,1.10615347991869
"Chiredzi","2004",54.9174153731677,169.441919746761,2.12935534765456
"Chiredzi","2005",28.5609323404745,150.044974429788,0.276545794094173
"Chiredzi","2006",48.1821024570158,125.573752656638,0.197639030789105
"Chiredzi","2007",67.1648152039083,308.217623699763,0.904485827000801
"Chiredzi","2008",36.2148973703272,207.726544936907,0.370663963627819
"Chiredzi","2009",39.8896327446997,114.5645857896,1.10299765111233
"Chiredzi","2010",52.6991990426018,170.631148050287,0.197333965606944
"Chiredzi","2011",43.2540194801377,187.177274293175,0.19809828471502
"Chiredzi","2012",22.9363225551794,61.0036183450736,0.000185533252956435
"Chiredzi","2013",53.3971718125163,312.51493883764,1.15181645474022
"Chiredzi","2014",61.966997872402,207.050662864248,0.849018604953672
"Chiredzi","2015",22.51500431772,60.3938584083582,0.0537509671591026
"Chiredzi","2016",36.7214126999822,164.71703519266,0.380308227090166
"Chiredzi","2017",60.3523887210833,189.800190001551,0.903858026254502
"Chiredzi","2018",40.6482100409971,232.662895948396,0.405191489375098
"Chiredzi","2019",23.6263740446377,81.4803836016679,0.0362148395082092
"Chirumhanzu","2000",12.6773586312663,34.5307511721172,0.189011822998416
"Chirumhanzu","2001",24.4956047471579,92.1841242631276,0.0518801447290267
"Chirumhanzu","2002",10.1276540777947,32.4499910885213,0.23350780149625
"Chirumhanzu","2003",17.7253584462527,64.3068798820178,0.169731250827488
"Chirumhanzu","2004",20.5385444185716,55.8901881171208,0.235363049951254
"Chirumhanzu","2005",17.4743745969869,91.0032085234044,0.129772705659693
"Chirumhanzu","2006",15.7166080418239,54.895595795968,0.129099122087549
"Chirumhanzu","2007",19.023365171119,104.988775466236,0.104521167616807
"Chirumhanzu","2008",15.4503246839583,75.3961517384239,0.0250549648873857
"Chirumhanzu","2009",14.3439442037398,38.9391394087497,0.0630351602077865
"Chirumhanzu","2010",16.2524170823494,46.6457212316055,0.166858348096995
"Chirumhanzu","2011",19.0409519802952,100.349074401341,0.00355681678803532
"Chirumhanzu","2012",11.5989124202131,39.5132153183806,0.000897726200791487
"Chirumhanzu","2013",15.6028552297268,59.4279109929122,0.147950942478572
"Chirumhanzu","2014",19.6235281725747,74.129980751463,0.000251856328673859
"Chirumhanzu","2015",11.0881770296063,25.5505444988316,0
"Chirumhanzu","2016",14.1007995265908,52.5005483802627,0.0542756940012195
"Chirumhanzu","2017",18.380276549749,67.4456536260306,0.0646992487536159
"Chirumhanzu","2018",16.0538364250219,91.2326384878626,0.00232750246867391
"Chirumhanzu","2019",8.23977152063617,34.689681586331,0
"Chivi","2000",8.38580774111313,23.9235918175356,0.247762206661077
"Chivi","2001",15.4233086313858,59.9849029085215,0.31003237725966
"Chivi","2002",5.98083219576263,20.3925787440702,0.349693602680996
"Chivi","2003",13.1966219643463,63.4201115820922,0.254283023327041
"Chivi","2004",11.9156113439139,32.5112052158982,0.479372852199309
"Chivi","2005",10.5527398056491,58.0773316925647,0.0353135890412993
"Chivi","2006",12.3300673999288,33.1878930051537,0.222150570251888
"Chivi","2007",12.489557160515,66.8958143491371,0.180705189482793
"Chivi","2008",7.226411601725,32.5286960244763,0.140595305626116
"Chivi","2009",8.39803219813834,22.7030388874458,0.210951687206341
"Chivi","2010",10.9843321090092,31.5398384678597,0.19054888460041
"Chivi","2011",10.7726357321883,55.8333990760878,0
"Chivi","2012",5.75844753797562,17.8672499629505,0.0792410828398858
"Chivi","2013",9.83669273624725,43.6621872035896,0.359560544912101
"Chivi","2014",13.5185316586295,45.1760826535085,0.11512048549941
"Chivi","2015",5.06946559499527,13.0745304869963,0.02148050156176
"Chivi","2016",8.48000739116206,34.7145448663071,0.131045032209744
"Chivi","2017",12.4665907251566,42.6551270377987,0.371613543030495
"Chivi","2018",10.0693137061807,58.9572598913137,0.0223878166271949
"Chivi","2019",6.08421701997373,23.7969565558375,0
"Gokwe North","2000",22.9632176323167,69.2400514739401,0.26414073262633
"Gokwe North","2001",35.273250078457,188.813232220622,0.122058209878228
"Gokwe North","2002",21.8269931806353,62.0983080924142,0.0333318602605383
"Gokwe North","2003",24.6153273735348,69.2475455807704,0.055231513326262
"Gokwe North","2004",31.4408952263706,104.647412390686,0.00743844940178343
"Gokwe North","2005",22.2993316579149,99.5561029004116,0.0520248916456801
"Gokwe North","2006",34.3647275606373,114.754247555896,0.0122447901217017
"Gokwe North","2007",31.4064343783532,119.124871038806,0.0149358693599576
"Gokwe North","2008",35.5582725924937,157.29880629626,0.00536853560691929
"Gokwe North","2009",26.6570456673766,76.3065063190811,0.0241100067688225
"Gokwe North","2010",25.2787672422952,69.6552794256047,0.00529743539883901
"Gokwe North","2011",30.4147436377993,97.5328829815575,1.77231091476963e-05
"Gokwe North","2012",27.2211508126972,89.2991678687287,0.0136627929158918
"Gokwe North","2013",29.7420136656245,119.084501328071,0.0575741790969772
"Gokwe North","2014",27.4749008423157,96.7979935140002,0.0205800388529871
"Gokwe North","2015",22.061153716611,68.7949298791441,7.22763295069693e-07
"Gokwe North","2016",24.6925458862341,78.2455208776044,0.0440755298129493
"Gokwe North","2017",32.0489309000714,118.130274803849,0.0283058764116825
"Gokwe North","2018",30.0773775565126,170.981283607787,0.00508643026051668
"Gokwe North","2019",18.6277018489173,58.5299830064178,0.0800569090266329
"Gokwe South","2000",34.7029830973772,105.027185116854,0.309968309760477
"Gokwe South","2001",51.3397648678097,282.84585744575,0.0867071581033944
"Gokwe South","2002",30.9082084979755,104.715496505008,0.177878485152977
"Gokwe South","2003",29.6726001703961,88.7254400703544,0.0075176960316314
"Gokwe South","2004",43.5894594976661,150.915820856188,0.0358383414034239
"Gokwe South","2005",30.6375488400032,133.689450776694,0.036308339186471
"Gokwe South","2006",55.2100462707945,190.797831195242,0.0347117742019067
"Gokwe South","2007",37.7696368352679,147.760326385615,0.0343760082845513
"Gokwe South","2008",48.0447600342958,208.509159561349,0.0115052295829075
"Gokwe South","2009",40.3269263173889,126.331022694999,0.297342944707877
"Gokwe South","2010",37.2243879330778,99.290883568163,0.00013103896906293
"Gokwe South","2011",45.0133995321708,166.059144242897,6.00373596171266e-08
"Gokwe South","2012",40.3701245122845,143.344127031284,0.000143347831979055
"Gokwe South","2013",45.4114853960769,206.422654798452,0.0016469497030045
"Gokwe South","2014",39.5672540233019,126.914376614842,0.0169791151708684
"Gokwe South","2015",29.335374164538,76.8228605202893,0.0051983591542618
"Gokwe South","2016",34.4002965221394,114.195200739772,0.0102987788028437
"Gokwe South","2017",45.4589649071807,187.892988601385,0.00521460507058209
"Gokwe South","2018",35.3377155949156,166.381065322137,7.64869208283284e-07
"Gokwe South","2019",26.5466406832068,91.6375816243829,0.0972763265707352
"Goromonzi","2000",11.0242577682685,29.7240716671242,0.0948164536068147
"Goromonzi","2001",14.2779417938861,58.0726726644179,0.00332438383202494
"Goromonzi","2002",6.08599308931656,13.9597243403395,0.151501546531012
"Goromonzi","2003",8.44458367957594,25.0190925823707,0.0320309842142046
"Goromonzi","2004",11.8405814163689,39.1673712257077,0.0112635750437524
"Goromonzi","2005",9.05949124348075,36.9426940720455,0.0142640175882215
"Goromonzi","2006",9.43724525577597,29.3854464902597,0.0276782116602286
"Goromonzi","2007",11.6349246145284,38.5427728670485,0.0878727708933202
"Goromonzi","2008",10.8441573442382,41.6006548686355,0.0815256582264042
"Goromonzi","2009",8.5206419030302,22.7169456383761,0.22557525902772
"Goromonzi","2010",9.12026740294185,23.0658492402119,0.0188904981481256
"Goromonzi","2011",12.05248378011,39.5802789587601,0.00583733921760308
"Goromonzi","2012",8.6169771239527,31.2756660514018,0.000443264471420537
"Goromonzi","2013",10.6940966864397,38.8241103469157,0.00976422156650098
"Goromonzi","2014",11.5778572912241,42.2239602674456,0.00724462996031969
"Goromonzi","2015",8.29101151260119,30.0924970609885,0
"Goromonzi","2016",9.0388233092934,35.3290882823514,4.38212697975127e-05
"Goromonzi","2017",11.9481241033191,50.1436340822893,0.0224775261079605
"Goromonzi","2018",9.12898248182625,44.2291160826589,0.002303581296149
"Goromonzi","2019",6.17687434614609,20.102937209314,0.0212370575833084
"Guruve","2000",21.0000145687757,65.8864936365801,0.133245072410985
"Guruve","2001",39.5482737619338,158.776413650606,0.112023902582105
"Guruve","2002",20.040832470211,54.3820286532827,0.00753246527652378
"Guruve","2003",27.847142038423,85.3325091316419,0.0905770080595104
"Guruve","2004",31.8328151916824,100.193956883281,0.0175019890613411
"Guruve","2005",23.5285485392892,99.8996222489021,0.0304933337983825
"Guruve","2006",29.5218118588046,105.868912883366,0.018634211363714
"Guruve","2007",36.9783115499313,127.101450994903,0.00769690886783756
"Guruve","2008",32.6227444476608,162.246169099621,0.0222859173492907
"Guruve","2009",24.4645588466753,80.2487105946915,0.00423037370455323
"Guruve","2010",28.8970157045992,118.906566304436,0.00155620749634787
"Guruve","2011",24.3027450611861,109.832397840888,0
"Guruve","2012",24.6400627987245,79.3057988793827,0
"Guruve","2013",30.0764362502505,133.954688056427,6.30857032079161e-05
"Guruve","2014",29.6760081549799,122.202273778588,0
"Guruve","2015",28.3944948116883,140.786479513201,0
"Guruve","2016",22.9656850341854,79.8286756960785,0
"Guruve","2017",32.454469261593,124.690247397563,0
"Guruve","2018",24.9861363172529,127.6605978441,0.00140880662776694
"Guruve","2019",20.2761214325122,72.9107554799786,0.0344823382392326
"Gutu","2000",19.8535959305157,42.4300709838084,1.17331359497792
"Gutu","2001",37.9905718570127,144.360603540318,0.0754763678546856
"Gutu","2002",16.0143862749419,45.2285694851595,1.59784742936529
"Gutu","2003",26.705112069267,102.956051962282,0.310234834193412
"Gutu","2004",29.2619934482401,86.3573912811046,2.58379829823788
"Gutu","2005",23.5721149422484,155.998823094017,0.0547864230188447
"Gutu","2006",23.5379791234706,77.7661161170286,0.0596476974012237
"Gutu","2007",31.6196073207051,171.339261450954,0.286243940536309
"Gutu","2008",19.7385571807309,84.1497728971874,0.0497377715432937
"Gutu","2009",19.5194200144408,57.1073341925354,0.191775948382622
"Gutu","2010",23.8440067812922,71.1528013272613,0.0752124117232454
"Gutu","2011",25.840976624918,118.478073935065,0.01503265784055
"Gutu","2012",14.0248151608916,49.7457767592926,0.0289036893189868
"Gutu","2013",23.2379090195635,93.5899504721164,0.0975602665970298
"Gutu","2014",28.0461802072008,102.016598399363,0.0417021470306887
"Gutu","2015",16.6205413848298,58.9011764365668,0.00192065773061781
"Gutu","2016",19.1474291466066,79.3796691131358,0.0258614554735722
"Gutu","2017",27.3701361251285,89.2340659481638,0.069424131447301
"Gutu","2018",20.2119027653221,120.815282631738,0.0190813250425123
"Gutu","2019",12.7394647860449,48.856627841849,0
"Gwanda","2000",19.5116677071584,58.9131782674614,0.0660901987468641
"Gwanda","2001",28.7121051894734,122.439500526412,0.102433497498646
"Gwanda","2002",10.7798869975609,38.7642812995057,0.213761260135429
"Gwanda","2003",17.8953422001139,53.4987748122975,0.0823302094277525
"Gwanda","2004",27.8128682841599,116.675376671202,0.195065421633783
"Gwanda","2005",17.9200543038639,75.6961551391612,0.00556049209676976
"Gwanda","2006",29.4323448286186,92.6151933166326,0.00474199812924156
"Gwanda","2007",25.3806326299817,104.774598121818,0.024511813962262
"Gwanda","2008",19.3665618718349,81.6884483431192,0.051958049594941
"Gwanda","2009",24.62480118596,84.221561554308,0.0425656603312567
"Gwanda","2010",26.3712832313902,86.003785077614,0.0725871776700361
"Gwanda","2011",26.2893250675573,107.321835719253,0.240877504609685
"Gwanda","2012",11.7744001168569,34.5595147099857,0.0400527987083782
"Gwanda","2013",27.3350700062656,111.13397308401,0.0360670240670747
"Gwanda","2014",32.9447160431699,100.551615654546,0.0572870954086284
"Gwanda","2015",14.9808006239125,36.748357729643,0.0192793939647149
"Gwanda","2016",22.1209481974837,87.9849288060385,0.0388540351828994
"Gwanda","2017",33.3670014127371,137.113882159018,0.144702764520565
"Gwanda","2018",24.4561304994063,129.691116873891,0.0752068192209199
"Gwanda","2019",14.9690444739887,50.0196891951941,0.0119271162129396
"Gweru","2000",17.3462146043357,56.9826966026835,0.169321281965206
"Gweru","2001",30.2980464605382,117.490972774403,0.189023025436372
"Gweru","2002",11.3445424853732,41.1491044342518,0.165134495294279
"Gweru","2003",19.5019712604514,54.3183061398128,0.205160264722323
"Gweru","2004",25.448063571384,66.7618052344112,0.0949711888929254
"Gweru","2005",21.8049327068034,103.847885793331,0.152443945285289
"Gweru","2006",22.7156524592062,63.9648513620391,0.093961724995147
"Gweru","2007",20.7359995475957,102.999298952257,0.145849677279144
"Gweru","2008",21.8300766124403,99.491427592904,0.0430610622298463
"Gweru","2009",21.3491548378722,64.4687690063434,0.00405110418664841
"Gweru","2010",20.0207887630016,62.4195214132468,0.0792540844032249
"Gweru","2011",23.8441281258349,129.707795103157,0.000277017419944505
"Gweru","2012",15.4446857245858,50.5061115299954,0.00358945464235433
"Gweru","2013",19.5330081273269,78.5361287498006,0.0179020978254152
"Gweru","2014",26.6809285951069,105.645705685545,6.5200640619878e-05
"Gweru","2015",13.7155924906431,37.201418504265,0.0231175177989772
"Gweru","2016",20.031712450805,67.476701752111,0.17154816236032
"Gweru","2017",26.877760068245,108.410131374761,0.0849356182486815
"Gweru","2018",18.4446664196978,90.427978175002,0
"Gweru","2019",12.0467586008433,45.8866429281001,0.00584761798824069
"Harare","2000",3.85147709129636,9.06448541149205,0.0196090892123631
"Harare","2001",5.09304990630728,22.6315020998319,0.00461070851012539
"Harare","2002",2.08863222904705,4.52378345143561,0.0490779521721004
"Harare","2003",2.89814142595055,8.22755918496964,0.00791015757391042
"Harare","2004",3.94612230712674,12.5599845271485,0.0058320718954372
"Harare","2005",3.19831091191947,13.8031250877708,0.0026317680287356
"Harare","2006",3.18249394433336,9.43220640157952,0.00515535658839023
"Harare","2007",4.01480514432405,13.6833577140874,0.031646983678722
"Harare","2008",3.81703765452877,14.0493300472989,0.0144099892920078
"Harare","2009",2.71202721893643,7.01890745338272,0.031402503366767
"Harare","2010",3.01865859815638,8.13187559883968,0.00233705609451349
"Harare","2011",4.25883069538984,13.5834157334823,0.000100463237864531
"Harare","2012",3.07763239856769,11.8635588347912,0
"Harare","2013",3.77272402546694,14.074933157832,0.00013028612342097
"Harare","2014",3.97889908534759,15.1451147398528,0.000905607427397199
"Harare","2015",2.94252279338096,10.4685023017374,0
"Harare","2016",3.20294359547773,11.8446408340744,0
"Harare","2017",3.9774889657736,16.8584780234917,0.00620577366304739
"Harare","2018",3.27238398693831,16.2145912317669,0
"Harare","2019",1.88926893224777,5.75988810085783,0.0051135475847724
"Hurungwe","2000",53.6789474977298,163.266593189333,0.177155805105967
"Hurungwe","2001",96.5416146569918,360.841920196893,0.194773874366337
"Hurungwe","2002",57.9917386821265,163.872437306479,0.110600745213039
"Hurungwe","2003",77.3054757384345,230.656575039672,0.118337983805734
"Hurungwe","2004",84.1536503730921,266.703330429629,0.0202054091349465
"Hurungwe","2005",64.2622401700719,241.424233154105,0.103230248040829
"Hurungwe","2006",72.6823602797939,227.309528644237,0.0913189271935037
"Hurungwe","2007",95.2363959842859,358.47678219863,0.0935110459178242
"Hurungwe","2008",91.6149211551585,344.169140336093,0.11296857137475
"Hurungwe","2009",68.4836520259716,203.796300091989,0.136059408617593
"Hurungwe","2010",78.1985692132736,243.136407947131,0.194749459441507
"Hurungwe","2011",66.8271839922836,270.769719619202,0.015473944272105
"Hurungwe","2012",70.5233078757477,201.601634410491,0.0778783652012291
"Hurungwe","2013",74.004495229899,295.244594022456,0.0169996516661794
"Hurungwe","2014",83.5168808841155,340.733114542797,0.0306515242198086
"Hurungwe","2015",64.9423261264923,240.891753531788,0.00405926360356662
"Hurungwe","2016",67.9051773316337,207.545327544738,0.000467979572496523
"Hurungwe","2017",83.5764147979826,278.100931635558,0.00281715285957176
"Hurungwe","2018",72.2345416407123,351.178237276334,0.0115914809596314
"Hurungwe","2019",49.2894851346845,172.186848506565,0.216196633556212
"Hwange","2000",71.0653756363224,216.466949792528,0.542258483655667
"Hwange","2001",109.175960869623,535.875668342791,1.07395605125832
"Hwange","2002",59.9498516242421,191.22011779424,0.941032433347908
"Hwange","2003",69.4785553958892,199.894596599218,0.138419161612997
"Hwange","2004",100.451345286052,304.017050090608,0.225263021034006
"Hwange","2005",85.5921128420601,388.802136170338,0.309650220315323
"Hwange","2006",110.412277066518,378.748678262152,0.340646604127316
"Hwange","2007",86.601521374689,349.374369525909,0.322529523795146
"Hwange","2008",121.040343518185,566.681394656733,0.110157326216997
"Hwange","2009",99.3567421162046,253.225710011171,0.144707932892807
"Hwange","2010",97.4772049100407,258.237669638208,0.0089245134243356
"Hwange","2011",96.4599466075366,267.605394319518,0.197287716774536
"Hwange","2012",82.4931936358324,285.324223042995,0.0696334452007553
"Hwange","2013",86.279853793719,364.293980077026,0.00212159392660984
"Hwange","2014",102.555104348301,354.890976892441,0.000400308443395974
"Hwange","2015",56.7729014191048,142.200824272224,0.0332320357983596
"Hwange","2016",69.4653737148896,237.35365070987,0.204984947740569
"Hwange","2017",108.54120267185,416.052017595429,0.0236247620040148
"Hwange","2018",96.8744879029786,531.021193794935,0.0377338833235519
"Hwange","2019",66.9506445727458,257.264024809704,0.124808966609499
"Insiza","2000",19.3339154715416,52.591200169395,0.061085568795234
"Insiza","2001",33.3246964642608,134.972799761506,0.0858098151090649
"Insiza","2002",12.8799890477636,42.8615545393497,0.575199938976142
"Insiza","2003",20.3103287909097,51.6945440318947,0.239077608289503
"Insiza","2004",27.070912126819,92.6823461644205,0.477777073102006
"Insiza","2005",23.0709204468866,110.113240759221,0.0162232385814194
"Insiza","2006",29.0466998708434,83.6296797616225,0.0278016579505871
"Insiza","2007",26.075021660511,133.578639737765,0.134700573045705
"Insiza","2008",23.1785022576502,106.327013007595,0.0757739552456127
"Insiza","2009",24.2489501783919,77.3091794486723,0.0538130361828485
"Insiza","2010",25.6686191354273,80.9062107556591,0.0700660042195273
"Insiza","2011",27.3744701020516,136.685389429798,0.219213562353488
"Insiza","2012",14.8691742720862,44.3343661123631,0.0210500881047326
"Insiza","2013",23.6726801052309,93.1078165094642,0.0488363144012492
"Insiza","2014",31.6042828397459,105.037203326588,0.0564471604472628
"Insiza","2015",15.6884773059153,44.0990687226548,0.0557564020467872
"Insiza","2016",22.1315803582661,70.785405033184,0.082352424219197
"Insiza","2017",34.3230419804838,131.908887782284,0.125257793964028
"Insiza","2018",21.2376156416076,89.072231571873,0.0807915626005292
"Insiza","2019",14.4168621510525,44.226792290164,0.0044712885176933
"Kadoma","2000",31.2724769911145,82.5652455588767,0.176714105171342
"Kadoma","2001",48.2638049984773,241.30102028426,0.0704019726441937
"Kadoma","2002",23.2234156238045,64.1036701309914,0.0204167508031034
"Kadoma","2003",30.5205413390377,91.6598887319074,0.0631339107158795
"Kadoma","2004",39.0366724030705,129.64061788601,0.0194238567354856
"Kadoma","2005",30.2793437544322,116.009925064737,0.100858811792902
"Kadoma","2006",35.5453721643914,137.294521467008,0.0264746046033657
"Kadoma","2007",38.674899931784,162.676510384094,0.0210730073416266
"Kadoma","2008",39.450826829565,181.315964923887,0.0171839644269366
"Kadoma","2009",36.6790314987617,104.238786168017,0.0711983811754394
"Kadoma","2010",32.6665355383034,101.419577368919,0.0571076712586742
"Kadoma","2011",38.5862652038701,162.114355958326,0
"Kadoma","2012",31.2420243019735,106.530024783343,1.42972955169777e-06
"Kadoma","2013",39.3160775218514,164.538132731354,0.00371461727865215
"Kadoma","2014",37.0900833504858,130.162641196274,0.0017687075075726
"Kadoma","2015",27.9083010505443,80.0257390064644,0
"Kadoma","2016",33.6864185581156,116.352549973539,0
"Kadoma","2017",38.3956817352891,148.046068113809,0.0732823553270981
"Kadoma","2018",35.2336728898798,193.152765522868,0.00176628166127735
"Kadoma","2019",21.7424961637487,79.0159476568301,0.0330745945764219
"Kariba","2000",21.3618283247988,63.829446705124,0.074801661306878
"Kariba","2001",33.5389008657282,159.264441555738,0.148486196041767
"Kariba","2002",23.5930221517018,67.8825719590573,0.157840745807127
"Kariba","2003",31.8594365032089,110.731223301677,0.0343981534855915
"Kariba","2004",33.9051329518095,104.320930836949,0.0293202877635992
"Kariba","2005",24.6635548357098,107.970340062707,0.0702248171045771
"Kariba","2006",33.48040637181,116.384355089594,0.0948779431913649
"Kariba","2007",35.6215383176498,139.141263916212,0.195561044793974
"Kariba","2008",42.807190503707,154.145892731582,0.282772083392746
"Kariba","2009",34.0474831526063,94.3466566827367,0.508362894930193
"Kariba","2010",31.9503221954308,85.6847425083904,0.769017669640701
"Kariba","2011",33.4672682791933,103.297870356604,0.131196925890603
"Kariba","2012",31.3438767391007,90.1864925784223,0.0854913370599224
"Kariba","2013",35.0561214562057,122.785763557869,0.132615731235445
"Kariba","2014",36.915462786096,132.537566302804,0.225224386095661
"Kariba","2015",24.7321819306706,70.0825880845972,0.0138388248440142
"Kariba","2016",27.0097948692584,79.6398584592576,0.0383536466113012
"Kariba","2017",37.2720351770219,112.316438805706,0.11489284529765
"Kariba","2018",37.5292048124791,183.142251494585,0.0699530802027428
"Kariba","2019",28.1081639210782,65.114349239042,0.107365019703695
"Kwekwe","2000",27.062801977722,71.5429836037696,0.128157341545453
"Kwekwe","2001",41.9274357881704,196.876261937034,0.0900973289125236
"Kwekwe","2002",18.6066073531326,60.0522513218955,0.0809731379549132
"Kwekwe","2003",26.3678700083755,71.4072927269865,0.0639637575017974
"Kwekwe","2004",36.3174395637853,110.566394432035,0.04324378010511
"Kwekwe","2005",28.2001662162566,126.010600108142,0.0909334046475614
"Kwekwe","2006",34.1919044494202,122.140153309411,0.0408282943852439
"Kwekwe","2007",32.2304156362782,160.237672123371,0.0450370091860261
"Kwekwe","2008",34.9635826696912,161.34630410122,0.075409552436944
"Kwekwe","2009",32.15843743347,92.7634093871888,0.0309896214420191
"Kwekwe","2010",29.0915987177754,90.4806246144514,0.048493955588871
"Kwekwe","2011",36.3628025615335,187.439940117504,0.000480048410274464
"Kwekwe","2012",26.408611217168,81.2256056712538,0.00187010010935516
"Kwekwe","2013",32.9097994526973,151.268294319101,0.0425096167889469
"Kwekwe","2014",35.0054554186611,140.294997066026,0.00338271499838846
"Kwekwe","2015",21.9897899044626,53.1387581620731,0.0040317416472866
"Kwekwe","2016",29.3860999022985,104.870026974468,0.0683293292927784
"Kwekwe","2017",36.3816726302315,137.217827397819,0.0713590142620424
"Kwekwe","2018",30.7575477670287,171.131356551133,0.00483021616014679
"Kwekwe","2019",18.4828767058876,76.3719158803131,0.0286856831203491
"Lupane","2000",22.8018469081736,64.3083785386646,0.229268875096807
"Lupane","2001",32.8587847520057,154.047710059554,0.267239405265518
"Lupane","2002",18.0273540768885,64.5690297403756,0.183727878347032
"Lupane","2003",18.815868852677,53.7055462874618,0.0355327376638093
"Lupane","2004",26.6781549350355,80.8684719747188,0.0615660487065422
"Lupane","2005",21.1494847456592,91.7320276921871,0.042844253627091
"Lupane","2006",32.6981870110376,96.4945144742143,0.0783337391376014
"Lupane","2007",22.6883973786625,91.6284563830086,0.072119142570748
"Lupane","2008",32.3654940500154,147.860750748714,0.0164972780588512
"Lupane","2009",30.8872578847942,97.4145296003888,0.014547415902063
"Lupane","2010",26.955012462804,73.3938733276784,0.00327823343249132
"Lupane","2011",28.5512189097009,98.9743414316108,0.00254871860714974
"Lupane","2012",23.4501977307429,94.8216454796932,0.000178450017227649
"Lupane","2013",26.4717096312632,111.006080441498,6.11855161931838e-05
"Lupane","2014",27.5596184920597,81.9784578221686,6.99909335730363e-05
"Lupane","2015",16.6232701406225,40.8662723468215,0.0191765940425588
"Lupane","2016",21.0182162454419,75.0768987000573,0.0272186430664185
"Lupane","2017",32.0342076588512,130.226914202466,0.0164943403912213
"Lupane","2018",23.6281082646487,113.109315158573,0.0023373296847293
"Lupane","2019",16.3633220938775,65.4843570147951,0.0455533006329942
"Makonde","2000",28.9618798480371,77.8163066573587,0.243678045877445
"Makonde","2001",45.1095271995651,195.018471216805,0.120304044824555
"Makonde","2002",25.2216069784909,65.9228864786964,0.011979286573511
"Makonde","2003",31.5644336823764,96.507936699893,0.115850675731414
"Makonde","2004",36.0239532747607,108.380208308673,0.0167300572208392
"Makonde","2005",28.7038465274756,104.793346370786,0.145695083170668
"Makonde","2006",33.8760806617011,96.6870518918716,0.0406149163281453
"Makonde","2007",41.861615892091,154.28951111693,0.00947999543499392
"Makonde","2008",39.3324934561575,142.504835561794,0.0639549195677354
"Makonde","2009",32.2998057088984,95.1170471184978,0.0101266499695496
"Makonde","2010",31.1736076311691,90.0630410859398,0.0988943688672389
"Makonde","2011",34.378096400322,126.122927037524,2.83491794392581e-05
"Makonde","2012",31.7848655054106,103.064128145342,0.000572606685454957
"Makonde","2013",35.5590375206511,137.597903105208,0.000107764719413193
"Makonde","2014",36.381638455789,137.236253956019,0.00382852970479493
"Makonde","2015",30.7538474940495,132.600649086401,0
"Makonde","2016",32.9418484285038,99.2408551308454,0
"Makonde","2017",35.0982512063465,130.957995188937,0
"Makonde","2018",31.7267306295905,146.45784609645,0.00333066320984953
"Makonde","2019",19.5377655777337,54.2591979550088,0.054944639044298
"Makoni","2000",36.2328196029957,97.4799764496439,2.19148329656169
"Makoni","2001",45.2839148602047,166.963706536737,1.12149501432418
"Makoni","2002",23.3662503674686,48.4495022544966,3.12990323131922
"Makoni","2003",27.5766535433571,86.1269412398338,1.16888305888986
"Makoni","2004",42.9565182209044,107.287656186141,3.01377360350544
"Makoni","2005",32.8867773960663,150.742845278862,0.345102590729925
"Makoni","2006",32.7318673868458,100.194700821474,0.244023345978027
"Makoni","2007",39.8185061028705,148.475583777358,1.2696569136264
"Makoni","2008",29.1465841323904,110.962921281948,0.956527359760138
"Makoni","2009",27.6123370397091,77.9277797043908,0.961350745685837
"Makoni","2010",29.1185305128205,92.20194306321,0.0546568740883802
"Makoni","2011",37.2545702595419,133.498175131807,0.098220800039274
"Makoni","2012",26.3510768251781,91.6523605663402,0.556236168661298
"Makoni","2013",36.4990247690644,152.691394428763,0.820970675364986
"Makoni","2014",39.8569610158805,161.808159778048,0.247623829295359
"Makoni","2015",24.4128868920185,58.7557367438195,0.00250180091406589
"Makoni","2016",32.5917935422151,123.598413672634,0.00522025349143636
"Makoni","2017",40.0175753787532,140.853123203796,0.333546661052855
"Makoni","2018",27.6947071032601,166.526395086097,0.0290877793615401
"Makoni","2019",20.6761140233303,49.9937150516347,0.00918655150815218
"Mangwe (South)","2000",13.8714178125885,43.6709653411426,0.0456203480435315
"Mangwe (South)","2001",18.1054643938093,74.3435018511379,0.269419470561579
"Mangwe (South)","2002",7.3273853350679,24.8697131184678,0.345766077484872
"Mangwe (South)","2003",11.3022460585755,30.1005382020392,0.0328047032808065
"Mangwe (South)","2004",17.7636627171586,52.8917284131634,0.0312132876829292
"Mangwe (South)","2005",12.5833754348658,49.4103632218697,0.00572561410912135
"Mangwe (South)","2006",21.7975638572835,66.9988814564896,0.031470042816917
"Mangwe (South)","2007",14.696521084883,53.5231837224727,0.0298473164236045
"Mangwe (South)","2008",11.9665610438771,50.3068650321633,0.0542815609449463
"Mangwe (South)","2009",18.8466693977237,61.0828613706664,0.133131319203462
"Mangwe (South)","2010",16.4045031040551,48.0020464778531,0.000922710593209451
"Mangwe (South)","2011",17.6599150192592,63.8203802233233,0.00796580144137895
"Mangwe (South)","2012",8.67116987978629,30.6467604809532,0.000146120270523277
"Mangwe (South)","2013",14.0156548815414,68.2677851766933,0.00295176933759113
"Mangwe (South)","2014",19.9087150690065,74.6185388127963,0.00583013673991516
"Mangwe (South)","2015",9.17834941342285,21.2575145082439,0.000482469174918757
"Mangwe (South)","2016",14.4242893418156,56.8761831521404,0.00842977500441181
"Mangwe (South)","2017",21.9055191019117,86.9456924397571,0.0268777764851727
"Mangwe (South)","2018",14.1817658040012,70.4586741534518,0.0265933580807149
"Mangwe (South)","2019",9.36533267832276,35.8331627524366,0.0155812226079219
"Marondera","2000",14.2639727341839,33.4351067226307,0.397687997109617
"Marondera","2001",19.8448414027697,80.2468336465312,0.044182984729595
"Marondera","2002",8.39133079602149,20.2674810455126,0.446754730726745
"Marondera","2003",11.3501207587222,32.2828655617494,0.0911041524559978
"Marondera","2004",16.4041145351636,54.6648634856822,0.0598946100491351
"Marondera","2005",12.0756973501407,54.120705497148,0.0182007761013094
"Marondera","2006",13.5225949217618,45.8349925712043,0.0379590736655576
"Marondera","2007",15.4268115631635,62.8362593476679,0.141699290401134
"Marondera","2008",12.9705391493682,57.334546947713,0.0689199141196464
"Marondera","2009",11.7954078202211,34.8261320051025,0.333160752760173
"Marondera","2010",12.5031830461432,34.9705481382562,0.0167042132729965
"Marondera","2011",16.2169103296527,58.1472527681612,0.0417441875274651
"Marondera","2012",10.4695834546196,37.2855541240935,0.00377661346628259
"Marondera","2013",15.2049919778435,66.0468684329706,0.027085077591633
"Marondera","2014",15.6528731804457,66.8830870706661,0.0159580454746509
"Marondera","2015",11.1186805438585,28.114473655703,0.00226521308222265
"Marondera","2016",12.9174743696956,56.508204775698,0.0056363951786682
"Marondera","2017",16.7591975904501,66.7025921280477,0.0323790499409798
"Marondera","2018",13.6314554165219,74.1566913896916,0.0121364641118299
"Marondera","2019",8.55944877530743,22.5021997046529,0.0174644569175286
"Masvingo","2000",18.1209848451886,52.4486194790871,0.573679322075537
"Masvingo","2001",31.436115129293,113.229503071776,0.481469920396072
"Masvingo","2002",12.764974866365,40.9864233320835,0.802691874648536
"Masvingo","2003",27.3269286366581,125.204014835171,0.470709122640912
"Masvingo","2004",24.4483007419294,66.658289169564,1.66138573858485
"Masvingo","2005",21.4270473738793,125.643513429399,0.153142711003923
"Masvingo","2006",24.1487802095807,65.5311031445569,0.310851343018579
"Masvingo","2007",28.6527513460713,164.156308969212,0.516252757992833
"Masvingo","2008",15.8596016305237,74.5437003262487,0.119727425534499
"Masvingo","2009",17.8098151697796,49.5718638673133,0.459127110896139
"Masvingo","2010",22.116779707174,63.7553010617401,0.329023440248235
"Masvingo","2011",22.2580747148922,109.956008001285,0.000939018638603682
"Masvingo","2012",12.4672061263235,46.055719022073,0.0704228410844913
"Masvingo","2013",20.8230675760349,89.7760067523695,0.637020483817996
"Masvingo","2014",28.2053411557154,97.3912686046432,0.393055567758126
"Masvingo","2015",11.1970894084709,27.4395950435423,0.043240540281712
"Masvingo","2016",17.2510529346191,73.2280753640568,0.274492567760528
"Masvingo","2017",25.6975612344641,84.9388462836252,0.502201728447507
"Masvingo","2018",18.2897072084824,99.4072855660728,0.158136494740928
"Masvingo","2019",11.869280627665,37.5331689586534,0
"Matobo","2000",18.2614058727678,59.3481819359111,0.0611962718247977
"Matobo","2001",22.17615647627,102.669676388362,0.145650031498186
"Matobo","2002",9.43477172564826,32.9191443922181,0.27141151683469
"Matobo","2003",13.6961367235249,35.0884285839457,0.0501297161082951
"Matobo","2004",19.2975046209656,60.3080698673047,0.032589095347002
"Matobo","2005",15.7797282064555,67.9288283771744,0.00863165728437618
"Matobo","2006",26.1841447833155,84.7398867213843,0.0025074395353234
"Matobo","2007",17.7390313862921,71.4492661874084,0.0176610736755737
"Matobo","2008",15.5726812835514,65.9551350055956,0.00270857128881271
"Matobo","2009",22.55277254142,78.9259150870291,0.0450353083424738
"Matobo","2010",19.7476533396844,61.5572488713498,0.0017812251848209
"Matobo","2011",20.3683677361255,74.7611677324655,0.000669411327806515
"Matobo","2012",10.0567616517202,29.5066314035187,7.12579157339753e-05
"Matobo","2013",17.9333615168249,81.3581811510465,0.000991586882175362
"Matobo","2014",24.098215567616,87.3745055282233,0.0119934939065584
"Matobo","2015",11.5360918650971,28.3353486525662,0.00532667110584917
"Matobo","2016",17.2487542195942,66.8614670631348,0.0184703389413449
"Matobo","2017",27.9513622100629,120.854767965686,0.027869881896751
"Matobo","2018",15.9654983383453,69.0835517177395,0.0233533726819801
"Matobo","2019",10.6665411236098,31.8762619637683,0.0155950944622686
"Mazowe","2000",17.3875081546762,43.944735087016,0.0515654370279734
"Mazowe","2001",23.4809868228795,99.8826752240751,0.0163537658996539
"Mazowe","2002",10.4812495814935,23.8602120021102,0.0403874296761869
"Mazowe","2003",15.1441403965344,42.7487480129681,0.0455258189334748
"Mazowe","2004",19.2364505343459,60.6744740736251,0.0162814924511265
"Mazowe","2005",14.8107680008262,58.7879903591147,0.0105083261225053
"Mazowe","2006",15.8551738981516,46.2024431196498,0.0236493522871124
"Mazowe","2007",21.1545020917504,75.6298588298115,0.0139782749034709
"Mazowe","2008",18.6468638317447,74.1498017269022,0.00819295943011621
"Mazowe","2009",15.6830780273944,46.123641408191,0.0463620518729109
"Mazowe","2010",15.3317130592201,46.6968914954686,0.00183052601215404
"Mazowe","2011",17.8155832027594,62.6490475070243,0
"Mazowe","2012",15.5852154976644,57.1026931097694,0
"Mazowe","2013",18.4211386080079,65.4579398449729,0.00108279723450216
"Mazowe","2014",18.3302079677795,64.5159848345261,0.00011901429873736
"Mazowe","2015",14.8861252963999,69.1540020852697,0
"Mazowe","2016",15.4767636910317,51.2528650951736,0
"Mazowe","2017",17.7497463529597,79.4268373135258,2.24130844478221e-05
"Mazowe","2018",15.5071358668484,84.1445040937732,0.000552660602204246
"Mazowe","2019",10.9965019865189,40.4160910452113,0.0385064405023905
"Mberengwa","2000",9.630365834576,23.4089482490339,0.114884244103593
"Mberengwa","2001",18.7486843362799,78.4199328534743,0.169729847260254
"Mberengwa","2002",7.11403442121352,23.9874775157547,0.316731925689936
"Mberengwa","2003",13.9063370224546,55.0953398467863,0.227889468150576
"Mberengwa","2004",15.080558146278,52.3845044539255,0.397651486201714
"Mberengwa","2005",12.1176746859862,61.1495909782601,0.0205862664055566
"Mberengwa","2006",16.1501063276184,42.0457140466162,0.104686297437145
"Mberengwa","2007",15.3445735438885,76.0020506840711,0.0895098654309906
"Mberengwa","2008",9.82802043385096,40.070305099499,0.103727438640564
"Mberengwa","2009",11.2881796757941,29.1620276182598,0.196595516242087
"Mberengwa","2010",14.4799684678087,45.6429102828105,0.275301810664778
"Mberengwa","2011",15.456518274557,82.9704874887185,0.0777034102739337
"Mberengwa","2012",7.65649135535794,27.0527007386673,0.0515113595010417
"Mberengwa","2013",13.2635885848079,58.8693264364028,0.181967236148564
"Mberengwa","2014",17.4967345403364,55.5685814090219,0.087733539847963
"Mberengwa","2015",7.22764856250369,17.7087319466267,0.0378043156074401
"Mberengwa","2016",11.7736665436753,43.4013572529251,0.0857718333583405
"Mberengwa","2017",17.1851573280626,63.937172373019,0.259454021612114
"Mberengwa","2018",14.482475688419,78.0651153370446,0.195010585025382
"Mberengwa","2019",8.23860796065077,26.7040354007161,6.38801854317232e-07
"Mount Darwin","2000",15.527415426842,62.7110507842372,0.123971852231697
"Mount Darwin","2001",22.8477919282846,77.6193913043714,0.254145176928518
"Mount Darwin","2002",9.7265580029401,34.3350589387557,0.0424863582181477
"Mount Darwin","2003",15.170831741305,67.1903066435865,0.104490119067829
"Mount Darwin","2004",19.5997471861911,64.7029329504452,0.0275269642247443
"Mount Darwin","2005",13.2003703448147,49.334679925208,0.0220671581294393
"Mount Darwin","2006",16.4429850894466,50.5080794378823,0.00498926520250796
"Mount Darwin","2007",19.2189319440531,63.5137857635816,0.027151807314815
"Mount Darwin","2008",18.1079440421213,102.14991125406,0.0567775043776183
"Mount Darwin","2009",14.8947696185172,58.9294576082744,0.0129568336091324
"Mount Darwin","2010",15.6395302446097,70.6865119141691,1.28691477905651e-05
"Mount Darwin","2011",15.3156029445994,70.6332733095861,0
"Mount Darwin","2012",13.2506261011228,48.1417794412258,0.00162425730970925
"Mount Darwin","2013",16.5134023467669,71.8422302301023,0.000931661961529993
"Mount Darwin","2014",17.1747695854581,65.9026632684118,0
"Mount Darwin","2015",15.9634357426293,89.8662461726105,0
"Mount Darwin","2016",12.185064811819,45.9324102312326,0
"Mount Darwin","2017",20.5909969153873,82.4526762376813,0
"Mount Darwin","2018",16.311349139259,78.8400348301027,0
"Mount Darwin","2019",14.0880396687127,45.2665860553582,0.00356225973524737
"Mudzi","2000",15.1509958590282,53.8793111802316,0.457252195806188
"Mudzi","2001",23.1467296601097,93.8724270494546,0.599005478174499
"Mudzi","2002",9.3582750021159,22.6572692760066,0.534633895097638
"Mudzi","2003",14.8550011438821,46.979439703156,0.143934922544719
"Mudzi","2004",19.428615546315,64.3570333638612,0.111587346235391
"Mudzi","2005",13.2324809950853,52.7380460600058,0.0769023602096615
"Mudzi","2006",15.4932630808756,58.8291244052204,0.0065887170209131
"Mudzi","2007",16.0795220031967,63.9306033346583,0.165348864426521
"Mudzi","2008",16.5571127338241,73.6011064282819,0.37556830610596
"Mudzi","2009",13.6176880722329,56.7811154090891,0.267751977973453
"Mudzi","2010",12.5609634017926,60.1174195101448,0.0770247891747311
"Mudzi","2011",13.6563001517496,63.387093936462,0.000246120679530934
"Mudzi","2012",13.948748918379,57.1153007549398,1.20253590769911e-05
"Mudzi","2013",16.6842399865453,78.5767640390817,0.0457451249984111
"Mudzi","2014",17.945506780392,73.5187141159001,0.000233546413252114
"Mudzi","2015",11.0569865824661,43.8439582457145,0
"Mudzi","2016",11.2172072687836,39.6781550432537,0
"Mudzi","2017",17.6092436841484,76.476901177799,0
"Mudzi","2018",14.0313216595666,69.8691182197309,0.000110722187217142
"Mudzi","2019",17.7216953687509,47.274527633307,0.0371553740726656
"Murehwa","2000",16.6121236419265,49.3096180595604,0.261957145053163
"Murehwa","2001",20.0568357130955,77.4105212002408,0.0362978010716153
"Murehwa","2002",8.97723445868275,19.7912931470894,0.263457339748229
"Murehwa","2003",12.3234742844476,39.0367939870732,0.136998145230566
"Murehwa","2004",17.6587725626454,56.2218891374036,0.211364836131414
"Murehwa","2005",12.8350199596566,54.1101705285848,0.0282580263221604
"Murehwa","2006",13.5342885472308,42.7005713550484,0.060664942228879
"Murehwa","2007",16.3689838723391,51.9643587271373,0.377154750180632
"Murehwa","2008",13.6642055826543,47.7036856021367,0.262248502448703
"Murehwa","2009",12.0366615233148,42.2013347782341,0.39025047985499
"Murehwa","2010",13.6644158268562,43.0816420894043,0.0737128055237597
"Murehwa","2011",16.8497415540497,51.9769916117191,0.0405777278908513
"Murehwa","2012",12.3065556352454,42.5501061368222,0.0113628653298515
"Murehwa","2013",15.6397843329155,60.8201504495798,0.0530914256486736
"Murehwa","2014",16.1968220282397,59.9495249817184,0.0303163616281595
"Murehwa","2015",11.0326964642827,37.8995282879647,0.000406479428056628
"Murehwa","2016",12.5656381217726,49.6194356752377,4.19583032934872e-07
"Murehwa","2017",17.0555112379338,65.6369378697638,0.0252589174156538
"Murehwa","2018",12.9950957539369,70.5004266321659,0.00821270540164893
"Murehwa","2019",8.98426582477756,25.6599371674306,0.0388727215592928
"Mutare","2000",24.9453040260515,65.7526958732628,3.40917494852146
"Mutare","2001",38.5387501653552,145.605529360678,0.175050877827715
"Mutare","2002",16.6170033884181,33.0820331965299,3.31904453847502
"Mutare","2003",18.9330476275205,61.6231495424229,0.907971034492898
"Mutare","2004",28.7993871043817,71.2763842449469,3.32909056047233
"Mutare","2005",20.4296027486068,125.050299850048,0.151282352186147
"Mutare","2006",17.4622795467452,56.1761633830912,0.0927473570329526
"Mutare","2007",30.9977210228327,122.245563137414,0.94000447153196
"Mutare","2008",19.1251312767224,78.1300588776084,0.767759256465726
"Mutare","2009",17.2760087405112,41.3959353439072,0.636895950216179
"Mutare","2010",20.1439255969233,61.7687217070192,0.220703950317793
"Mutare","2011",21.7788417325888,88.9831833083256,0.172272908975677
"Mutare","2012",16.01959473771,47.186273401625,0.103180450704641
"Mutare","2013",25.112685334791,97.2139558316446,0.168019064647738
"Mutare","2014",26.9546745843288,110.036555880659,0.110674641379663
"Mutare","2015",13.0094735640107,40.5133544418742,0.00027656791359072
"Mutare","2016",20.699099205627,65.2407532982382,0.00071452877818956
"Mutare","2017",30.5237105342968,98.9881755717829,0.131811194408653
"Mutare","2018",18.6759813380249,117.444446427916,0.118794980027351
"Mutare","2019",15.9672721223119,43.5250811977129,0.0419271963543211
"Mutasa","2000",13.1901724145215,37.4437895752636,1.16770691441043
"Mutasa","2001",17.6016550174965,58.4857429260132,0.905890535868193
"Mutasa","2002",10.5327920201738,19.5268064040764,1.40230527793185
"Mutasa","2003",9.94917780641205,32.7204548467608,0.705070133067156
"Mutasa","2004",16.6644942850438,42.3204721776878,1.25962286411657
"Mutasa","2005",12.5546171048533,59.1059601519622,0.411020218895511
"Mutasa","2006",12.7496679490349,34.5546422202213,0.327889704606131
"Mutasa","2007",15.9595994716626,59.5191802154569,0.44102180894446
"Mutasa","2008",12.0075974446723,59.6665058015608,0.205727020648135
"Mutasa","2009",10.4917229098027,33.8796235501766,0.319568183897611
"Mutasa","2010",11.7027134036981,35.0743347129401,0.0192273915224445
"Mutasa","2011",12.9167882022299,55.769186422521,0.0848958543578834
"Mutasa","2012",10.0408611315565,28.9218956650472,0.49061764237544
"Mutasa","2013",13.9714672375184,52.9356147229672,0.794250608480298
"Mutasa","2014",16.3134706787081,65.3243941517437,0.290818741494634
"Mutasa","2015",9.06513264828797,24.5078594144653,0.0161611713368592
"Mutasa","2016",13.4802074196906,45.7960863403245,0.0254333175590956
"Mutasa","2017",15.88336426452,50.8340020577113,0.316992262221745
"Mutasa","2018",10.0923658134078,60.1681146594823,0.0207480868522943
"Mutasa","2019",8.52924400654389,21.9720833967129,0.013095890582411
"Mutoko","2000",18.9012326832127,62.6111738923718,1.11734886869797
"Mutoko","2001",22.1156665357281,84.8190906116776,0.219946767232813
"Mutoko","2002",11.0427464581787,25.3042017525318,1.03785335416997
"Mutoko","2003",16.3003143252404,49.7020636335307,0.296364438269737
"Mutoko","2004",20.4642042118109,63.8747703756772,0.329198750582359
"Mutoko","2005",14.824259263855,59.9121901430336,0.0226983603488763
"Mutoko","2006",15.939168689219,56.2599844763092,0.101637763944774
"Mutoko","2007",16.9918493438436,59.5973089870285,0.368091303382672
"Mutoko","2008",15.3511671333062,52.3627780803278,0.284608946436121
"Mutoko","2009",14.9771670840914,58.2165154342558,0.434551776595889
"Mutoko","2010",14.4013717133203,50.1958312717139,0.393687898728397
"Mutoko","2011",15.6893069757296,64.0363668878873,0.0369229265895852
"Mutoko","2012",14.0501158804126,54.6053290116436,0.00758361439754177
"Mutoko","2013",18.3761520957355,77.6453073082017,0.144444933707093
"Mutoko","2014",18.0851541269132,63.6360411064298,0.0322958350680018
"Mutoko","2015",11.6358735437041,40.5893118376241,0.000747283140663058
"Mutoko","2016",12.874205530785,50.9473450251654,0
"Mutoko","2017",17.3828287237633,72.6271894847645,0.000152320934513209
"Mutoko","2018",13.0956272559761,75.6540909626904,0.0100913945102708
"Mutoko","2019",13.719929557281,38.2996588056578,0.0147906978058802
"Mwenezi","2000",22.9718862254182,54.5798940516716,0.264386694908364
"Mwenezi","2001",37.6338051249466,145.292023278451,0.144515067090752
"Mwenezi","2002",13.562202953717,44.1886425097637,0.401086687810312
"Mwenezi","2003",33.0528551447499,129.295353309313,0.548612859437023
"Mwenezi","2004",34.2063875703355,117.46974211528,0.40453467586461
"Mwenezi","2005",18.4409053946598,83.8974515109378,0.143473598150376
"Mwenezi","2006",31.9008555186745,85.2711302249455,0.103729118851985
"Mwenezi","2007",35.9352736598488,150.227402142158,0.237090076068353
"Mwenezi","2008",21.7916883321792,131.347905633029,0.0740409387026321
"Mwenezi","2009",27.6783310908372,89.6976189480108,0.881328228104166
"Mwenezi","2010",32.7474618488155,113.585312567271,0.199602291547618
"Mwenezi","2011",29.3534072581644,151.10557599991,0.0724070102844391
"Mwenezi","2012",13.7922202576537,39.1114269489897,0.0629771425677295
"Mwenezi","2013",34.2437973392907,209.294265738539,0.613967263108969
"Mwenezi","2014",38.63800203432,130.953719073768,0.373355771210481
"Mwenezi","2015",13.8231424820341,38.557846492938,0.0390235563512226
"Mwenezi","2016",23.1956405701805,87.2617624489116,0.133265777760186
"Mwenezi","2017",35.3055816200794,113.212243119291,0.573882135041754
"Mwenezi","2018",26.5837339021035,143.740890330193,0.34151156702976
"Mwenezi","2019",17.0209789114022,64.2359660635684,0
"Nkayi","2000",16.6173683483297,43.0386532399584,0.116092707330444
"Nkayi","2001",23.8535512364987,119.990432583234,0.116114672753611
"Nkayi","2002",12.2218491892397,46.2252193149982,0.129867787877169
"Nkayi","2003",14.4359901610532,50.0278593468315,0.0140243969602664
"Nkayi","2004",19.1918589636185,58.2334643955909,0.0255928246808788
"Nkayi","2005",15.6007468805186,73.6005454853469,0.0343560464363548
"Nkayi","2006",24.9584813660527,82.6940779525275,0.0139249085471562
"Nkayi","2007",15.7013956265031,64.3842140357868,0.043892707469472
"Nkayi","2008",21.7356845958933,94.9995300581642,0.0265320659715108
"Nkayi","2009",19.94571332994,61.6626759826553,0.00366837808769381
"Nkayi","2010",17.3445360896027,48.8882777787891,0.00418296801097526
"Nkayi","2011",20.4703216561723,84.6792344024368,0.000236557901200071
"Nkayi","2012",16.7137426540072,63.6162857515555,0.00134706861581167
"Nkayi","2013",18.8531114960238,88.8137373954642,0.000514959823511377
"Nkayi","2014",19.3601899104899,65.9153631122673,0.0045620377956748
"Nkayi","2015",13.7068908916079,29.3839073797359,0.00849298719011701
"Nkayi","2016",16.6892620066493,51.327376320666,0.00888902237987203
"Nkayi","2017",22.3785652494484,93.6526966814901,0.000655658527644026
"Nkayi","2018",17.3994312570564,91.1010421446141,0.00373822054825723
"Nkayi","2019",11.5266229292352,45.9380695309709,0.0311070718040105
"Nyanga","2000",27.714644917585,87.5513086742046,1.90996527011123
"Nyanga","2001",35.1976687693196,124.868360108371,1.29071641110623
"Nyanga","2002",19.4010254667834,40.6088159154443,1.93642470900143
"Nyanga","2003",23.4524811910382,74.5577701739236,0.972025106143772
"Nyanga","2004",34.5583026171831,85.6437155641762,2.02389095374429
"Nyanga","2005",24.5429699722536,107.493084313355,0.357704603855079
"Nyanga","2006",26.5232513776448,84.5986859422104,0.272096807616214
"Nyanga","2007",29.4106315682086,109.233800777618,0.595926308746486
"Nyanga","2008",26.760936970058,124.031093255445,0.66826125322259
"Nyanga","2009",23.5899916716942,85.0478203847128,0.892665129118398
"Nyanga","2010",23.7962604920034,79.0812226968653,0.0160231262726716
"Nyanga","2011",24.9140712366366,102.82089800297,0.19022151869094
"Nyanga","2012",21.6395943899856,71.5295946270227,0.450263143622079
"Nyanga","2013",27.568515762158,117.43630987698,0.93102714900457
"Nyanga","2014",31.7401666025416,118.648806502772,0.294179024885856
"Nyanga","2015",17.4915929795998,47.6172024557988,0.000406923071097802
"Nyanga","2016",24.2941884930568,89.2776207531199,0.00580725526721353
"Nyanga","2017",29.0425500627627,112.941505318179,0.244694112697799
"Nyanga","2018",19.7161190924488,110.990452430295,0.0011782616905311
"Nyanga","2019",19.6065379577934,55.1858731664863,0.0087271728924665
"Rushinga","2000",7.52474112443005,29.422013407595,0.147883966049252
"Rushinga","2001",12.2013231255807,46.1101524052667,0.104597874971645
"Rushinga","2002",4.13359648897189,11.8112256441046,0.104850025734106
"Rushinga","2003",7.55044632529257,24.960432007266,0.0452950747854273
"Rushinga","2004",10.0397478477713,31.5616407882934,0.0392315583395233
"Rushinga","2005",6.573990276297,26.9127411005544,0.0695294923247631
"Rushinga","2006",8.49207472829033,33.4902102504291,0.00613185936837872
"Rushinga","2007",8.37934058372534,26.4614109596785,0.016728334150442
"Rushinga","2008",8.34606616408562,39.9167177032022,0.0581330598375073
"Rushinga","2009",7.79194288498039,30.1190329943217,0.0268597239893222
"Rushinga","2010",7.57334856585597,46.8083344614973,0.000428490683161191
"Rushinga","2011",6.78997045488146,32.4547288796481,0
"Rushinga","2012",6.80601812779769,26.79609970316,0
"Rushinga","2013",8.46530657192301,38.478425490973,0.00118918359101585
"Rushinga","2014",8.40690021588748,31.160211115608,0
"Rushinga","2015",6.96143865773884,34.5927455074647,0
"Rushinga","2016",5.51739603860685,21.008498098336,0
"Rushinga","2017",9.75577341852067,41.0425209544453,0
"Rushinga","2018",8.23212098662874,32.1242539431534,0
"Rushinga","2019",8.57019796077467,25.7801042286204,0.0506175331061469
"Seke","2000",9.62110893284049,23.5997218070661,0.091084479126456
"Seke","2001",13.9498306794304,61.1013232707977,0.0237672853545376
"Seke","2002",5.63611664659713,14.8943694297589,0.107052012538499
"Seke","2003",8.14475492675104,22.7664793623429,0.019378950584431
"Seke","2004",10.9158285488916,36.6463566977604,0.0139125789925268
"Seke","2005",8.93029184801505,37.2308914643877,0.00323224013290931
"Seke","2006",8.48265876983024,29.5764656826562,0.012244068181844
"Seke","2007",10.9081651412017,46.0573379439466,0.0315365024398649
"Seke","2008",9.8098484481879,42.8417850052609,0.0255121077360088
"Seke","2009",8.54175391137777,24.37884629585,0.118772154274127
"Seke","2010",8.57763502659026,22.8426525909527,0.00228933651675356
"Seke","2011",11.1988423257947,43.1913894852003,0.00265467590027529
"Seke","2012",7.38161800712619,26.9335967709621,8.16363547474954e-05
"Seke","2013",10.2504086410525,40.732482319369,0.00317200681961634
"Seke","2014",10.5037642913819,42.4136812157491,0.00448857987810733
"Seke","2015",7.79447192902133,20.7849036364579,1.51864424825523e-05
"Seke","2016",8.91223388728384,36.8058128389658,0
"Seke","2017",10.546009728522,40.7752957697008,0.0149467714330896
"Seke","2018",9.95916349792951,52.2785546372919,0.000310785830130472
"Seke","2019",6.04151161773933,19.7285132603902,0.000635379242970992
"Shamva","2000",11.2497834612173,38.6794231020937,0.0659068941684239
"Shamva","2001",14.8772317302896,54.6655887665702,0.0167713205042103
"Shamva","2002",6.77858633804661,19.1006586904035,0.0417951385838701
"Shamva","2003",10.0268820607964,32.7426695082117,0.0731583394119334
"Shamva","2004",12.2749672593322,39.8183851984202,0.0160983277641154
"Shamva","2005",9.20190372172311,35.9865433301411,0.0206985028050671
"Shamva","2006",10.365348939732,30.5317664177979,0.0034184696026654
"Shamva","2007",12.1816364143074,40.1808915882134,0.0413060540807897
"Shamva","2008",12.2315756910061,54.525432955985,0.0433861165388354
"Shamva","2009",9.69166245757255,37.0406568968997,0.0512143571352627
"Shamva","2010",9.60061442462041,30.8588089027826,0.000149506075489198
"Shamva","2011",11.5243869168063,48.8137075732736,0.000100293816232057
"Shamva","2012",9.80879437218248,32.6065003712388,9.0408396299965e-05
"Shamva","2013",11.3750307860101,46.5270302420738,0.0020500213783902
"Shamva","2014",11.716254222279,42.4265045167184,0.00398795324096378
"Shamva","2015",9.68882990460323,48.3073898660202,9.06573162258913e-05
"Shamva","2016",8.62010582050221,32.0891770155406,0
"Shamva","2017",12.965298606393,56.5770148346237,0
"Shamva","2018",9.5755901128263,49.1879328359576,0
"Shamva","2019",8.87674716253265,32.7151212308921,0.0048135846488317
"Shurugwi","2000",9.06754091747368,24.3728217720985,0.15682147906559
"Shurugwi","2001",18.4810902328088,71.5165510093464,0.0915948821835485
"Shurugwi","2002",6.81974102860456,22.6659617390118,0.224081545250089
"Shurugwi","2003",13.3493695587449,48.63715454825,0.194596831045826
"Shurugwi","2004",15.08899870488,38.0968563414672,0.263918312844893
"Shurugwi","2005",13.135827643061,71.1886253541591,0.143516316153774
"Shurugwi","2006",12.9915478710825,37.5407603841786,0.130973115670535
"Shurugwi","2007",12.9465230038877,70.3451915904588,0.173582081716535
"Shurugwi","2008",10.6457996349542,56.3362774758947,0.0561560562076492
"Shurugwi","2009",12.2360940103155,35.917899590906,0.0197347314641257
"Shurugwi","2010",12.5439004453538,34.5569684191662,0.127379860993995
"Shurugwi","2011",13.6819425674456,74.7063904165053,0.00177079869215102
"Shurugwi","2012",8.20087362912638,27.0776340491047,0.00817825558829545
"Shurugwi","2013",10.9564553525553,45.3403897318186,0.0858523741624701
"Shurugwi","2014",15.5158868417736,57.4002249966649,0.0307555879334912
"Shurugwi","2015",7.58993234751894,22.0350955717996,0.018552490186623
"Shurugwi","2016",11.1131205296007,39.1616047105369,0.076138188513498
"Shurugwi","2017",15.3257722025225,62.9301698197337,0.106234885204478
"Shurugwi","2018",10.7560069863372,55.1437142843125,0.0203723454143448
"Shurugwi","2019",5.90237548405869,21.7630195265892,0
"Tsholotsho","2000",20.3911531531538,59.6221505822504,0.226650939885568
"Tsholotsho","2001",28.9420097410367,119.957878422971,0.612282508542971
"Tsholotsho","2002",14.7502819712182,50.3667191625518,0.238461310306208
"Tsholotsho","2003",18.7010457536798,51.7818002467354,0.0532794680395223
"Tsholotsho","2004",25.1197960475458,79.0495070339418,0.0435786439322293
"Tsholotsho","2005",21.6519414479272,91.8694553269475,0.034313354081562
"Tsholotsho","2006",30.0156290473133,93.4715875547306,0.0502079440113947
"Tsholotsho","2007",21.6130663862915,92.6524642136167,0.0599056835658962
"Tsholotsho","2008",27.1460526866256,123.690381644871,0.0177996965016207
"Tsholotsho","2009",28.982542692536,92.6800146873675,0.0685427719862977
"Tsholotsho","2010",24.4611560819748,65.6849261424413,4.88272715801049e-05
"Tsholotsho","2011",25.2109775784061,91.7234287450712,0.0184136359704187
"Tsholotsho","2012",18.8102666977806,75.5788773278395,0.000989797113426867
"Tsholotsho","2013",22.1172988674025,96.0551712479662,0.000980693682101321
"Tsholotsho","2014",26.9661635535383,82.8591950269891,0.000232834113671297
"Tsholotsho","2015",14.7491197802272,36.6479333679174,0.00278939182553229
"Tsholotsho","2016",18.9043644294703,70.3238071429379,0.0780852865729043
"Tsholotsho","2017",29.4423170933461,100.361355122515,0
"Tsholotsho","2018",24.8200042958137,138.354533454425,0
"Tsholotsho","2019",15.4819778074273,63.8351723113481,0.0304192069191891
"Umguza","2000",17.9181422963631,61.8599941440073,0.0556841808937915
"Umguza","2001",24.8484826334029,110.017994699876,0.118785942446466
"Umguza","2002",10.6535749144927,39.6494715878484,0.0939984569550884
"Umguza","2003",15.0262302144138,43.3387345209426,0.046998349333731
"Umguza","2004",17.7359608750831,50.9479217314837,0.0250071967811089
"Umguza","2005",17.3542912906032,79.94968122501,0.00515935049883829
"Umguza","2006",23.6977688018568,71.5478090160033,0.0140169007106587
"Umguza","2007",16.8217692633741,71.6000788819556,0.0352334826478338
"Umguza","2008",20.7498615361523,93.0773950094101,0.00741364191941173
"Umguza","2009",23.2067368817662,69.885923224337,0.0227343986678855
"Umguza","2010",18.6944198929375,53.0221663863636,0
"Umguza","2011",20.9277941327702,85.7712957438301,0.000770104341619813
"Umguza","2012",13.662710998554,47.9791526977338,0.000177827733556364
"Umguza","2013",16.9051504666638,80.4934098636403,0.000142373049211707
"Umguza","2014",22.0724219349294,75.2862815827716,0.000154640154505614
"Umguza","2015",12.6045168271209,31.6309003320395,0.0050939608871119
"Umguza","2016",15.8473951263115,47.2077603696024,0.0225864386293859
"Umguza","2017",25.3654303953366,94.6653798459791,0
"Umguza","2018",16.6230059984715,75.9629491879659,0
"Umguza","2019",11.9453439499953,43.7936491448797,0.0245264405294923
"UMP","2000",11.001745945202,36.8805160591415,0.295595335785822
"UMP","2001",14.5128369124839,53.2549633306616,0.188695272780138
"UMP","2002",6.35973709176286,16.3218358742256,0.540451449575587
"UMP","2003",9.96372058731868,28.4334180413508,0.0760166444379709
"UMP","2004",11.9751385192208,39.9547992197906,0.130266658934438
"UMP","2005",9.18957534728917,35.1228732506434,0.048536872907436
"UMP","2006",10.6032471438357,34.9150943400813,0.0195381484732078
"UMP","2007",11.2195890418618,34.6313853351509,0.178742181559267
"UMP","2008",10.1738341093438,43.4838361173284,0.145309154299749
"UMP","2009",10.1001003383451,39.0227778926784,0.131292733441731
"UMP","2010",8.91205637011006,35.1457871815153,0.0478918332643362
"UMP","2011",10.6556890468089,46.0883926669756,0.00681837578016729
"UMP","2012",9.32569654267155,36.4977873254056,0.0134280779406396
"UMP","2013",11.8507512233758,48.6828631261984,0.022655461667626
"UMP","2014",11.1324897309499,40.8896175037412,0.00714311597458778
"UMP","2015",8.40652691258271,37.5883441957773,0.00420147076947614
"UMP","2016",7.64637510543473,28.5464612406843,0
"UMP","2017",12.2496215146841,51.2082484882252,0
"UMP","2018",9.4258067940635,45.5424549886993,0.000551968952555292
"UMP","2019",8.99025498158607,28.4270756076364,0.0318177518304711
"Umzingwane","2000",7.11119832072077,20.2511066854,0.0203774970050504
"Umzingwane","2001",10.488330754737,46.5325614651044,0.0304950968229712
"Umzingwane","2002",4.24615333183145,15.6198374335672,0.110615039558387
"Umzingwane","2003",6.23970032868122,16.0717672178266,0.0805769782980182
"Umzingwane","2004",8.20090805987436,26.1873622551268,0.0622721163009427
"Umzingwane","2005",7.3272148287631,33.6294524341237,0.0098046018209061
"Umzingwane","2006",10.2894095129298,29.5537345276744,0.00279864498510612
"Umzingwane","2007",8.347478448643,41.1319036103931,0.0128689109645504
"Umzingwane","2008",7.02489885993859,31.3258823532684,0.0039534056675549
"Umzingwane","2009",9.17083600180319,28.4315540476757,0.0333069295264888
"Umzingwane","2010",8.71823754306055,28.5685031032445,0.00236819701749125
"Umzingwane","2011",8.69231264875932,36.5328128503818,0.0221624238797756
"Umzingwane","2012",4.90675687831129,14.2065894639375,0.00694556763550031
"Umzingwane","2013",8.11313089927398,33.6527289472374,0.0014644456516287
"Umzingwane","2014",10.0337387507241,33.8192905303894,0.000724170937558608
"Umzingwane","2015",5.19919344827369,13.7247232685194,0.0179728223444887
"Umzingwane","2016",6.89485939951731,21.3027580160136,0.0136103299468374
"Umzingwane","2017",11.7290389309573,45.7347240431636,0.0354573516558637
"Umzingwane","2018",6.87326342106795,26.7912302145187,0.0241211836036539
"Umzingwane","2019",4.74337232531631,15.5107388772509,0.00349484796826764
"Wedza","2000",9.56444209428038,21.9216097680377,0.23252255839807
"Wedza","2001",14.4424901464717,59.1242359908188,0.0197627146555996
"Wedza","2002",5.94482211106351,14.8579090693126,0.215643169208402
"Wedza","2003",7.81814013228269,27.2169620162716,0.079559676928101
"Wedza","2004",11.7034735608082,38.6189950692887,0.149711727975827
"Wedza","2005",8.82750192591035,48.3462844597358,0.00634275668509301
"Wedza","2006",9.73734494373483,32.8358087274374,0.00743255049433797
"Wedza","2007",11.4984862656905,60.7679868992637,0.084426354032407
"Wedza","2008",7.45675888644853,37.8444747074562,0.0182162851787129
"Wedza","2009",7.88607090237594,21.2668952346433,0.27595160859637
"Wedza","2010",8.92909003531634,23.7799375178183,0.00130279967246785
"Wedza","2011",11.3236160261675,48.9786565920886,0.00307694861021089
"Wedza","2012",6.53342853700716,26.3141298713637,8.29161008154829e-05
"Wedza","2013",10.4646272783231,40.8093032609014,0.000780013461018611
"Wedza","2014",11.3805027463456,49.6155016395391,0.00463304316173319
"Wedza","2015",7.73908494467185,21.9545599460017,0
"Wedza","2016",9.14972181196477,40.1298441620434,0.00809536599709627
"Wedza","2017",12.2906681022729,47.1809866539403,0.0283030011203236
"Wedza","2018",9.09402859571059,56.0838060279687,0.00953293768753236
"Wedza","2019",5.81013670050089,17.0776903284969,0.00647836986029812
"Zaka","2000",9.51238571204419,27.9181799252828,0.36950666437236
"Zaka","2001",14.6900824633186,50.0059871365042,0.241644065171097
"Zaka","2002",5.63575329489434,16.6998661931531,0.662840466920798
"Zaka","2003",12.0357061236098,56.7458424685048,0.43254303843486
"Zaka","2004",11.0735212479685,30.8848229643177,1.14770643991948
"Zaka","2005",8.24152085743333,50.3430432071873,0.0692428589459393
"Zaka","2006",10.5030403806116,30.7507654782604,0.0160716016625491
"Zaka","2007",14.8983932558554,90.0370251597143,0.482267940301886
"Zaka","2008",7.61121532402908,39.8096786158926,0.0396330361264571
"Zaka","2009",6.68734239681584,19.9723939866996,0.272257825989258
"Zaka","2010",9.99825293434943,33.2119515435953,0.0043331600804545
"Zaka","2011",10.023529438114,42.934093649364,0.000278463563539416
"Zaka","2012",5.2804093644024,19.8676648933221,0
"Zaka","2013",10.0089796612011,44.9891203475933,0.253373511526825
"Zaka","2014",13.193358296579,40.5852137989858,0.179265842859305
"Zaka","2015",4.84030624694086,12.0268037112905,0.0145092863392932
"Zaka","2016",8.23690223426929,36.4113657951355,0.186962479165773
"Zaka","2017",11.9076393304747,36.4316628322882,0.0917534720602299
"Zaka","2018",8.05237676423274,49.9217650163407,0.0324246535237477
"Zaka","2019",5.24707315621077,20.0471857780335,0
"Zvimba","2000",23.8760041553158,60.4634916234835,0.0515994974192033
"Zvimba","2001",31.8343431417756,152.513270463312,0.0193626123765474
"Zvimba","2002",14.0061502441893,31.9564443307764,0.0486549154504282
"Zvimba","2003",20.5630177492899,60.8475406185085,0.0254185217012741
"Zvimba","2004",25.4664972495358,77.3491493322101,0.0211835169873844
"Zvimba","2005",18.8232315372983,74.3713431117581,0.0121654324123947
"Zvimba","2006",21.3670355856408,64.7926517715057,0.0191296020985539
"Zvimba","2007",28.861659838416,105.722553571182,0.0420897353265419
"Zvimba","2008",26.6189282987779,104.237972160765,0.036560878468192
"Zvimba","2009",21.6052038145323,58.2952602411018,0.0359716874642247
"Zvimba","2010",20.1070256474806,57.3220672815454,0.00564239047715305
"Zvimba","2011",25.9380816504751,86.5395114318997,0.00352126342145846
"Zvimba","2012",22.3597007602377,92.8729303364076,0.00192401456742492
"Zvimba","2013",24.5641968321974,88.5233004414568,0.00345629861143713
"Zvimba","2014",24.4073954812971,80.54291142646,0.00189932050690164
"Zvimba","2015",19.8287705695728,86.0011634750694,0
"Zvimba","2016",22.4015677761449,73.1110321134913,0
"Zvimba","2017",22.6166841672367,98.1996679094492,0.00355887462895171
"Zvimba","2018",21.7919866705578,103.13616116456,0.000136389971400301
"Zvimba","2019",13.6330797812636,46.2645598932224,0.0534444696171775
"Zvishavane","2000",5.64815087135663,14.0445400136651,0.127069260882669
"Zvishavane","2001",11.8353267017634,47.1177167940374,0.135219937550274
"Zvishavane","2002",4.54643228822106,16.0594969605698,0.27652361232413
"Zvishavane","2003",8.78336842386813,35.0680180597539,0.158293287458775
"Zvishavane","2004",9.09548973692452,26.8641186085402,0.339586143406546
"Zvishavane","2005",8.39896232176332,43.8681724589245,0.00414887857733964
"Zvishavane","2006",9.30164451010836,23.5461556868226,0.0904743422921741
"Zvishavane","2007",8.78306189839805,48.2640091830609,0.102812970003944
"Zvishavane","2008",6.28896628795478,29.7781414713345,0.0121171571522342
"Zvishavane","2009",7.10946472991377,19.1144464145396,0.0721895697809968
"Zvishavane","2010",8.76073683563293,25.4818037346882,0.138891970119028
"Zvishavane","2011",8.94238312488901,53.3221049070358,0.0177683672838041
"Zvishavane","2012",4.84140645933823,15.0338561041682,0.0337355929751913
"Zvishavane","2013",7.17403250644636,30.6815001844191,0.109761737789
"Zvishavane","2014",10.2491814004997,35.1941112596615,0.0489079062864595
"Zvishavane","2015",4.36965868514356,12.1017106517273,0.0199850194794742
"Zvishavane","2016",7.12318090176379,26.8838022066098,0.0633983178792964
"Zvishavane","2017",9.69629745552933,37.1676500784416,0.174015749538632
"Zvishavane","2018",7.7322409861993,42.4245950274608,0.0510836864293749
"Zvishavane","2019",4.51943767002738,15.5333367977072,0
