district_id,district_name,year,yeard,h_k3,a_k3,m0_k3,m1_k3,m2_k3,g0_edu_max_k3,g1_edu_max_k3,g2_edu_max_k3,g0_edu_dropout_k3,g1_edu_dropout_k3,g2_edu_dropout_k3,g0_hea_chronic_k3,g1_hea_chronic_k3,g2_hea_chronic_k3,g0_hea_visit_k3,g1_hea_visit_k3,g2_hea_visit_k3,g0_employment_k3,g0_assets_k3,g1_assets_k3,g2_assets_k3,g0_services_k3,g1_services_k3,g2_services_k3,g0_electricity_k3,g0_cooking_fuel_k3,g0_water_k3,g0_toilet_k3,g0_land_k3,g0_livestock_k3,g0_rural_equip_k3,maxevi,surfacemoisture,rainnovdec,rainnovjan,rainnovfeb,rainnovmar,rainnovapr,rainnovmay,sum10_20,sum10_20_novdec,sum10_20_novjan,sum10_20_novfeb,sum20p,sum20p_novdec,sum20p_novjan,sum20p_novfeb,dryspells
1,Beitbridge,2011,0,0.5478573,0.4738255,0.2595887,0.1545451,0.1237172,0.1443513,0.0786315,0.0312909,0.0343649,0.0432631,0.0375284,0.3061155,0.1530577,0.1530577,0.2097638,0.1048819,0.1048819,0.0067305,0.416597,0.3348562,0.2939858,0.406618,0.2673833,0.1461582,0.2526844,0.2631702,0.1041202,0.2153332,0.0346593,0,0.0715847,0.4297667,,1.687143,3.253564,3.363121,3.597865,3.859372,3.953774,2,0,0,0,3,0,0,1,5
1,Beitbridge,2017,1,0.6171134,0.4540801,0.2802189,0.1651075,0.1321877,0.2769373,0.1384686,0.0461562,0.0101339,0.0091205,0.0054723,0.4471144,0.2235572,0.2235572,0.1282447,0.0641223,0.0641223,0.1126632,0.5102288,0.4011882,0.3466679,0.3122287,0.2310812,0.1355838,0.2305302,0.255084,0.0891156,0.1890812,0,0,0.1007176,0.4985352,6.122455,0.9880265,2.448239,3.375289,3.505411,3.858408,3.858408,0,0,0,0,2,0,0,0,2
2,Bikita,2011,0,0.6523744,0.4643061,0.3029014,0.1684605,0.1370324,0.2133217,0.1211699,0.0532648,0.0284065,0.0303472,0.0240285,0.3257557,0.1628779,0.1628779,0.3099791,0.1549895,0.1549895,0,0.6209302,0.5133662,0.4595842,0.3048118,0.1203486,0.0474214,0.2469406,0.3246294,0.1408505,0.2182097,0.015203,0,0.1285253,0.4943157,,1.576427,3.753225,3.848445,3.951036,4.297567,4.300569,2,0,0,0,3,0,0,1,5
2,Bikita,2017,1,0.5836976,0.4347407,0.2537571,0.1744218,0.1542226,0.1700888,0.0877808,0.0319967,0.007513,0.0045078,0.0018031,0.297078,0.148539,0.148539,0.0875006,0.0437503,0.0437503,0,0.5571609,0.4853624,0.4494632,0.0112876,0.0028219,0.0004703,0.1978403,0.2918488,0.1478513,0.2089612,0.2837193,0,0.1498426,0.579027,14.34499,2.098363,4.749804,6.488692,8.062047,8.897579,8.925037,1,1,1,1,2,0,0,0,3
3,Bindura,2011,0,0.4115269,0.4527206,0.1863067,0.1074591,0.0894098,0.0856269,0.0465803,0.0192936,0.0165913,0.023792,0.023354,0.3037757,0.1518879,0.1518879,0.2190985,0.1095493,0.1095493,0,0.2068404,0.1565664,0.1314294,0.2391994,0.1138325,0.0495735,0.1397056,0.1964304,0.1214464,0.0757454,0.0678221,0,0.0976315,0.5403584,,2.199711,5.051532,6.488156,7.142758,7.562615,7.566884,2,0,0,1,2,0,0,0,4
3,Bindura,2017,1,0.6516937,0.5372146,0.3500994,0.1991827,0.1683136,0.1824719,0.091236,0.030412,0.0455783,0.0527559,0.0447355,0.5531825,0.2765913,0.2765913,0.4421948,0.2210974,0.2210974,0.0210343,0.5526448,0.4498713,0.3984846,0.4088423,0.1741118,0.0675362,0.2030416,0.2869986,0.1191013,0.0930593,0.1142487,0,0.3035455,0.5266655,17.59883,2.372246,6.04642,7.744854,9.158842,9.662664,9.690714,1,0,0,0,1,0,0,0,2
4,Binga,2011,0,0.8911037,0.4908718,0.4374177,0.2506766,0.2043347,0.2243533,0.12723,0.0571784,0.0205957,0.0171534,0.0132199,0.4459234,0.2229617,0.2229617,0.3034824,0.1517412,0.1517412,0.0041719,0.7780468,0.6875063,0.642236,0.5416788,0.2435146,0.0944327,0.3973672,0.4316781,0.3218192,0.3706941,0.0294846,0,0.286172,0.4749289,,2.044059,4.022575,5.426525,6.482882,6.925443,6.994647,1,0,0,0,1,0,0,0,2
4,Binga,2017,1,0.9012898,0.4934623,0.4447526,0.2735757,0.2265303,0.3099651,0.1566439,0.0533222,0.0100626,0.0077117,0.0040891,0.4485188,0.2242594,0.2242594,0.1999788,0.0999894,0.0999894,0.0144271,0.8064074,0.6832257,0.6216348,0.4231561,0.2292835,0.1105634,0.4336507,0.4305895,0.2659498,0.3587957,0.2309704,0,0.2926774,0.47827,15.65275,1.811152,4.395641,6.040397,7.215616,7.69476,7.735641,3,1,1,1,1,0,0,0,4
5,Bubi,2011,0,0.6635347,0.4952277,0.3286007,0.191164,0.1557529,0.192518,0.1071359,0.04592,0.0116838,0.0149257,0.0133657,0.3436748,0.1718374,0.1718374,0.3621567,0.1810783,0.1810783,0.0019725,0.59001,0.490618,0.4409219,0.4538556,0.2906725,0.161167,0.2492594,0.3193206,0.1360305,0.2505374,0.0345933,0,0.1760944,0.5016758,,1.799797,4.623352,5.118808,5.45868,6.133671,6.176319,3,0,0,0,2,0,0,1,5
5,Bubi,2017,1,0.7525849,0.5257966,0.3957066,0.2206595,0.1714412,0.2623212,0.1335975,0.0461571,0.0167419,0.0137045,0.0076774,0.6350725,0.3175363,0.3175363,0.3040275,0.1520138,0.1520138,0.0297313,0.6397451,0.49236,0.4186674,0.6969929,0.4244579,0.2163307,0.2042329,0.3535877,0.1309915,0.2562354,0,0,0.2295331,0.5108026,13.31256,1.546427,4.479521,6.830061,7.407985,7.90176,7.90176,1,0,0,0,2,0,0,0,3
6,Buhera,2011,0,0.6329954,0.4504933,0.2851602,0.1642899,0.1354108,0.1790969,0.0993209,0.0419572,0.0270456,0.034908,0.0310071,0.3651192,0.1825596,0.1825596,0.3064507,0.1532253,0.1532253,0,0.5726125,0.4910449,0.4502611,0.1699597,0.071968,0.0261322,0.1770027,0.3164977,0.1780972,0.2261769,0.0450681,0,0.1458943,0.4764431,,1.851607,4.532544,4.61977,4.955731,5.329866,5.334074,0,0,0,0,4,0,0,1,4
6,Buhera,2017,1,0.7556754,0.4647667,0.3512128,0.1991751,0.161873,0.166293,0.0831465,0.0277155,0.0032406,0.0038887,0.003111,0.3582419,0.1791209,0.1791209,0.1344391,0.0672195,0.0672195,0,0.7485267,0.6553752,0.6087994,0.5005816,0.1960829,0.0688519,0.3228959,0.3778377,0.2144825,0.2420737,0.027612,0,0.2402971,0.5983232,14.94086,2.106042,4.654402,6.489302,7.652346,8.129149,8.184646,2,0,0,0,1,0,0,0,3
7,Bulawayo,2011,0,0.1011662,0.4407738,0.0445914,0.0238438,0.0209525,0.0398551,0.0236652,0.0111842,0.0020122,0.0017153,0.0010926,0.1538305,0.0769153,0.0769153,0.1281685,0.0640842,0.0640842,0.0115688,0.0399285,0.0252137,0.0178564,0.0271132,0.0092262,0.0025033,0.0081652,0.0063442,0.0033162,0.0033162,0,0,0,0.4836543,,1.924327,4.036893,4.456801,4.873324,5.935316,5.989706,3,0,0,0,2,0,0,1,5
7,Bulawayo,2017,1,0.2027052,0.4647938,0.0942161,0.0527636,0.0479008,0.0281723,0.0140862,0.0046954,0.0051923,0.0057,0.0044468,0.2644212,0.1322106,0.1322106,0.2002465,0.1001233,0.1001233,0.1188552,0.0940356,0.064332,0.0494802,0.0697474,0.019983,0.0044842,0.042208,0.0367837,0.0175216,0.0178691,0,0,0,0.5107803,13.74619,1.389799,4.088516,6.810815,7.226718,7.634451,7.634451,1,1,1,1,2,0,0,0,3
8,Bulilima,2011,0,0.6465636,0.4693502,0.3034648,0.1678569,0.1341474,0.1737,0.0915337,0.0349498,0.0375559,0.0429508,0.0363896,0.3385693,0.1692847,0.1692847,0.3568501,0.1784251,0.1784251,0,0.5295594,0.3977011,0.3317719,0.4370769,0.1771347,0.0625825,0.2310481,0.3214076,0.1624327,0.1807829,0.0239245,0,0.0900079,0.4690137,,1.551945,3.50538,3.966882,4.460722,5.327744,5.353627,2,0,0,0,2,0,0,1,4
8,Bulilima,2017,1,0.8056162,0.5042389,0.406223,0.2369036,0.1878057,0.3628597,0.1814298,0.0604766,0.0254758,0.0296796,0.0258688,0.8435797,0.4217899,0.4217899,0.1622432,0.0811216,0.0811216,0,0.699018,0.5421913,0.463778,0.5984316,0.3313107,0.1820412,0.189143,0.4005867,0.236443,0.2447655,0.0162359,0,0.0803368,0.4880506,12.20647,1.490727,3.533501,5.765512,6.209715,7.015335,7.015335,3,1,1,1,1,0,0,0,4
9,Centenary,2011,0,0.7171138,0.4674991,0.33525,0.1906297,0.152138,0.2318455,0.1187577,0.0414759,0.0187758,0.0281637,0.0281637,0.4391641,0.219582,0.219582,0.2414481,0.120724,0.120724,0,0.5790546,0.4521618,0.3887154,0.4454094,0.2407708,0.1093703,0.3321916,0.352427,0.1959231,0.1090155,0.069916,0,0.1697048,0.5216914,,2.543434,5.226285,5.784821,6.77855,6.914122,6.915545,1,0,0,0,1,0,0,0,2
9,Centenary,2017,1,0.822916,0.4829018,0.3973876,0.2224763,0.1749515,0.2613488,0.1341443,0.0481846,0.0286651,0.0352524,0.0321542,0.242895,0.1214475,0.1214475,0.2412915,0.1206458,0.1206458,0,0.7101272,0.5612853,0.4868643,0.7512497,0.3231849,0.1252276,0.3514817,0.411458,0.2339741,0.1319878,0.071405,0,0.3392981,0.5455648,18.05087,2.020103,5.007885,7.010694,8.577732,8.861165,8.861981,0,0,0,0,2,0,0,0,2
10,Chegutu,2011,0,0.5048165,0.4673222,0.2359119,0.1355589,0.111077,0.1490309,0.078271,0.0290918,0.0114187,0.017128,0.017128,0.3088887,0.1544444,0.1544444,0.1572736,0.0786368,0.0786368,0.0072445,0.3905275,0.2899927,0.2397253,0.2145049,0.1339864,0.0788211,0.1865871,0.2354234,0.1199456,0.1345118,0.0898373,0,0.2359693,0.4779943,,2.240192,5.38272,6.463553,7.163496,7.578547,7.616021,3,0,0,1,1,0,0,0,4
10,Chegutu,2017,1,0.4035281,0.484167,0.195375,0.1152293,0.1021565,0.0823338,0.0411669,0.0137223,0.0134343,0.0111551,0.0063188,0.3735635,0.1867818,0.1867818,0.2833765,0.1416882,0.1416882,0.0431897,0.3293059,0.249842,0.21011,0.0297255,0.0101724,0.0026091,0.1313981,0.1803463,0.0673648,0.0863759,0.0972517,0,0.1383962,0.5055271,16.15895,2.603492,5.238107,7.243911,7.946541,8.534467,8.548657,1,0,0,0,2,0,0,0,3
11,Chikomba,2011,0,0.4034893,0.4522599,0.182482,0.1005832,0.081393,0.1523917,0.0912674,0.0448311,0.031331,0.0350805,0.0306066,0.3207299,0.1603649,0.1603649,0.2163294,0.1081647,0.1081647,0.0028743,0.3116407,0.2317158,0.1917533,0.168487,0.0813661,0.0345538,0.149495,0.196941,0.0655468,0.0879306,0.0045398,0,0.0253418,0.4539124,,2.445418,5.88428,6.421878,6.908641,7.177258,7.187897,1,0,0,0,3,0,0,1,4
11,Chikomba,2017,1,0.8195584,0.4600958,0.3770753,0.2196073,0.1863057,0.0889366,0.0444683,0.0148228,0.0062012,0.0093018,0.0093018,0.4860092,0.2430046,0.2430046,0.4090057,0.2045029,0.2045029,0.0096436,0.7225781,0.5873467,0.519731,0.4521262,0.2289022,0.1005995,0.3767415,0.3974346,0.1314956,0.1791043,0.1478413,0,0.1750981,0.4910524,15.85033,2.668783,5.34541,7.335352,8.03575,8.459062,8.485926,1,0,0,0,2,0,0,0,3
12,Chimanimani,2011,0,0.6247871,0.4564706,0.285197,0.1526203,0.1252455,0.1910382,0.11492,0.0559766,0.0485112,0.0620715,0.0577939,0.3619109,0.1809555,0.1809555,0.2486722,0.1243361,0.1243361,0,0.4666268,0.3538697,0.2974912,0.2853115,0.1084747,0.0353132,0.2087587,0.295595,0.1077351,0.0227645,0.1060519,0,0.3663951,0.5247387,,2.179684,5.112737,5.299706,5.640894,6.074923,6.091041,5,0,0,2,1,0,0,0,6
12,Chimanimani,2017,1,0.5973125,0.4515933,0.2697423,0.1460754,0.1179222,0.1473936,0.0736968,0.0245656,0.0180823,0.0236607,0.021583,0.2340068,0.1170034,0.1170034,0.1494084,0.0747042,0.0747042,0,0.5409102,0.4291809,0.3733163,0.430139,0.1843703,0.0751142,0.2028363,0.2986562,0.1054898,0.0649342,0.038128,0,0.3325669,0.539542,16.89082,1.786344,5.078374,7.29931,9.646208,10.14915,10.1596,1,1,1,1,2,0,0,0,3
13,Chipinge,2011,0,0.6178544,0.4669291,0.2884942,0.158279,0.1332649,0.2060672,0.1125598,0.0461043,0.0255566,0.0278944,0.0247732,0.3804706,0.1902353,0.1902353,0.23273,0.116365,0.116365,0,0.539092,0.4269245,0.3708408,0.1944635,0.081274,0.0281362,0.2860668,0.2927366,0.1370352,0.0553346,0.0560869,0,0.3350549,0.511987,,1.70222,3.883814,3.960763,4.056105,4.437039,4.438285,1,0,0,0,2,0,0,1,3
13,Chipinge,2017,1,0.7078364,0.4740772,0.3355691,0.1829087,0.1466213,0.3305965,0.1652982,0.0550994,0.0719066,0.0713161,0.0560417,0.3462961,0.1731481,0.1731481,0.0612903,0.0306452,0.0306452,0,0.6532614,0.5564396,0.5080287,0.4522434,0.1557719,0.0438358,0.2899619,0.3374306,0.1223176,0.1104634,0.0246566,0,0.3874826,0.5977855,15.9531,2.094238,5.348912,7.186221,9.064798,10.014,10.01787,1,1,1,1,2,0,0,0,3
14,Chiredzi,2011,0,0.7092029,0.4960584,0.3518061,0.2060157,0.1655745,0.2674922,0.1447508,0.0584763,0.0253404,0.0290978,0.0243339,0.3859111,0.1929556,0.1929556,0.2323926,0.1161963,0.1161963,0.0081074,0.5353104,0.4144122,0.3539631,0.4671086,0.2377283,0.1045549,0.2986744,0.3432481,0.1587549,0.1991347,0.1685364,0,0.2521466,0.4784875,,1.855458,3.691815,3.764424,3.789982,4.047634,4.089421,0,0,0,0,3,0,0,1,3
14,Chiredzi,2017,1,0.5883833,0.4647247,0.2734362,0.157125,0.1260074,0.2631691,0.1315845,0.0438615,0.0168729,0.0151856,0.0091114,0.2367442,0.1183721,0.1183721,0.1224462,0.0612231,0.0612231,0.0083595,0.5444353,0.4520006,0.4057833,0.3110554,0.1224997,0.0476073,0.1912226,0.2941916,0.1342027,0.2055887,0.0552277,0,0.2141282,0.6061399,10.03214,1.783311,3.6454,5.215162,6.14893,6.997007,6.997358,2,1,1,1,2,0,0,0,4
15,Chirumhanzu,2011,0,0.5549556,0.4647008,0.2578883,0.1448045,0.1200718,0.1593321,0.0874287,0.0355821,0.0110591,0.0136863,0.0118543,0.3606099,0.180305,0.180305,0.2388912,0.1194456,0.1194456,0,0.5013164,0.4274787,0.3905599,0.243575,0.0920564,0.0288399,0.2103234,0.2590262,0.1334093,0.1520556,0.0271692,0,0.1531711,0.4224682,,2.101491,5.815977,6.282162,6.725079,7.009277,7.05236,1,0,0,0,3,0,0,1,4
15,Chirumhanzu,2017,1,0.6251555,0.4516681,0.2823628,0.170742,0.1482494,0.0611138,0.0305569,0.0101856,0.0064619,0.0038771,0.0015508,0.6126298,0.3063149,0.3063149,0.1861578,0.0930789,0.0930789,0.0132029,0.5505733,0.4638444,0.4204799,0.1875195,0.0819875,0.0264509,0.1332529,0.3125778,0.169487,0.1716003,0.1123174,0,0.1655523,0.446772,15.63567,2.223201,4.440783,6.695726,7.309603,7.879613,7.879954,0,0,0,0,2,0,0,0,2
16,Chivi,2011,0,0.6934354,0.4603561,0.3192272,0.1828158,0.150319,0.1879238,0.1053966,0.0465669,0.0315654,0.039137,0.033943,0.4373099,0.2186549,0.2186549,0.2848261,0.1424131,0.1424131,0,0.6078671,0.5015829,0.4484408,0.3278379,0.1472344,0.0530842,0.2704847,0.3390161,0.1830274,0.1784689,0.0473801,0,0.1369512,0.4794139,,1.672846,4.391924,4.454467,4.717364,5.027609,5.042647,1,0,0,0,3,0,0,1,4
16,Chivi,2017,1,0.8478808,0.4905011,0.4158865,0.2520023,0.2091392,0.1511089,0.0765716,0.0262019,0.0133154,0.0159179,0.0129347,0.5402085,0.2701043,0.2701043,0.24933,0.124665,0.124665,0.0048014,0.8043408,0.6898453,0.6325975,0.7005135,0.3572995,0.1606606,0.334042,0.4178893,0.2129475,0.1760894,0.1508281,0,0.1955068,0.535835,14.51074,1.964006,3.823805,5.700074,6.59119,7.275847,7.275847,1,1,1,1,2,0,0,0,3
17,Gokwe North,2011,0,0.71849,0.4641342,0.3334758,0.1914242,0.1496533,0.1873635,0.0981245,0.0362337,0.0371279,0.0392256,0.0324037,0.3714911,0.1857456,0.1857456,0.2848351,0.1424176,0.1424176,0,0.5924239,0.4644275,0.4004293,0.3891631,0.2226621,0.1097165,0.2555577,0.359245,0.2878405,0.2635537,0.0045826,0,0.1348359,0.5170916,,2.261196,4.59202,6.250714,7.17856,7.543068,7.567527,0,0,0,0,2,0,0,0,2
17,Gokwe North,2017,1,0.821394,0.4696611,0.3857768,0.2288892,0.1838333,0.2068566,0.1034283,0.0344761,0.0489363,0.0620352,0.0553274,0.3426632,0.1713316,0.1713316,0.2578105,0.1289053,0.1289053,0,0.6892216,0.5832562,0.5302736,0.5965374,0.2772477,0.1173636,0.3126859,0.4034596,0.304093,0.2760734,0.0480215,0,0.1785206,0.5622579,14.96106,2.141859,4.964915,6.906622,8.212411,8.768383,8.77341,2,0,0,0,1,0,0,0,3
18,Gokwe South,2011,0,0.6332779,0.4555775,0.2885072,0.1594562,0.1212809,0.1794818,0.095711,0.0367103,0.0292805,0.036137,0.0322023,0.2813194,0.1406597,0.1406597,0.2516503,0.1258252,0.1258252,0.005863,0.5495791,0.3860387,0.3042685,0.3644134,0.2080619,0.0966989,0.2784133,0.3100662,0.1738843,0.2143961,0.0126093,0,0.0898613,0.4881661,,2.162813,4.796372,5.90672,6.882831,7.411794,7.447589,4,0,0,1,0,0,0,0,4
18,Gokwe South,2017,1,0.7762182,0.4631786,0.3595276,0.1990438,0.1476626,0.1981241,0.0990621,0.0330207,0.0139822,0.0120054,0.0102118,0.4082624,0.2041312,0.2041312,0.1874995,0.0937497,0.0937497,0,0.6471846,0.4531299,0.3561025,0.7243379,0.3644223,0.1666126,0.2300444,0.3840271,0.2417207,0.2307515,0.0389267,0,0.1106515,0.4968709,15.97827,1.891654,4.871479,6.525015,7.683824,8.150812,8.152761,3,1,1,1,1,0,0,0,4
19,Goromonzi,2011,0,0.5746849,0.4811852,0.2765299,0.157932,0.1317932,0.2203078,0.1273294,0.0580141,0.0195086,0.0265794,0.0260427,0.3895135,0.1947567,0.1947567,0.2192335,0.1096167,0.1096167,0.0127735,0.4345289,0.3328867,0.2820656,0.2280868,0.0860182,0.0281274,0.1947371,0.2529228,0.1038097,0.0773657,0.1788528,0,0.2953935,0.5018172,,2.270533,5.067036,6.779958,7.524747,8.02184,8.036292,1,0,0,1,2,0,0,0,3
19,Goromonzi,2017,1,0.5595052,0.4668121,0.2611838,0.1381408,0.1157334,0.0644677,0.0322338,0.0107446,0.0170736,0.0205903,0.0185822,0.3600302,0.1800151,0.1800151,0.266343,0.1331715,0.1331715,0.0448249,0.4773304,0.3719047,0.3191918,0.3812465,0.1368397,0.041712,0.1964848,0.2198552,0.0768409,0.0635897,0.0212001,0,0.2919592,0.5100578,17.90042,2.562198,6.105045,7.900109,9.145003,9.791385,9.824808,2,0,0,0,1,0,0,0,3
20,Guruve,2011,0,0.5186676,0.4469255,0.2318058,0.1267812,0.1032747,0.1743712,0.1016071,0.0471294,0.007713,0.0092556,0.0074045,0.3492435,0.1746217,0.1746217,0.1926733,0.0963366,0.0963366,0,0.3917825,0.2917666,0.2417586,0.2182961,0.0927112,0.0358036,0.2093768,0.2584269,0.1156048,0.1207069,0.032733,0,0.131227,0.5341861,,2.524701,5.035715,5.738911,6.629379,6.792049,6.795173,0,0,0,0,1,0,0,0,1
20,Guruve,2017,1,0.7633699,0.4732843,0.361291,0.202165,0.1598229,0.2232179,0.1133369,0.0395069,0.0146117,0.0137972,0.0105723,0.4758746,0.2379373,0.2379373,0.1455905,0.0727952,0.0727952,0,0.6748157,0.530701,0.4586436,0.6349627,0.3105001,0.137478,0.2396867,0.3805678,0.1746029,0.1318816,0.045181,0,0.2912716,0.5334868,16.53321,2.069669,4.920368,6.91473,8.109364,8.455391,8.457922,1,0,0,0,1,0,0,0,2
21,Gutu,2011,0,0.5855471,0.4706459,0.2755854,0.1578958,0.128468,0.2056859,0.1142899,0.0490893,0.0346459,0.0447117,0.039369,0.4060429,0.2030215,0.2030215,0.2236677,0.1118339,0.1118339,0,0.5155467,0.4308836,0.388552,0.2014094,0.0970796,0.044893,0.2294667,0.2927736,0.2117596,0.1680822,0.0134941,0,0.1154865,0.424356,,1.938168,4.845187,5.034023,5.356042,5.66809,5.677162,1,0,0,0,3,0,0,1,4
21,Gutu,2017,1,0.766768,0.453156,0.3474655,0.2020037,0.1623997,0.1917951,0.0958975,0.0319658,0.0127044,0.0130127,0.0090706,0.4150037,0.2075019,0.2075019,0.0986181,0.049309,0.049309,0,0.7041976,0.5946398,0.5398608,0.5902783,0.2193026,0.0700137,0.2814395,0.372874,0.1888378,0.1629483,0.1564927,0,0.1257325,0.4723184,15.39498,2.168599,4.358078,6.240476,6.976923,7.606566,7.621902,0,0,0,0,2,0,0,0,2
22,Gwanda,2011,0,0.5807342,0.468004,0.2717859,0.162497,0.1314272,0.177456,0.0972986,0.0381466,0.0195107,0.0259382,0.0249536,0.3735033,0.1867516,0.1867516,0.1908453,0.0954226,0.0954226,0.0298027,0.4405264,0.3372835,0.2856621,0.3878641,0.2022424,0.1005106,0.249795,0.2831846,0.1993161,0.2068522,0,0,0.02331,0.5018577,,1.631014,3.355303,3.524045,3.759922,4.305869,4.371611,2,0,0,0,3,0,0,1,5
22,Gwanda,2017,1,0.6641786,0.4616343,0.3066076,0.1852424,0.1506692,0.1505268,0.0752634,0.0250878,0.017154,0.0193007,0.0151854,0.4507799,0.22539,0.22539,0.1721307,0.0860654,0.0860654,0.0060673,0.6097994,0.4841769,0.4213657,0.5671495,0.4120117,0.2602902,0.305245,0.3067673,0.1427291,0.1107656,0.0044749,0,0.0691827,0.5170912,9.321392,0.9777246,3.180669,4.626042,4.864128,5.339383,5.339383,2,1,2,2,2,0,0,0,4
23,Gweru,2011,0,0.3089005,0.4533149,0.1400292,0.0754458,0.0639969,0.1144652,0.0630174,0.0259711,0.0219345,0.0213002,0.0164795,0.358781,0.1793905,0.1793905,0.18633,0.093165,0.093165,0.0051304,0.1998674,0.1571504,0.1357919,0.0785283,0.0213312,0.0041216,0.0935199,0.0968565,0.0287085,0.0672434,0.0160704,0,0.0628422,0.4648133,,2.118575,5.778108,6.090906,6.653584,7.093472,7.171863,3,0,0,0,2,0,0,1,5
23,Gweru,2017,1,0.5622249,0.4857121,0.2730795,0.1570423,0.1314043,0.0618025,0.0309012,0.0103004,0.0323469,0.0466149,0.0450905,0.5822969,0.2911485,0.2911485,0.2078576,0.1039288,0.1039288,0.154761,0.4070331,0.3205525,0.2773122,0.5273175,0.2677703,0.1304668,0.1755924,0.177017,0.0662075,0.0924788,0.0139759,0,0.0955678,0.4629017,15.44889,2.141865,4.679022,7.441671,8.004308,8.59733,8.59733,0,0,0,0,2,0,0,0,2
24,Harare,2011,0,0.2245811,0.4403311,0.09889,0.0591969,0.0487012,0.089705,0.0494785,0.0198413,0.0068766,0.0069831,0.0057371,0.216721,0.1083605,0.1083605,0.1682711,0.0841355,0.0841355,0.0106388,0.1453622,0.0936356,0.0677723,0.0358011,0.0199858,0.0093452,0.111767,0.0390199,0.0682529,0.0470397,0,0,0,0.4671538,,2.055172,4.721265,6.480614,7.152532,7.6034,7.608416,1,0,0,1,3,0,0,0,4
24,Harare,2017,1,0.3818425,0.4931611,0.1883099,0.1163596,0.1026833,0.0178709,0.0089355,0.0029785,0.0194352,0.0223106,0.0182053,0.4782229,0.2391115,0.2391115,0.2527001,0.12635,0.12635,0.3574563,0.2232239,0.1538257,0.1191266,0.1940214,0.1184353,0.0664574,0.1035751,0.0340831,0.0913066,0.0052246,0,0,0.0118236,0.4764062,18.3827,2.43692,5.745828,7.412565,8.547707,9.15606,9.185535,2,0,0,0,1,0,0,0,3
25,Hurungwe,2011,0,0.7757331,0.4909026,0.3808094,0.2202605,0.1774284,0.1989794,0.1091572,0.044268,0.0295802,0.0321954,0.027417,0.4376228,0.2188114,0.2188114,0.3235938,0.1617969,0.1617969,0.0078963,0.5908138,0.4887704,0.4377487,0.5214214,0.2826901,0.1310286,0.3296679,0.3827788,0.2772555,0.2178794,0.0600397,0,0.2401606,0.5105829,,2.702917,5.135056,6.118548,7.026191,7.216691,7.221483,1,0,0,0,2,0,0,0,3
25,Hurungwe,2017,1,0.6724415,0.485221,0.3262827,0.1907067,0.1541451,0.1665259,0.0921563,0.0396121,0.0351827,0.0432363,0.0378948,0.4003221,0.2001611,0.2001611,0.2310656,0.1155328,0.1155328,0,0.5393031,0.4272759,0.3712623,0.482133,0.2502664,0.1167491,0.2327747,0.3276163,0.2108086,0.1808933,0.0738918,0,0.2191689,0.5404603,15.78101,2.213574,4.711564,6.822309,8.120295,8.462643,8.468773,1,0,0,0,1,0,0,0,2
26,Hwange,2011,0,0.4418917,0.4850523,0.2143406,0.1220817,0.1028716,0.1129702,0.0599431,0.0232138,0.0110464,0.0165696,0.0165696,0.3196872,0.1598436,0.1598436,0.2238443,0.1119222,0.1119222,0.0157105,0.3705901,0.3210307,0.296251,0.253169,0.1311148,0.0601322,0.1882999,0.1825424,0.0573985,0.1450624,0.0329868,0,0.1229277,0.5472171,,1.713187,3.287498,4.403261,5.294709,5.801605,5.89459,4,0,0,0,0,0,0,0,4
26,Hwange,2017,1,0.6514491,0.4585479,0.2987206,0.1695397,0.1373784,0.1438679,0.0719339,0.023978,0,0,0,0.3629757,0.1814879,0.1814879,0.2427875,0.1213938,0.1213938,0.1476458,0.5136322,0.3900802,0.3283042,0.4989872,0.2878986,0.1568522,0.2428904,0.2574973,0.0938045,0.1739508,0.0142132,0,0.1455933,0.5562693,12.64812,1.536749,3.984364,5.597839,6.251848,6.766042,6.767055,2,0,0,0,1,0,0,0,3
27,Hwedza,2011,0,0.5947297,0.4406637,0.2620758,0.1504546,0.1278561,0.1803825,0.0942502,0.0348853,0.0292707,0.0336666,0.0299756,0.3197904,0.1598952,0.1598952,0.313238,0.156619,0.156619,0,0.509426,0.432671,0.3942935,0.1958006,0.0858381,0.0309616,0.224016,0.2880826,0.0909143,0.1069904,0.0599019,0,0.1719067,0.4983547,,2.270895,5.600131,5.899813,6.470189,6.848523,6.84897,2,0,0,0,2,0,0,1,4
27,Hwedza,2017,1,0.6500317,0.4648499,0.3021672,0.1650896,0.1403299,0.1079811,0.0539906,0.0179969,0,0,0,0.5212656,0.2606328,0.2606328,0.2796378,0.1398189,0.1398189,0,0.5783652,0.5009169,0.4621927,0.4127489,0.1397032,0.0427021,0.1837783,0.3171953,0.0876614,0.1464713,0.0342505,0,0.2012328,0.5181746,15.64626,3.002732,6.209775,8.269378,9.112408,9.441044,9.462212,1,0,0,0,2,0,0,0,3
28,Insiza,2011,0,0.7498073,0.4644542,0.3482511,0.2068167,0.1654743,0.2142463,0.1089526,0.0379699,0.0289247,0.0306664,0.0244898,0.4123448,0.2061724,0.2061724,0.2551139,0.1275569,0.1275569,0,0.6085934,0.48622,0.4250333,0.529273,0.3025711,0.1480419,0.302158,0.3378433,0.2018212,0.1915304,0.0730084,0,0.1535285,0.4525419,,1.942821,4.796594,5.00852,5.373252,5.96408,6.048721,3,0,0,0,2,0,0,1,5
28,Insiza,2017,1,0.7501507,0.472276,0.3542781,0.1995087,0.1577672,0.1256738,0.0693399,0.0296163,0.0083781,0.0125672,0.0125672,0.5109608,0.2554804,0.2554804,0.2540564,0.1270282,0.1270282,0,0.6203713,0.4786371,0.40777,0.6642669,0.2958353,0.121147,0.1876681,0.3586866,0.2173065,0.2008322,0.0704227,0,0.1470189,0.4670119,14.97464,1.691468,4.445515,6.852991,7.403004,7.870181,7.870181,1,0,0,1,2,0,0,0,3
29,Kadoma,2011,0,0.5183032,0.4655104,0.2412755,0.1359642,0.1125352,0.1823333,0.1017177,0.0432965,0.0182596,0.0247654,0.0226662,0.3318197,0.1659098,0.1659098,0.281988,0.140994,0.140994,0.0032334,0.378592,0.2871564,0.2414386,0.2152376,0.0943945,0.0363051,0.2064462,0.2321777,0.099316,0.1480668,0.0485024,0,0.1461448,0.477987,,2.506846,5.572485,6.509271,7.226787,7.68032,7.72229,3,0,0,0,2,0,0,1,5
29,Kadoma,2017,1,0.44197,0.4362037,0.1927889,0.1079544,0.0841102,0.0465305,0.0232652,0.0077551,0.0191608,0.0064652,0.0015799,0.2483177,0.1241588,0.1241588,0.0910384,0.0455192,0.0455192,0.0448853,0.3666212,0.2789665,0.2351391,0.4056798,0.2214382,0.1085458,0.145907,0.2026174,0.0708539,0.1284378,0.0023857,0,0.0590596,0.507046,15.10429,2.560616,5.36022,7.43457,8.26189,8.872392,8.876791,2,0,0,0,1,0,0,0,3
30,Kariba,2011,0,0.4386821,0.4827185,0.21176,0.1243898,0.1021536,0.1045605,0.0652243,0.032269,0.0168939,0.0224387,0.020577,0.2990576,0.1495288,0.1495288,0.2513687,0.1256844,0.1256844,0.0178415,0.3310998,0.2593147,0.2234222,0.2583238,0.1663365,0.0922617,0.1526704,0.1624231,0.1190966,0.1155684,0.0196926,0,0.1631225,0.4129251,,2.436869,4.685263,6.217695,7.195518,7.520093,7.627126,0,0,0,0,1,0,0,0,1
30,Kariba,2017,1,0.6493346,0.5583247,0.3625396,0.1966434,0.1540214,0.2375554,0.1211259,0.0427235,0.0230008,0.0265808,0.0220785,0.5348462,0.2674231,0.2674231,0.2456811,0.1228406,0.1228406,0.0406189,0.5972729,0.4795263,0.4206529,0.5506071,0.2382763,0.0913692,0.3063091,0.3112387,0.1762156,0.2294516,0.0279728,0,0.1633555,0.4320639,18.81042,2.031759,4.355509,6.563619,8.159416,8.526196,8.657281,2,0,0,0,1,0,0,0,3
31,Kwekwe,2011,0,0.4212426,0.4526867,0.1906909,0.1142075,0.0940154,0.1181468,0.0660567,0.0286743,0.0166429,0.0204181,0.0177113,0.2853163,0.1426582,0.1426582,0.2144433,0.1072216,0.1072216,0.0283332,0.338155,0.2682736,0.2333329,0.2483137,0.1637918,0.0823782,0.1408511,0.1844952,0.0860701,0.0693204,0.0210007,0,0.0604749,0.4779074,,2.154934,5.879312,6.485463,7.099225,7.569146,7.642485,3,0,0,0,2,0,0,1,5
31,Kwekwe,2017,1,0.5968614,0.4570346,0.2727863,0.1473082,0.1128297,0.1111922,0.0555961,0.018532,0.0128967,0.0126648,0.0113287,0.2857407,0.1428703,0.1428703,0.2468404,0.1234202,0.1234202,0.0468877,0.4832949,0.3418842,0.2711788,0.5409487,0.2724084,0.1258992,0.1906819,0.2771875,0.1150696,0.168028,0.0045417,0,0.1081602,0.4733644,13.92527,2.275705,5.002184,7.255149,7.97531,8.558499,8.566334,2,0,0,0,1,0,0,0,3
32,Lupane,2011,0,0.8356735,0.48753,0.4074158,0.2355707,0.187814,0.1994995,0.114443,0.0509182,0.031817,0.032257,0.0265614,0.4254892,0.2127446,0.2127446,0.2858175,0.1429088,0.1429088,0,0.7808459,0.6605394,0.6003863,0.6624666,0.3591798,0.1752572,0.3313456,0.4178367,0.2041878,0.3327497,0.0192854,0,0.1791097,0.5232181,,2.172646,4.409596,5.451798,6.123903,6.65155,6.68147,2,0,0,0,2,0,0,1,4
32,Lupane,2017,1,0.8372175,0.5059841,0.4236187,0.2402458,0.1863837,0.3410694,0.1705347,0.0568449,0.0158173,0.0186142,0.0155472,0.5580528,0.2790264,0.2790264,0.3084676,0.1542338,0.1542338,0,0.745321,0.6219698,0.5602941,0.7771373,0.3714559,0.1682891,0.2454707,0.4125644,0.2126386,0.2878811,0.0296171,0,0.0903407,0.5141191,13.78614,1.784141,4.727441,6.586219,7.39337,7.949373,7.950863,3,1,1,1,1,0,0,0,4
33,Makonde,2011,0,0.4854448,0.4774365,0.2317691,0.135543,0.109566,0.1727032,0.0952383,0.0397541,0.0173182,0.0230316,0.0218533,0.222041,0.1110205,0.1110205,0.2031807,0.1015904,0.1015904,0.0100765,0.3794735,0.2951568,0.2529984,0.2856387,0.129693,0.0523753,0.1836069,0.2313744,0.1305515,0.1210001,0.0922769,0,0.1525645,0.5481858,,2.370793,4.912463,6.219514,7.103483,7.403413,7.421019,0,0,0,0,2,0,0,0,2
33,Makonde,2017,1,0.5903251,0.4631434,0.2734052,0.1514257,0.1152718,0.1705619,0.0852809,0.028427,0.0364538,0.0470491,0.0440777,0.2522843,0.1261422,0.1261422,0.1683878,0.0841939,0.0841939,0.02457,0.4364752,0.3266684,0.2717649,0.5350661,0.2659211,0.1236184,0.1835963,0.2827209,0.1535593,0.1702258,0.0085512,0,0.1748967,0.5468322,16.38018,2.354622,4.99373,7.009517,8.063351,8.510684,8.529466,0,0,0,0,2,0,0,0,2
34,Makoni,2011,0,0.5147937,0.4594332,0.2365133,0.1375856,0.1126575,0.1592891,0.0811441,0.0285476,0.0306703,0.03299,0.0277569,0.3198242,0.1599121,0.1599121,0.1976011,0.0988006,0.0988006,0,0.4642642,0.390884,0.3541939,0.2820802,0.1437245,0.0626417,0.2067567,0.2553881,0.1112486,0.1059676,0.0279279,0,0.0858586,0.4884384,,2.12233,5.100993,5.72828,6.61378,7.062048,7.082152,0,0,0,0,3,0,0,1,3
34,Makoni,2017,1,0.6661366,0.4765605,0.3174544,0.1756582,0.1405561,0.1681104,0.0840552,0.0280184,0.0096368,0.0115642,0.0092513,0.3211315,0.1605657,0.1605657,0.2022272,0.1011136,0.1011136,0.0044359,0.6440077,0.5511876,0.5047776,0.5711025,0.213308,0.0735236,0.1861999,0.3265489,0.1658948,0.1418038,0.0217633,0,0.2529542,0.5217349,17.16234,3.045981,6.18875,8.234073,9.536086,9.845618,9.941525,2,0,0,0,1,0,0,0,3
35,Mangwe,2011,0,0.647092,0.4799978,0.3106028,0.1802229,0.1438832,0.2074894,0.1099398,0.0424469,0.0120966,0.0114138,0.0092861,0.3455498,0.1727749,0.1727749,0.3336846,0.1668423,0.1668423,0.0182726,0.5275483,0.4069197,0.3466054,0.4818167,0.2597851,0.1317299,0.244955,0.3144253,0.2268949,0.1533621,0.0239496,0,0.0606815,0.4781628,,1.598046,3.4222,3.698728,4.031572,4.882412,4.909391,2,0,0,0,2,0,0,1,4
35,Mangwe,2017,1,0.6669774,0.4949386,0.3301129,0.1857163,0.1497092,0.2372188,0.1259778,0.0493609,0,0,0,0.5352886,0.2676443,0.2676443,0.1587103,0.0793552,0.0793552,0.0187753,0.5145138,0.4242174,0.3790692,0.6543655,0.3358585,0.165014,0.3062845,0.3218877,0.1298585,0.1231233,0,0,0.1360458,0.4799957,11.61872,1.290853,3.775989,5.96094,6.27619,6.876623,6.876623,3,2,2,3,2,0,0,0,5
36,Marondera,2011,0,0.5766205,0.4576922,0.2639147,0.1620978,0.1395654,0.1596858,0.0833884,0.0309433,0.0371411,0.0452623,0.040679,0.3531205,0.1765603,0.1765603,0.2104326,0.1052163,0.1052163,0,0.4294951,0.3574999,0.3215023,0.2687538,0.1168194,0.0442668,0.15316,0.2746271,0.0506835,0.0832395,0.2190564,0,0.2677941,0.4980265,,2.122849,5.008537,5.790653,6.493503,6.895111,6.911938,0,0,0,0,3,0,0,1,3
36,Marondera,2017,1,0.7269388,0.5042986,0.3665942,0.1986675,0.1647023,0.1019318,0.0509659,0.0169886,0.0060328,0.0090491,0.0090491,0.6690103,0.3345052,0.3345052,0.2816675,0.1408337,0.1408337,0.120506,0.5376467,0.4162441,0.3555429,0.6692727,0.2922111,0.113944,0.3177887,0.2886497,0.0976029,0.0800785,0.0263273,0,0.2861305,0.5359359,17.72322,3.031298,6.341564,8.387663,9.209925,9.594013,9.625602,1,0,0,0,2,0,0,0,3
37,Masvingo,2011,0,0.4193512,0.4516214,0.189388,0.1111671,0.0906692,0.1358984,0.0773463,0.0351792,0.0147231,0.0152448,0.0107421,0.2593322,0.1296661,0.1296661,0.1571958,0.0785979,0.0785979,0.0032498,0.3659113,0.301144,0.2687604,0.1825979,0.0958096,0.0463691,0.1267575,0.1946023,0.1152022,0.1325074,0.025574,0,0.0856338,0.4789343,,1.726823,4.494175,4.613437,4.862432,5.153019,5.171417,1,0,0,0,3,0,0,1,4
37,Masvingo,2017,1,0.511381,0.4485565,0.2293833,0.1365591,0.1089936,0.0831331,0.0415665,0.0138555,0.0051795,0.0031077,0.0012431,0.2909545,0.1454773,0.1454773,0.0943732,0.0471866,0.0471866,0.0474625,0.4115558,0.3411382,0.3059294,0.4019414,0.2572229,0.1391031,0.177992,0.2397568,0.1629646,0.1137391,0.0255217,0,0.124567,0.5315479,14.9236,2.114931,4.155605,6.086453,7.067531,7.852599,7.852959,1,1,1,1,2,0,0,0,3
38,Matobo,2011,0,0.7522478,0.450975,0.339245,0.1952714,0.1559746,0.1878002,0.1029043,0.0422784,0.0232551,0.0329865,0.0314696,0.3540109,0.1770054,0.1770054,0.2645682,0.1322841,0.1322841,0,0.6036683,0.4653873,0.3962468,0.534257,0.2963024,0.154223,0.3212203,0.3728213,0.1975672,0.2113412,0.0490256,0,0.103292,0.4942215,,1.624507,3.409652,3.719918,4.034565,4.883947,4.922814,3,0,0,0,2,0,0,1,5
38,Matobo,2017,1,0.7905002,0.5032313,0.3978045,0.2257605,0.1793827,0.1637508,0.0818754,0.0272918,0.0131132,0.0151955,0.0134058,0.7089022,0.3544511,0.3544511,0.4104087,0.2052043,0.2052043,0,0.6598591,0.5040917,0.426208,0.7039049,0.4201503,0.2175112,0.2098272,0.3933649,0.2062395,0.1824004,0.0066858,0,0.1206856,0.4788711,11.68083,1.302427,4.188193,6.310952,6.606905,7.189901,7.189901,2,1,1,2,2,0,0,0,4
39,Mazowe,2011,0,0.477352,0.4907045,0.2342387,0.1385676,0.1177725,0.1441602,0.0779549,0.0315415,0.0489594,0.0684316,0.0660338,0.3184272,0.1592136,0.1592136,0.2145793,0.1072896,0.1072896,0.0037613,0.3593625,0.2664283,0.2199612,0.1976835,0.0744519,0.0246586,0.1827001,0.2180222,0.1195303,0.0341232,0.1594273,0,0.2245315,0.5635988,,1.969051,4.449699,5.93524,6.621555,6.910812,6.912322,0,0,0,0,2,0,0,0,2
39,Mazowe,2017,1,0.7515023,0.4959081,0.372676,0.1976761,0.1679974,0.173159,0.094493,0.0394112,0.0055062,0.0049556,0.0029734,0.5591459,0.279573,0.279573,0.3930585,0.1965293,0.1965293,0,0.5920779,0.4894935,0.4382012,0.5647869,0.2047491,0.0647862,0.2758162,0.3565281,0.0838693,0.0362181,0.0772632,0,0.4229932,0.5316244,18.46458,2.224304,5.369284,7.031892,8.163498,8.566962,8.569732,1,0,0,0,1,0,0,0,2
40,Mberengwa,2011,0,0.5905666,0.4442665,0.262369,0.1531092,0.1272474,0.2007993,0.1129843,0.0486887,0.0140894,0.0199545,0.0190108,0.4109886,0.2054943,0.2054943,0.2913835,0.1456918,0.1456918,0,0.4717605,0.3781146,0.3312917,0.1480346,0.0668201,0.0331676,0.1801844,0.2740333,0.1891097,0.1802838,0.052656,0,0.0791826,0.535835,,1.815053,4.697943,4.783741,5.085419,5.498085,5.543062,2,0,0,0,3,0,0,1,5
40,Mberengwa,2017,1,0.7720926,0.4714139,0.3639751,0.2049239,0.161483,0.174801,0.0874005,0.0291335,0.0064602,0.0060824,0.0046393,0.5875331,0.2937666,0.2937666,0.1382532,0.0691266,0.0691266,0,0.7298692,0.594549,0.5268889,0.719713,0.2598131,0.0836286,0.1621003,0.3860463,0.2083403,0.2104152,0.0683882,0,0.0658439,0.5771862,13.57048,1.646035,3.867595,5.643459,6.207862,6.719718,6.719718,3,1,2,3,2,0,0,0,5
41,Mount Darwin,2011,0,0.5683911,0.4512869,0.2565075,0.143223,0.1190112,0.1451671,0.0799204,0.0327774,0.0182723,0.0236038,0.0209139,0.3361616,0.1680808,0.1680808,0.2351777,0.1175888,0.1175888,0.010137,0.4971851,0.3890251,0.3349452,0.2090062,0.0827566,0.0280606,0.2711415,0.2791147,0.1658339,0.1007138,0.0182241,0,0.150686,0.5389146,,2.354179,5.137783,5.730124,6.516071,6.656835,6.658494,2,0,0,1,2,0,0,0,4
41,Mount Darwin,2017,1,0.7456881,0.462103,0.3445847,0.1938789,0.1500789,0.2326834,0.1192297,0.0426313,0.0100223,0.0110933,0.0091025,0.3871611,0.1935806,0.1935806,0.0377719,0.018886,0.018886,0,0.6623042,0.5162279,0.4431898,0.6804026,0.2920045,0.1189589,0.2842466,0.3662046,0.1924565,0.1566554,0.0997119,0,0.1639341,0.5575401,17.62664,1.928453,5.17785,6.890382,8.675831,9.076168,9.080408,1,0,0,0,1,0,0,0,2
42,Mudzi,2011,0,0.6964392,0.464814,0.3237147,0.1895469,0.1578906,0.1921913,0.1077274,0.0465186,0.0397818,0.047142,0.0415328,0.3879966,0.1939983,0.1939983,0.2537493,0.1268747,0.1268747,0.0059649,0.6609996,0.5665569,0.5193356,0.2628319,0.1317454,0.0552203,0.2877037,0.3449037,0.2103844,0.2001476,0.022311,0,0.2063238,0.512637,,1.713536,4.431231,4.746219,5.438995,5.628275,5.654539,2,0,0,1,2,0,0,0,4
42,Mudzi,2017,1,0.840325,0.4537006,0.381256,0.2169613,0.1727071,0.2228676,0.1114338,0.0371446,0.0193815,0.0265857,0.0245964,0.2781737,0.1390869,0.1390869,0.0348633,0.0174317,0.0174317,0,0.8237035,0.6944578,0.6298349,0.6583049,0.2738247,0.108061,0.3251177,0.4201625,0.2040694,0.2286487,0.075983,0,0.3306558,0.5363978,13.35667,1.838692,5.117607,6.643567,7.851156,8.247704,8.257883,2,0,0,0,1,0,0,0,3
43,Murehwa,2011,0,0.5679724,0.4423914,0.2512661,0.1393915,0.1146617,0.158242,0.0804536,0.0281505,0.0207315,0.0267223,0.0247805,0.3548334,0.1774167,0.1774167,0.2302615,0.1151307,0.1151307,0.0062579,0.4753696,0.36548,0.3105352,0.1912108,0.0793702,0.0260481,0.2207532,0.2759254,0.1256347,0.1002277,0.0589082,0,0.1686719,0.4706633,,2.366968,4.9975,6.725925,7.55061,8.190507,8.204727,1,0,0,1,2,0,0,0,3
43,Murehwa,2017,1,0.7549634,0.4724534,0.356685,0.1921038,0.159039,0.1553887,0.0776944,0.0258981,0.0047144,0.0014143,0.0002829,0.4529577,0.2264788,0.2264788,0.3507757,0.1753878,0.1753878,0.0327965,0.6649177,0.5417519,0.4801691,0.5793552,0.2046735,0.0679965,0.2343847,0.3669591,0.1166688,0.0922787,0.0656727,0,0.2716378,0.5324644,18.83796,2.708288,6.030143,7.88685,9.197947,9.677792,9.761492,4,0,0,0,0,0,0,0,4
44,Mutare,2011,0,0.459372,0.4541211,0.2086105,0.1195141,0.1019878,0.1370261,0.0762028,0.0328872,0.0199364,0.0216143,0.0183818,0.3683124,0.1841562,0.1841562,0.191497,0.0957485,0.0957485,0.0016079,0.4006584,0.3363991,0.3042695,0.1276296,0.0613192,0.0279806,0.1806099,0.2089039,0.1009794,0.0824868,0.0247798,0,0.1373722,0.4813048,,2.004107,4.764344,5.016678,5.577498,6.070166,6.075615,2,0,0,0,2,0,0,1,4
44,Mutare,2017,1,0.5444843,0.4546344,0.2475413,0.1415879,0.1153724,0.1207985,0.0642606,0.0252815,0.016126,0.0200809,0.0167944,0.3156638,0.1578319,0.1578319,0.1539641,0.0769821,0.0769821,0.0735333,0.4823251,0.3949474,0.3512585,0.4368837,0.2102182,0.0873506,0.2141717,0.2537669,0.0844304,0.0588583,0.0143454,0,0.1267751,0.4988379,13.9016,2.142436,5.213026,7.333084,8.933375,9.261968,9.40498,2,0,0,0,1,0,0,0,3
45,Mutasa,2011,0,0.5374749,0.4450658,0.2392117,0.138201,0.1171,0.1668986,0.0915276,0.0374859,0.0028396,0.0042594,0.0042594,0.3237663,0.1618831,0.1618831,0.174119,0.0870595,0.0870595,0,0.4923145,0.3989502,0.352268,0.1534169,0.086338,0.0449679,0.2256102,0.2548701,0.136689,0.0125476,0.0770322,0,0.2524069,0.5497206,,2.625733,6.452742,6.652361,7.652789,8.233488,8.28795,5,0,0,0,1,0,0,1,6
45,Mutasa,2017,1,0.6317567,0.4352277,0.274958,0.1442104,0.1174185,0.1545006,0.0783619,0.0268617,0.0141299,0.0121721,0.0078412,0.4237248,0.2118624,0.2118624,0.0996773,0.0498386,0.0498386,0.005609,0.5481293,0.4377749,0.3825977,0.3968841,0.1224232,0.0297439,0.1695354,0.2984508,0.1428978,0.0180938,0.0078383,0,0.3326299,0.5436387,16.28564,3.361561,6.849905,9.332245,11.23542,11.54671,11.66203,0,0,0,0,2,0,0,0,2
46,Mutoko,2011,0,0.613756,0.4587162,0.2815398,0.1586383,0.1289424,0.1990969,0.1037845,0.0385623,0.0270753,0.0323855,0.0279466,0.3720401,0.1860201,0.1860201,0.2531143,0.1265571,0.1265571,0,0.5508565,0.4477725,0.3962306,0.2860656,0.1437459,0.068233,0.274013,0.2980027,0.1738287,0.0884637,0.0403876,0,0.1116838,0.4648113,,1.955095,4.757822,5.702457,6.503134,6.803583,6.825425,1,0,0,0,3,0,0,1,4
46,Mutoko,2017,1,0.7131262,0.4565979,0.3256119,0.1847453,0.152096,0.1697646,0.0848823,0.0282941,0,0,0,0.4273197,0.2136598,0.2136598,0.1108287,0.0554143,0.0554143,0,0.6357064,0.5115225,0.4494305,0.4249597,0.1906831,0.0820752,0.2898577,0.3565631,0.2130389,0.1132259,0.0607101,0,0.2913382,0.5222413,15.47423,2.389893,5.568621,7.224626,8.421104,8.767159,8.817111,4,0,0,0,0,0,0,0,4
47,Mwenezi,2011,0,0.7399985,0.4956786,0.3668014,0.2197075,0.1769582,0.1995747,0.1206864,0.0579655,0.0245237,0.0261277,0.0220468,0.4366418,0.2183209,0.2183209,0.2376675,0.1188338,0.1188338,0.0011603,0.6342782,0.4890229,0.4163953,0.4872658,0.3241034,0.1868255,0.3066621,0.3658366,0.2468347,0.2859809,0.0817616,0,0.1764257,0.4678443,,1.868073,3.894077,3.945071,4.118891,4.315856,4.392635,1,0,0,0,3,0,0,1,4
47,Mwenezi,2017,1,0.8440157,0.4790824,0.4043531,0.2309103,0.1814745,0.2532418,0.1266209,0.042207,0.0146135,0.0219203,0.0219203,0.4657734,0.2328867,0.2328867,0.1485366,0.0742683,0.0742683,0,0.771377,0.6355799,0.5676813,0.7252873,0.2964416,0.1092181,0.2543057,0.4164086,0.2827213,0.2532729,0.0673031,0,0.188513,0.54435,10.94258,1.295686,2.813621,4.164988,4.610154,5.10772,5.10772,1,1,1,1,2,0,0,0,3
48,Nkayi,2011,0,0.7876952,0.4920887,0.3876159,0.2264698,0.1817989,0.2280635,0.1279952,0.0544599,0.0559447,0.0686184,0.0589872,0.411052,0.205526,0.205526,0.3225613,0.1612806,0.1612806,0,0.7224103,0.6044369,0.5454502,0.4869719,0.2266556,0.0880096,0.2932997,0.3923372,0.2432844,0.3434329,0.0362915,0,0.1467018,0.512805,,2.072265,4.862356,5.639026,6.298719,6.822833,6.885122,4,0,0,1,1,0,0,0,5
48,Nkayi,2017,1,0.8636779,0.4833368,0.4174473,0.2437317,0.1905863,0.2314214,0.1157107,0.0385702,0.0049264,0.0014779,0.0002956,0.867274,0.433637,0.433637,0.1506318,0.0753159,0.0753159,0,0.762028,0.6067495,0.5291102,0.8014627,0.4656129,0.2323981,0.0676803,0.4209099,0.194666,0.3368402,0,0,0.1279088,0.5118189,14.25801,1.770538,4.856295,6.828234,7.685552,8.209511,8.212466,2,1,1,1,2,0,0,0,4
49,Nyanga,2011,0,0.5860168,0.4480962,0.262592,0.1545422,0.1321223,0.1618952,0.0885222,0.0361864,0.0224344,0.0269707,0.0238091,0.4126669,0.2063334,0.2063334,0.2480343,0.1240172,0.1240172,0,0.5042282,0.4097524,0.3625144,0.2045761,0.1057205,0.049038,0.2521117,0.2821776,0.1118369,0.0757173,0.0858066,0,0.1331384,0.5300231,,2.164095,5.349773,5.77376,6.687733,7.096064,7.136609,1,1,1,1,3,0,0,1,4
49,Nyanga,2017,1,0.7350896,0.4719771,0.3469455,0.188307,0.1477827,0.2367942,0.1209792,0.0429085,0.0083632,0.002509,0.0005018,0.4357445,0.2178723,0.2178723,0.1802612,0.0901306,0.0901306,0,0.6783435,0.5263022,0.4502815,0.5392446,0.2560495,0.1078403,0.3081806,0.3559265,0.1566437,0.1390085,0.0298547,0,0.2276166,0.5221602,16.71392,2.988851,6.488094,8.426423,9.955121,10.23872,10.36517,2,0,0,0,1,0,0,0,3
50,Rushinga,2011,0,0.6621224,0.470704,0.3116636,0.1767835,0.1459164,0.1959295,0.1060721,0.0414847,0.0443465,0.0409098,0.0323257,0.4275938,0.2137969,0.2137969,0.2826551,0.1413276,0.1413276,0.006627,0.5650185,0.4729534,0.4269209,0.2907234,0.1282825,0.0509221,0.266079,0.3221304,0.1703241,0.2352517,0.0172,0,0.1369255,0.5358989,,1.879722,4.362008,4.795674,5.466545,5.60605,5.616411,4,0,0,2,2,0,0,0,6
50,Rushinga,2017,1,0.7774985,0.4564676,0.3549029,0.1887642,0.1479406,0.2041923,0.1045202,0.0372642,0.0088227,0.0104779,0.0099266,0.3596769,0.1798385,0.1798385,0.2455187,0.1227594,0.1227594,0,0.7175935,0.5604543,0.4818847,0.5707724,0.227439,0.0795469,0.254882,0.3887493,0.1861628,0.186713,0.0175541,0,0.2309396,0.5774496,14.54382,1.695295,4.834415,6.310274,7.673668,8.253428,8.276046,1,0,0,0,1,0,0,0,2
51,Seke,2011,0,0.5709967,0.4850471,0.2769603,0.1605374,0.1316268,0.1563113,0.0903771,0.0410969,0.0351725,0.0468526,0.0429504,0.2992548,0.1496274,0.1496274,0.2655277,0.1327638,0.1327638,0,0.4246064,0.3198481,0.267469,0.3652286,0.2109227,0.1059982,0.2086974,0.2735217,0.1043971,0.0968942,0.1245076,0,0.2770036,0.5495559,,2.065988,5.030308,5.946175,6.549157,6.855102,6.868016,0,0,0,0,3,0,0,1,3
51,Seke,2017,1,0.6255431,0.4624324,0.2892714,0.1591007,0.1373552,0.0578143,0.0289071,0.0096357,0.0125116,0.016677,0.0150047,0.3480408,0.1740204,0.1740204,0.3302233,0.1651116,0.1651116,0,0.4963279,0.4185987,0.379734,0.4341545,0.1750241,0.0697352,0.2194802,0.2874872,0.0782468,0.0778418,0.0782611,0,0.3276887,0.5713183,16.345,2.741711,5.540209,7.433631,8.110306,8.573171,8.603352,1,0,0,0,2,0,0,0,3
52,Shamva,2011,0,0.3914723,0.4309385,0.1687005,0.0900306,0.0726073,0.1297047,0.0760254,0.0352014,0.0053547,0.0080321,0.0080321,0.3299375,0.1649688,0.1649688,0.1224358,0.0612179,0.0612179,0,0.2417712,0.1758386,0.1428724,0.1837546,0.0810386,0.0306064,0.1728883,0.1912169,0.0836272,0.0475238,0.0282006,0,0.0662391,0.5473816,,2.341632,5.486903,6.756586,7.402499,7.767242,7.770233,2,0,0,1,2,0,0,0,4
52,Shamva,2017,1,0.5219427,0.4400114,0.2296608,0.1180151,0.0895873,0.1124721,0.0562361,0.0187454,0.0163595,0.0168078,0.0117521,0.0746782,0.0373391,0.0373391,0.1758943,0.0879472,0.0879472,0,0.4612684,0.3433531,0.2843954,0.419229,0.1600036,0.0536166,0.1695965,0.2583334,0.1177327,0.1129949,0.0043125,0,0.2589058,0.5241825,16.49563,2.266093,5.911586,7.621286,9.247546,9.688367,9.721086,1,0,0,0,1,0,0,0,2
53,Shurugwi,2011,0,0.4293333,0.4473803,0.1920753,0.1113695,0.092029,0.1560222,0.0932154,0.0444952,0.0293547,0.0276746,0.0221591,0.2858402,0.1429201,0.1429201,0.1921743,0.0960872,0.0960872,0.0058338,0.3514904,0.2811266,0.2459447,0.1735959,0.0857696,0.0357039,0.148311,0.1795288,0.0768179,0.0922,0.0336089,0,0.0999368,0.4507103,,1.914963,5.497516,5.654131,6.102945,6.410945,6.471643,4,0,0,0,2,0,0,1,6
53,Shurugwi,2017,1,0.5067719,0.4633137,0.2347943,0.1217542,0.1029588,0.0838798,0.0419399,0.01398,0,0,0,0.6991868,0.3495934,0.3495934,0.0649634,0.0324817,0.0324817,0.0186875,0.3688927,0.3046266,0.2724936,0.3350793,0.1086777,0.0293984,0.1629093,0.2497724,0.0808395,0.0713922,0,0,0.0949432,0.4757082,15.70697,2.195416,4.554771,7.280546,7.878885,8.476064,8.477697,2,2,2,2,2,0,0,0,4
54,Tsholotsho,2011,0,0.6709011,0.4566056,0.3063372,0.1677788,0.1383679,0.1557237,0.0793076,0.0273997,0.0214306,0.0228933,0.0187113,0.3965458,0.1982729,0.1982729,0.2088412,0.1044206,0.1044206,0,0.6100284,0.5313509,0.4920121,0.3552198,0.1539096,0.0568511,0.2745123,0.3313074,0.0697566,0.282899,0.0117613,0,0.1921774,0.4961647,,1.808259,3.863093,4.466457,5.024655,5.816229,5.850959,1,0,0,0,3,0,0,1,4
54,Tsholotsho,2017,1,0.7828274,0.4905643,0.3840272,0.2077164,0.1634334,0.2840511,0.145981,0.0521203,0.0321322,0.0247505,0.018622,0.5895985,0.2947992,0.2947992,0.2887534,0.1443767,0.1443767,0,0.675565,0.5425757,0.4760811,0.5939173,0.2667898,0.108824,0.2089528,0.3897691,0.0948623,0.291253,0.0237585,0,0.1756453,0.529662,11.71905,1.673782,3.922127,5.892687,6.497551,7.237889,7.237889,3,1,1,1,1,0,0,0,4
55,Umguza,2011,0,0.67595,0.4737864,0.3202559,0.1878285,0.1509068,0.2108878,0.1224066,0.0567898,0.0268024,0.0312277,0.0269097,0.4264482,0.2132241,0.2132241,0.1342265,0.0671133,0.0671133,0.0058997,0.5726719,0.4940723,0.4547726,0.4217593,0.2451251,0.1111959,0.2425722,0.2988012,0.1344675,0.2014538,0.1008102,0,0.2656303,0.5285311,,1.762105,4.212713,4.665398,5.062825,5.993086,6.046187,5,0,0,0,1,0,0,1,6
55,Umguza,2017,1,0.8213631,0.4887021,0.4014019,0.2171537,0.1767589,0.2433613,0.1216806,0.0405602,0.0139233,0.006799,0.0039818,0.7274942,0.3637471,0.3637471,0.1694671,0.0847336,0.0847336,0,0.7525867,0.6271912,0.5644935,0.6711274,0.2367051,0.0757452,0.1954267,0.4006662,0.0752047,0.2367648,0.0703042,0,0.2569909,0.526668,12.73604,1.486675,4.1914,6.589447,7.142042,7.671651,7.671651,0,0,0,0,2,0,0,0,2
56,Umzingwane,2011,0,0.6561831,0.4766597,0.312776,0.1862717,0.1554646,0.2357177,0.1289233,0.0519221,0.0270209,0.0312484,0.0259677,0.361042,0.180521,0.180521,0.2804216,0.1402108,0.1402108,0,0.5888562,0.4822828,0.4289961,0.2646894,0.1585091,0.0867062,0.2612139,0.2986165,0.1434322,0.1643912,0.1089819,0,0.2369888,0.5081328,,2.069575,4.356356,4.63669,4.925991,5.709335,5.773517,3,0,0,0,2,0,0,1,5
56,Umzingwane,2017,1,0.6647241,0.4641164,0.3085093,0.1718502,0.1375508,0.1535357,0.0767679,0.0255893,0,0,0,0.5600293,0.2800146,0.2800146,0.1239683,0.0619842,0.0619842,0,0.5244697,0.4187666,0.3659151,0.5168272,0.2451094,0.1032039,0.2036366,0.3222024,0.1306901,0.1535145,0.0795648,0,0.1624001,0.4998973,14.53305,1.472215,4.334992,6.917485,7.383473,7.787114,7.787114,2,1,1,2,2,0,0,0,4
57,Uzumba Maramba Pfungwe (UMP),2011,0,0.6110531,0.4689514,0.2865542,0.1613058,0.1319044,0.1712685,0.0975,0.0440554,0.0315574,0.0403306,0.0370864,0.3787426,0.1893713,0.1893713,0.2212256,0.1106128,0.1106128,0,0.5470234,0.4396316,0.3859357,0.3354424,0.1338764,0.0498469,0.2391276,0.3029453,0.1733804,0.1414661,0.0289623,0,0.1511236,0.4872032,,2.109389,5.166801,6.357421,7.078873,7.385344,7.394017,3,1,1,2,2,0,0,0,5
57,Uzumba Maramba Pfungwe (UMP),2017,1,0.8207961,0.4800496,0.3940229,0.2208837,0.1778308,0.2488291,0.1244145,0.0414715,0.0056384,0.0016915,0.0003383,0.3801516,0.1900758,0.1900758,0.1723142,0.0861571,0.0861571,0,0.7357961,0.6067253,0.5421898,0.62782,0.2579132,0.0977475,0.3348124,0.4038872,0.1844017,0.1677368,0.1468925,0,0.3349376,0.5118918,14.43601,2.043704,5.440756,7.197261,8.673705,9.11779,9.126502,2,0,0,0,1,0,0,0,3
58,Zaka,2011,0,0.6842381,0.4575326,0.3130613,0.1832332,0.1465293,0.1551502,0.0846333,0.0340163,0.0144299,0.0147935,0.0119145,0.28487,0.142435,0.142435,0.2213707,0.1106853,0.1106853,0.007242,0.6462677,0.529725,0.4714537,0.3323074,0.1741287,0.080005,0.2649882,0.3407006,0.2754468,0.2548357,0.0226356,0,0.1538372,0.4791624,,1.994884,4.394842,4.486871,4.560464,4.94329,4.950749,1,0,0,0,3,0,0,1,4
58,Zaka,2017,1,0.7941129,0.468803,0.3722825,0.2262027,0.1797052,0.1732839,0.0894488,0.0326231,0,0,0,0.4425395,0.2212697,0.2212697,0.1127528,0.0563764,0.0563764,0,0.7730899,0.6590527,0.602034,0.6511517,0.4175832,0.2391794,0.1516927,0.3925855,0.2422346,0.3076975,0.0341536,0,0.2555022,0.549272,15.18244,2.293476,4.329956,6.155632,7.321293,8.21962,8.221783,2,1,2,2,2,0,0,0,4
59,Zvimba,2011,0,0.5696592,0.4821022,0.2746339,0.1583609,0.1303419,0.2220233,0.1273883,0.0557259,0.0191405,0.0260887,0.0247415,0.3538217,0.1769109,0.1769109,0.2272252,0.1136126,0.1136126,0.0010348,0.380529,0.2927482,0.2488579,0.2663763,0.1265808,0.0542951,0.1943993,0.2652103,0.1311458,0.0978529,0.1572077,0,0.2930552,0.5443537,,2.055124,4.566255,6.159099,6.916348,7.256426,7.273071,1,0,0,1,2,0,0,0,3
59,Zvimba,2017,1,0.8188823,0.5013241,0.4105254,0.2190589,0.1742999,0.2152866,0.1076433,0.0358811,0.0239544,0.0220754,0.0151888,0.3956981,0.1978491,0.1978491,0.4123531,0.2061766,0.2061766,0,0.7221552,0.5844001,0.5155225,0.6507887,0.2825353,0.1063625,0.263727,0.4040987,0.1848544,0.162463,0.0168161,0,0.4477959,0.5609224,17.33683,2.439677,5.289152,7.031008,7.993743,8.439577,8.446959,1,0,0,0,2,0,0,0,3
60,Zvishavane,2011,0,0.6647369,0.4684045,0.3113658,0.1825529,0.1531561,0.1653052,0.0860497,0.0320804,0.044037,0.0524229,0.046388,0.3625927,0.1812963,0.1812963,0.2752795,0.1376397,0.1376397,0,0.6108747,0.5335602,0.4949028,0.3473214,0.1340732,0.0430894,0.2506134,0.3096812,0.1799113,0.1709986,0.0448336,0,0.1965263,0.4607954,,1.877427,5.395273,5.495745,5.807775,6.104023,6.127085,1,0,0,0,3,0,0,1,4
60,Zvishavane,2017,1,0.5368754,0.4454948,0.2391752,0.1342336,0.1128948,0.0854708,0.0427354,0.0142451,0,0,0,0.396101,0.1980505,0.1980505,0.1690758,0.0845379,0.0845379,0.0364062,0.5100155,0.4170924,0.3706308,0.3297398,0.1250346,0.0427133,0.1324376,0.2469257,0.0761618,0.130657,0.012804,0,0.1463688,0.4972846,13.86589,2.038994,4.064301,6.279083,6.96846,7.531298,7.531298,2,1,1,2,2,0,0,0,4
