"District","Year","Month","AverageEVI","MaxEVI","MinEVI","MedianEVI"
"Beitbridge","2011","01",0.189807110256076,0.410725040898182,-0.0217891814795161,0.176449995315153
"Bikita","2011","01",0.293610100552139,0.491481813775953,0.00868215696871239,0.323138327767839
"Bindura","2011","01",0.268278905024461,0.482663411655358,-0.103624344924282,0.318492930307774
"Binga","2011","01",0.222484661025998,0.423578269638661,-0.0701619525183651,0.264996909981563
"Bubi","2011","01",0.264774347891623,0.438500529238146,-0.0453748873791417,0.282938867065603
"Buhera","2011","01",0.246803956836085,0.476443073041891,-0.0144812504385175,0.268225802872303
"Bulawayo","2011","01",0.256216638759329,0.414013536760126,-0.0455326470198993,0.277953323090246
"Bulilima (North)","2011","01",0.236876610457193,0.371599190924834,0.0182948642117871,0.253922815276569
"Centenary","2011","01",0.24760857705762,0.485763299367569,-0.0221148548442266,0.280695407914139
"Chegutu","2011","01",0.271349057665761,0.441920068821872,0.113579254337179,0.283833624226758
"Chikomba","2011","01",0.266373832262496,0.453912366145331,-0.00363635924562307,0.303137261051773
"Chimanimani","2011","01",0.303597390307811,0.524738664948587,-0.0383126757500407,0.331120593769591
"Chipinge","2011","01",0.313139753137215,0.511986986164865,-0.0864152758879778,0.366820800010706
"Chiredzi","2011","01",0.274507254979039,0.478487514581775,0.0389546949313241,0.30858594700201
"Chirumhanzu","2011","01",0.236125164995269,0.422468223943687,-0.0207906590908147,0.249265738436083
"Chivi","2011","01",0.245459636819009,0.459607063094457,-0.0471327689139674,0.294943343002265
"Gokwe North","2011","01",0.30274998236356,0.465971940972147,0.0406765369719713,0.327144567763868
"Gokwe South","2011","01",0.267564261430328,0.414713726313171,-0.0659599468240829,0.282203341374689
"Goromonzi","2011","01",0.251997423659172,0.455973294297534,-0.139568868147944,0.276436382040929
"Guruve","2011","01",0.248203096636134,0.470586381022475,-0.0265543719785108,0.280206095329527
"Gutu","2011","01",0.251651935252329,0.424356031836276,-0.0210593621394842,0.282036806044534
"Gwanda","2011","01",0.231564099235526,0.451978078540905,-0.00252214548253877,0.246198387703919
"Gweru","2011","01",0.260708894076828,0.464813295559072,-0.0623230639564259,0.287865927854104
"Harare","2011","01",0.240463070874406,0.445374931992973,-0.349154300996866,0.281182735125769
"Hurungwe","2011","01",0.31003104251061,0.500684357509442,0.128036493008035,0.336159402342156
"Hwange","2011","01",0.294686509310613,0.509372782764028,0.0386768954374211,0.336672988652503
"Insiza","2011","01",0.236553686417472,0.444091103834995,-0.0472872628557664,0.265696092093343
"Kadoma","2011","01",0.272933333588946,0.440673125974627,-0.013649252766896,0.287381885936583
"Kariba","2011","01",0.210887671785811,0.404634769776653,-0.0269770768260733,0.217725139448954
"Kwekwe","2011","01",0.273891040150671,0.440474594643847,0.0147765891844626,0.289738596255885
"Lupane","2011","01",0.252214425033934,0.448722423049845,-0.16476431373101,0.30272711642499
"Makonde","2011","01",0.261753272687348,0.47566377063541,-0.00532481321659381,0.264159074135339
"Makoni","2011","01",0.27000998294619,0.488438401435182,0.00305351955085511,0.311864603341079
"Mangwe (South)","2011","01",0.222883014868075,0.407487112024134,-0.0234385409749912,0.241748191885722
"Marondera","2011","01",0.254406200095083,0.489897220637917,0.00274472515925809,0.274786096152353
"Masvingo","2011","01",0.252079051413042,0.467376602274559,-0.0543621791405342,0.292694660952975
"Matobo","2011","01",0.24465103523613,0.494221529409775,-0.00183224118156195,0.264519317737261
"Mazowe","2011","01",0.249068886449906,0.485282058096506,-0.017018296358661,0.253217391065759
"Mberengwa","2011","01",0.226060017808815,0.382503878015293,-0.124233549013143,0.277919430535504
"Mount Darwin","2011","01",0.263072163199535,0.479034162341906,-0.0661882292047905,0.319122892169562
"Mudzi","2011","01",0.277377239841691,0.50136735705436,-0.0755922755696231,0.348009969566387
"Murehwa","2011","01",0.245436031305391,0.410932926067475,0.0174801449420063,0.27575914967884
"Mutare","2011","01",0.287084574388951,0.481304762554071,0.0161008618877446,0.324070269617381
"Mutasa","2011","01",0.306983694009033,0.549720669441632,0.0506277804674275,0.331867712147716
"Mutoko","2011","01",0.247620411195669,0.462642152734247,-0.0549829977017301,0.287057058633851
"Mwenezi","2011","01",0.232541468275105,0.419089892169796,-0.0192726544625189,0.273593681950207
"Nkayi","2011","01",0.263396414428421,0.440839070836421,-0.0238116068492522,0.304151094424793
"Nyanga","2011","01",0.288912527393115,0.51772388587613,0.048171025229303,0.338073757394112
"Rushinga","2011","01",0.267158709952993,0.499448743949056,-0.0605034056185983,0.281790296770387
"Seke","2011","01",0.266773342490499,0.446606582224882,0.020731111310476,0.291085742984787
"Shamva","2011","01",0.269191440032819,0.457595174985289,-0.0180486568033191,0.332814647484474
"Shurugwi","2011","01",0.240987793957815,0.450710296898621,-0.217604608757077,0.279561258498964
"Tsholotsho","2011","01",0.273849465559867,0.420866497914365,0.0385901670155349,0.302767896825023
"Umguza","2011","01",0.273590559825255,0.438778601629487,0.0600663031561177,0.292757364592925
"UMP","2011","01",0.254930911657562,0.461765051403288,-0.098332227348072,0.326513462974404
"Umzingwane","2011","01",0.244891651857592,0.508132840377233,-0.0850266966912021,0.303417675118754
"Wedza","2011","01",0.270211477856544,0.498354716213887,0.00823050088804519,0.282251174009521
"Zaka","2011","01",0.252348571804052,0.479162435230714,-0.148321124051504,0.307343235362633
"Zvimba","2011","01",0.2915701758871,0.482020073951381,0.0910475320339059,0.295714107506389
"Zvishavane","2011","01",0.256004817153461,0.460795385847352,-0.132106582942071,0.298270824631995
"Beitbridge","2011","08",0.128326549189162,0.196994522765612,0.041339767423133,0.1307907332138
"Bikita","2011","08",0.159875951199693,0.227489050507888,0.0504201084892136,0.164519770604866
"Bindura","2011","08",0.188648230407021,0.229950820976488,0.150010504268853,0.184822419815493
"Binga","2011","08",0.162398858749641,0.195092783131589,0.136063393814998,0.162231157959315
"Bubi","2011","08",0.158197667970222,0.191967751700928,0.118366619996744,0.1554627360093
"Buhera","2011","08",0.142630989951391,0.18257715541013,0.0621824298614998,0.144180530317412
"Bulawayo","2011","08",0.138919301614596,0.176654232576322,0.0924776947574856,0.138818258508889
"Bulilima (North)","2011","08",0.165272146088179,0.198528113398595,0.139918229536733,0.164307697747817
"Centenary","2011","08",0.186480091913604,0.233653302654211,0.127591947829694,0.187509319871006
"Chegutu","2011","08",0.159361058091373,0.193958107017962,0.123679860585286,0.155356529985545
"Chikomba","2011","08",0.153289966824553,0.208829750897606,0.061297576939522,0.151252330688381
"Chimanimani","2011","08",0.212657618119462,0.299313194072489,0.0647417335055405,0.219086113695518
"Chipinge","2011","08",0.174862838079923,0.242365442091559,0.0479186613534896,0.175957916870883
"Chiredzi","2011","08",0.151080262464544,0.219020392492463,0.0798209809885438,0.155769538502924
"Chirumhanzu","2011","08",0.156531929306834,0.19399405799168,0.115957654721121,0.155008466481347
"Chivi","2011","08",0.148932074361309,0.222480068431185,0.0586440585381673,0.150151672984245
"Gokwe North","2011","08",0.173717922036558,0.20477190891367,0.147799984843607,0.173216131197851
"Gokwe South","2011","08",0.183140022365312,0.222574763076163,0.157743712295576,0.18133606780706
"Goromonzi","2011","08",0.180753927376685,0.222531971015016,0.143369565770622,0.173279619085529
"Guruve","2011","08",0.186557521218761,0.231604818176384,0.145439297242518,0.186951102589574
"Gutu","2011","08",0.149594857934264,0.19454422800302,0.0861169589299014,0.149482646631331
"Gwanda","2011","08",0.134985982307563,0.174459688214599,0.0693337235040393,0.140880518941681
"Gweru","2011","08",0.153958981435235,0.193054222060312,0.111580858104839,0.153414683559146
"Harare","2011","08",0.159554409199668,0.195679113943137,0.127896325703746,0.152242716281805
"Hurungwe","2011","08",0.178751061401845,0.21685767168932,0.140020796689642,0.179409256027248
"Hwange","2011","08",0.168128063079201,0.214976424377517,0.135230550011641,0.168892493388705
"Insiza","2011","08",0.138423386343883,0.182513416800503,0.0668172845803046,0.140780726688821
"Kadoma","2011","08",0.159263232507851,0.18703452730585,0.13120865472551,0.15898237711609
"Kariba","2011","08",0.139622849929333,0.17275377002128,0.119674678780438,0.139843884409999
"Kwekwe","2011","08",0.163858285815587,0.195223718466741,0.117816000069631,0.163384080927826
"Lupane","2011","08",0.188712396778836,0.228628817380546,0.159796353245574,0.185383374649376
"Makonde","2011","08",0.173818755041866,0.21636200231286,0.129064311848539,0.172428532428055
"Makoni","2011","08",0.167349631527961,0.215838326365768,0.118122908619015,0.1642830254558
"Mangwe (South)","2011","08",0.153382884929779,0.190340461951172,0.0828916311076147,0.157019319392687
"Marondera","2011","08",0.166018287970674,0.214023975308852,0.124691841591744,0.162971559251029
"Masvingo","2011","08",0.148576655290865,0.217350506816878,0.0555515299840843,0.153656113510898
"Matobo","2011","08",0.148630006979663,0.188197285345441,0.0817180769002643,0.152370254260977
"Mazowe","2011","08",0.171906246384309,0.216195752118222,0.123789783755544,0.168553296624017
"Mberengwa","2011","08",0.150805043232863,0.223146001862823,0.0609707397399869,0.158601022978151
"Mount Darwin","2011","08",0.180588029695504,0.214712884706803,0.144087999431915,0.177951999709115
"Mudzi","2011","08",0.173337852216821,0.211725330826891,0.087510550817932,0.174805508345139
"Murehwa","2011","08",0.1852387913373,0.232008959144112,0.157654013596044,0.177867666285274
"Mutare","2011","08",0.170835106117466,0.268929751115909,0.08670753192475,0.168147536943934
"Mutasa","2011","08",0.233048662446307,0.388407743108205,0.118771564204733,0.232704377453344
"Mutoko","2011","08",0.181281138549961,0.224085517330715,0.153434402599831,0.177347570088725
"Mwenezi","2011","08",0.141340511763687,0.205667444844914,0.0636349043682228,0.146018509401883
"Nkayi","2011","08",0.174587206535003,0.209947896995319,0.1225148149339,0.17332369598236
"Nyanga","2011","08",0.202977622311606,0.351196288890834,0.139345506056086,0.198424618796187
"Rushinga","2011","08",0.173863736702425,0.211848277953573,0.10687281227249,0.174255790823099
"Seke","2011","08",0.155197563383332,0.20558032222137,0.120553098481446,0.150082177160375
"Shamva","2011","08",0.198829706414607,0.266604142390438,0.156227936623832,0.193182083525389
"Shurugwi","2011","08",0.151766528159299,0.197669057408083,0.0850314118179463,0.155646703139775
"Tsholotsho","2011","08",0.169461854676978,0.201103017793183,0.139481998449025,0.167181848007144
"Umguza","2011","08",0.159875214161823,0.197026138595376,0.113248772279657,0.158491576263353
"UMP","2011","08",0.184609201964949,0.227865468140082,0.153512135304704,0.181872154195796
"Umzingwane","2011","08",0.145774666887914,0.193483997763703,0.0553457397531616,0.148665780338324
"Wedza","2011","08",0.159737878571971,0.212334722759465,0.0446757337688878,0.162761871970013
"Zaka","2011","08",0.16691461160595,0.240066007774343,0.0452661565482265,0.180441088480443
"Zvimba","2011","08",0.158254162732717,0.191893619595002,0.134728045977614,0.154171468891488
"Zvishavane","2011","08",0.140656017666106,0.192600721222862,0.0616060266341298,0.146599440432287
"Beitbridge","2012","02",0.203784648509152,0.292537756380036,0.0537493548276979,0.207404529759478
"Bikita","2012","02",0.339220576699042,0.442081217796334,0.0209301465476063,0.322158710906279
"Bindura","2012","02",0.382824701367062,0.557168537682505,0.135052899003066,0.40793436896142
"Binga","2012","02",0.297174333494691,0.450208920335685,0.0386814931041805,0.314922084768647
"Bubi","2012","02",0.320517747247288,0.450945854062006,-0.000788879610873464,0.321789785859233
"Buhera","2012","02",0.278488355217978,0.401652736807357,-0.0313407697488407,0.281849336731423
"Bulawayo","2012","02",0.285460436429062,0.405518134912355,0.157214242304963,0.285717962038313
"Bulilima (North)","2012","02",0.321118516923797,0.442768773485377,0.127713678682381,0.321850152388098
"Centenary","2012","02",0.34279044096114,0.502767282068029,-0.028754386118441,0.38136452554462
"Chegutu","2012","02",0.36215700411082,0.498027168249982,0.167341915748338,0.372969169792648
"Chikomba","2012","02",0.307544968681882,0.45451565897702,-0.0322148498597422,0.321410210602578
"Chimanimani","2012","02",0.371190255759985,0.537531126152856,-0.0429148198529131,0.372702454282017
"Chipinge","2012","02",0.340406994119592,0.478218955454875,-0.00983002883268456,0.341875439620663
"Chiredzi","2012","02",0.307709644270654,0.46697017345965,0.0593700928381047,0.315890570159667
"Chirumhanzu","2012","02",0.305520905671354,0.41158175416553,0.0669889776652097,0.305151745973211
"Chivi","2012","02",0.294582195956182,0.418469905927757,-0.00588994887423628,0.295871705785243
"Gokwe North","2012","02",0.389423503629698,0.521162781744619,0.14767618416577,0.404692822380151
"Gokwe South","2012","02",0.349303048349447,0.483758312360156,-0.0735809113988203,0.374717853509885
"Goromonzi","2012","02",0.350946968597224,0.535580988787997,0.106573093372872,0.372602721825596
"Guruve","2012","02",0.350364328721883,0.489107356292597,0.0531124277602215,0.36760210547356
"Gutu","2012","02",0.281324418372695,0.397974190199045,-0.00533184904697106,0.292338117468035
"Gwanda","2012","02",0.269319149116374,0.371898486129318,0.0336758404629595,0.277027252045311
"Gweru","2012","02",0.296245720939401,0.432740944423455,0.0575266641039694,0.301934320468992
"Harare","2012","02",0.333128378112459,0.454200232425296,0.198620520934753,0.345914743689981
"Hurungwe","2012","02",0.372774335700541,0.519684392165836,0.106085889808412,0.355822306717465
"Hwange","2012","02",0.376961430794627,0.529180668661106,-0.0420261816632869,0.38093853975781
"Insiza","2012","02",0.2788907543921,0.396529581913572,-0.006490208125521,0.286652583223681
"Kadoma","2012","02",0.364722291356733,0.47680989854503,0.1020545298021,0.363547885684037
"Kariba","2012","02",0.290735414673877,0.439973654282978,0.142467005819994,0.297227657305832
"Kwekwe","2012","02",0.32079399979324,0.461836831228951,-0.0257068489185501,0.333561978941955
"Lupane","2012","02",0.353723436402788,0.512755397540453,0.00318292275827951,0.362443683278981
"Makonde","2012","02",0.384434581512154,0.503983930763328,0.243270914072241,0.384408948537607
"Makoni","2012","02",0.333139719429373,0.470827997556234,0.0923671202857519,0.333834464649546
"Mangwe (South)","2012","02",0.294840245450045,0.403075562744264,0.128101312739548,0.288870799057462
"Marondera","2012","02",0.328187751495686,0.479767354632115,0.053573517680915,0.340273676196641
"Masvingo","2012","02",0.312325220209764,0.446348457481695,0.0612471290331073,0.31178223480543
"Matobo","2012","02",0.268142965575591,0.356500077482873,0.100522437559362,0.268657292000198
"Mazowe","2012","02",0.37882601549151,0.506835833062906,0.21036678907935,0.381909144553617
"Mberengwa","2012","02",0.311415762340955,0.440672455765331,-0.0224403681493754,0.326736571549879
"Mount Darwin","2012","02",0.383781659019232,0.573594717000711,-0.0313022483135459,0.390374833824475
"Mudzi","2012","02",0.384563062516186,0.512715401340799,0.214467907063017,0.378657530024938
"Murehwa","2012","02",0.33797812459371,0.493189314608846,0.166852320393561,0.352536223248973
"Mutare","2012","02",0.326680477597939,0.484507599848391,-0.00786348164487475,0.326198721287382
"Mutasa","2012","02",0.370665909743295,0.584065939613102,0.0491913198132624,0.368841872245953
"Mutoko","2012","02",0.350252012230786,0.462613609974603,0.193820947385343,0.353188114489028
"Mwenezi","2012","02",0.281799680554774,0.424374154676651,0.000503869596923022,0.285501558854577
"Nkayi","2012","02",0.353947023981027,0.496870110955135,-0.00378642085589243,0.361395978240386
"Nyanga","2012","02",0.366963055203163,0.578286493236516,0.28255000290164,0.356490596157892
"Rushinga","2012","02",0.406803523096527,0.597400080263643,0.271322945406144,0.388654453066008
"Seke","2012","02",0.329259981813741,0.492172720478771,0.0361696284359081,0.344382641523057
"Shamva","2012","02",0.385299563989998,0.508555655089597,0.0922763530542754,0.410818879047856
"Shurugwi","2012","02",0.307445865405031,0.435405873320545,-0.00309794080065149,0.310006288093874
"Tsholotsho","2012","02",0.347090957277646,0.470634260806344,0.0812972696022496,0.345865886427565
"Umguza","2012","02",0.339442477951602,0.456066202723789,0.140085971051944,0.337797764021312
"UMP","2012","02",0.372873163566806,0.474431221026408,0.119436981570769,0.380413530850772
"Umzingwane","2012","02",0.292398647073104,0.410544136790746,0.132327801383024,0.289266743151897
"Wedza","2012","02",0.321205292758591,0.459879149427331,0.0537964805693019,0.331106362303184
"Zaka","2012","02",0.344064011592872,0.454389218563922,0.0987692007258823,0.351505253574039
"Zvimba","2012","02",0.376613778828487,0.450478841993939,0.283037446971106,0.369302708106125
"Zvishavane","2012","02",0.302659430760858,0.433959304295618,-0.0404972720195537,0.318545590841133
"Beitbridge","2012","09",0.10305379095416,0.141270080498155,0.0403754929511424,0.111852622179699
"Bikita","2012","09",0.150336402920362,0.19390012923617,0.0674600669532198,0.15849782817688
"Bindura","2012","09",0.168593403774906,0.20177895264142,0.129325296451747,0.168247508238987
"Binga","2012","09",0.150796324410049,0.174242906424501,0.104462434322872,0.154786089840048
"Bubi","2012","09",0.156657591917518,0.181199965063095,0.112346630883211,0.157463944524112
"Buhera","2012","09",0.142413118224738,0.1687102584109,0.0765344514782585,0.1470336906879
"Bulawayo","2012","09",0.137500627150779,0.159838576646688,0.108587104760003,0.135558312431664
"Bulilima (North)","2012","09",0.161627040933178,0.181689955235804,0.112844117417442,0.166019716585575
"Centenary","2012","09",0.163580919755096,0.19174016721566,0.126627907705002,0.167906373089979
"Chegutu","2012","09",0.158722454009618,0.183304036033975,0.0942536099498292,0.158226783681626
"Chikomba","2012","09",0.163123981301662,0.194482451497394,0.104693626077771,0.162901874678193
"Chimanimani","2012","09",0.196903406532553,0.254332684499359,0.0283089094519632,0.200932615738327
"Chipinge","2012","09",0.146416649725162,0.193901365553144,0.0493245648101954,0.154005960773739
"Chiredzi","2012","09",0.125018355499161,0.181231094720093,0.0333904297970072,0.136175850250661
"Chirumhanzu","2012","09",0.168836943748558,0.194862389759784,0.131859600137927,0.1693255578023
"Chivi","2012","09",0.134739092689977,0.179870339920775,0.0469228949450997,0.141643379469979
"Gokwe North","2012","09",0.164214793067151,0.187167544740236,0.101155184577627,0.172143007036091
"Gokwe South","2012","09",0.176108136376966,0.199682353529513,0.133696918122789,0.179776763043464
"Goromonzi","2012","09",0.173560062585383,0.205850010519337,0.114863848210024,0.173185122604446
"Guruve","2012","09",0.168734380790713,0.194305213624211,0.13547373091159,0.173301005211947
"Gutu","2012","09",0.160975521936038,0.188420793684557,0.0690867192789873,0.164495750022923
"Gwanda","2012","09",0.128487531085207,0.165765401534025,0.0456796386192065,0.138075259324215
"Gweru","2012","09",0.158219549541846,0.184444996571794,0.109967680023553,0.16051863090159
"Harare","2012","09",0.170503163372144,0.208971582884674,0.0952774719644183,0.169991893234277
"Hurungwe","2012","09",0.1592614003674,0.182994503876947,0.114016067220077,0.166023433572199
"Hwange","2012","09",0.168332939625729,0.188779767143245,0.105540132720905,0.173647363057344
"Insiza","2012","09",0.14217002491532,0.173986814930614,0.070549312687601,0.144633775136901
"Kadoma","2012","09",0.157105515842046,0.185325379067834,0.0819603153235366,0.165813802478525
"Kariba","2012","09",0.123501453027213,0.145842800787385,0.084140338212717,0.128132329490618
"Kwekwe","2012","09",0.160984264159835,0.185204408393513,0.125133116000413,0.166810793542021
"Lupane","2012","09",0.182262176138096,0.204907252423669,0.137514287446468,0.186411731330514
"Makonde","2012","09",0.159787085500516,0.18645494850048,0.099215466270986,0.165594665247211
"Makoni","2012","09",0.168088438412017,0.197636318608969,0.0954269374779272,0.170372277080517
"Mangwe (South)","2012","09",0.150662488134155,0.175429545569277,0.088612356403198,0.151799448866093
"Marondera","2012","09",0.172198618785488,0.20584661596259,0.103000257885964,0.173415615182277
"Masvingo","2012","09",0.142234499748604,0.190002386757337,0.0451693544247827,0.150136434438093
"Matobo","2012","09",0.13900512648526,0.170368117481438,0.0663742274843547,0.140328651390841
"Mazowe","2012","09",0.163036831801823,0.196013008340781,0.134470875467874,0.162847311418369
"Mberengwa","2012","09",0.133388898163823,0.182446782716724,0.0407337234755595,0.142619240417915
"Mount Darwin","2012","09",0.156637391564077,0.183164329620155,0.0909703263286656,0.161386112192565
"Mudzi","2012","09",0.152933657514362,0.182420857274376,0.0935121947682654,0.158569480326502
"Murehwa","2012","09",0.173188019651172,0.204080297620008,0.0921043454664969,0.175615729855117
"Mutare","2012","09",0.158345814891889,0.1930095987411,0.0978694847362633,0.161515431931815
"Mutasa","2012","09",0.199185056659072,0.256937794659786,0.0754599995864156,0.205412026195067
"Mutoko","2012","09",0.168668235070305,0.193692482883062,0.104330454942156,0.17493101436728
"Mwenezi","2012","09",0.124511394275924,0.177064235297902,0.0372114746108685,0.140705515589988
"Nkayi","2012","09",0.171487275179214,0.194272353878684,0.132522219129418,0.174561607458774
"Nyanga","2012","09",0.17483440586356,0.213536195096036,0.0936052852018725,0.179204775916006
"Rushinga","2012","09",0.156236779761547,0.185730486149799,0.0943266512148251,0.161202475292253
"Seke","2012","09",0.164353234652804,0.199889572652146,0.104536195178109,0.164633644559325
"Shamva","2012","09",0.17229734612845,0.203016565375378,0.110948820196321,0.177074709456338
"Shurugwi","2012","09",0.171446589085447,0.203206374230121,0.0769508388250807,0.180112139393869
"Tsholotsho","2012","09",0.165088853354448,0.186393942774322,0.109398112417443,0.168527282200721
"Umguza","2012","09",0.155183767576888,0.17720508646685,0.11883826953925,0.156540907009372
"UMP","2012","09",0.166297017029977,0.192216010440037,0.118154740383044,0.172603149962896
"Umzingwane","2012","09",0.144609661803925,0.179663099270471,0.0659651268493621,0.148020775009371
"Wedza","2012","09",0.162636407621705,0.190145046184785,0.093948168428035,0.165668133114157
"Zaka","2012","09",0.142366980992927,0.195403565334609,0.0394553991963918,0.15135116805996
"Zvimba","2012","09",0.153187869847063,0.181458790070066,0.126861570596289,0.15053089146964
"Zvishavane","2012","09",0.145080184600478,0.180010565867985,0.0442755558669464,0.150919604308508
"Beitbridge","2013","03",0.243082221196642,0.410220046001776,0.0915742006850916,0.257746110313604
"Bikita","2013","03",0.320137137287859,0.443229330888644,0.111027559626768,0.34308790201084
"Bindura","2013","03",0.391467348236783,0.557887291920407,0.0837308359365572,0.416791957717988
"Binga","2013","03",0.344705115130841,0.454896368906336,0.237296369315218,0.332281146591148
"Bubi","2013","03",0.323084098238187,0.434862418188746,0.202446893958543,0.315753884002236
"Buhera","2013","03",0.262468977978956,0.344662596081613,0.127488793525236,0.267668830433283
"Bulawayo","2013","03",0.315787764536434,0.43793730418568,0.133685596013384,0.327426837917019
"Bulilima (North)","2013","03",0.304520218267011,0.413101102045587,0.218217588113299,0.288386145755647
"Centenary","2013","03",0.370868543673554,0.514448991439195,0.0414723259724983,0.391463359854222
"Chegutu","2013","03",0.350605510613313,0.457928848953064,0.167504281950532,0.361543624617299
"Chikomba","2013","03",0.315056183125594,0.423511083847843,0.213952457851332,0.308883388114057
"Chimanimani","2013","03",0.34073998196831,0.485580100294503,0.124281300715899,0.347066985908988
"Chipinge","2013","03",0.337864476161261,0.483104643616759,0.0483309086340466,0.363618340719146
"Chiredzi","2013","03",0.304064682893632,0.434298124058135,0.0483715594807492,0.314481568918361
"Chirumhanzu","2013","03",0.30344051616018,0.421636950181638,0.128830860403153,0.307528109989299
"Chivi","2013","03",0.266477938027303,0.387048939201047,0.0119809965526388,0.285128093301486
"Gokwe North","2013","03",0.398640546768377,0.52685559327136,0.232689807310188,0.397637978411049
"Gokwe South","2013","03",0.369130619340327,0.465201627530506,0.221779023161922,0.359740803681773
"Goromonzi","2013","03",0.345547732282157,0.520442182835018,0.0663433488169278,0.363029173750827
"Guruve","2013","03",0.38243623465081,0.510059631084174,0.11834046269739,0.398821967000714
"Gutu","2013","03",0.288383823726422,0.396870029566382,0.137513654339973,0.290272093134937
"Gwanda","2013","03",0.272295314130882,0.425455194276864,0.0792430122205529,0.283124870202468
"Gweru","2013","03",0.31360748997194,0.446956299005115,0.111951280513304,0.310316914371865
"Harare","2013","03",0.303442550045991,0.419246622576949,0.0135616656997455,0.327574418957411
"Hurungwe","2013","03",0.380655578575812,0.509618319112092,0.125941542541895,0.379110489677136
"Hwange","2013","03",0.371322398808832,0.516441747763972,0.241279108520733,0.368318857093835
"Insiza","2013","03",0.287705847164983,0.433195144203968,0.0700174427540817,0.293514230848556
"Kadoma","2013","03",0.362231819450751,0.457704085365471,0.223696806090321,0.356602213267602
"Kariba","2013","03",0.300426204675776,0.406596585991584,0.0713570409494373,0.3084033241646
"Kwekwe","2013","03",0.319703745257625,0.468571745291798,0.169796137430833,0.312915494964619
"Lupane","2013","03",0.348114948996562,0.456296423093787,0.256989173965558,0.339028000730012
"Makonde","2013","03",0.394375070455384,0.527649512363293,0.213671640205882,0.397186001292398
"Makoni","2013","03",0.337064693083635,0.505226263003031,0.172490800939343,0.336188474644307
"Mangwe (South)","2013","03",0.281180996666706,0.38597416161978,0.103504579054604,0.278419529770564
"Marondera","2013","03",0.332364944530747,0.49451152549672,0.143330725631617,0.336035617113066
"Masvingo","2013","03",0.297794336126341,0.428128943687462,0.0297367412702601,0.316353631952818
"Matobo","2013","03",0.277946121668632,0.384980959945058,0.102358737362347,0.277797957262538
"Mazowe","2013","03",0.3661097870317,0.523536475500171,0.0468442181477753,0.402241292929984
"Mberengwa","2013","03",0.283542935265504,0.44316740531928,0.0108063450646259,0.303955685025541
"Mount Darwin","2013","03",0.412948600113401,0.564210548561516,-0.00532374840180987,0.437656360890446
"Mudzi","2013","03",0.3709075135773,0.486636437689565,0.192100573290138,0.378100695951146
"Murehwa","2013","03",0.334766722843925,0.471717524784447,0.117103035799389,0.345263147963863
"Mutare","2013","03",0.308705127907126,0.471544415896693,0.10798564183817,0.333550081713412
"Mutasa","2013","03",0.341029339218412,0.541530881234616,0.0628726553386251,0.3490633517806
"Mutoko","2013","03",0.357658606092555,0.485987993151273,0.183626094690908,0.35693469589873
"Mwenezi","2013","03",0.281804700806137,0.430070310209045,0.0605888885993537,0.287335699631731
"Nkayi","2013","03",0.337073290792856,0.441745165784802,0.211212538432424,0.331294517858481
"Nyanga","2013","03",0.344941486969315,0.520216920586504,0.107392761719541,0.34966568764055
"Rushinga","2013","03",0.40521854282294,0.569277379954121,0.0354661876868593,0.426543710539768
"Seke","2013","03",0.337341869665578,0.481671590172079,0.173718532851489,0.340652279249955
"Shamva","2013","03",0.399867756060769,0.546184312904966,0.124254352051928,0.415185407774392
"Shurugwi","2013","03",0.300496365894993,0.412621704405797,0.0211781343368181,0.313153194829922
"Tsholotsho","2013","03",0.339849538749504,0.448187937342911,0.241708501586482,0.323371929818557
"Umguza","2013","03",0.335368244812963,0.456879149250141,0.211975132656314,0.325437924227637
"UMP","2013","03",0.376433748168354,0.502331947541763,0.151294617084048,0.385298157510593
"Umzingwane","2013","03",0.313742245599443,0.449613126903945,0.0990849984929892,0.318535660508932
"Wedza","2013","03",0.334211719345939,0.48186159677462,0.122948498818257,0.331470949621121
"Zaka","2013","03",0.333287873450995,0.462751386638763,0.0741165060337636,0.351594676694222
"Zvimba","2013","03",0.363453190496225,0.512122904760914,0.0618951958735234,0.381261816572822
"Zvishavane","2013","03",0.290147015089779,0.410202858055295,-0.000393349073793153,0.302337062373578
"Beitbridge","2013","10",0.0880020723193193,0.153149031265878,-0.0645900627832099,0.107686576911862
"Bikita","2013","10",0.175583620511352,0.254087928394769,-0.0905142161035236,0.193905613704352
"Bindura","2013","10",0.149207852859055,0.197905349633152,-0.0981526650374217,0.167089908442396
"Binga","2013","10",0.145514247803989,0.187761109159942,0.0525021121503751,0.152466995689851
"Bubi","2013","10",0.145759257628165,0.17752616713283,0.0222617160680329,0.152430478335475
"Buhera","2013","10",0.136576705235416,0.242926858306872,-0.136769821644918,0.150695678070737
"Bulawayo","2013","10",0.131395515327739,0.16533468199145,0.0219292829797592,0.138856035724197
"Bulilima (North)","2013","10",0.148548516892479,0.175948049374413,0.0825988471406528,0.152626617296333
"Centenary","2013","10",0.157559720491534,0.191704421448469,0.0491694101565831,0.166681200511338
"Chegutu","2013","10",0.144068411297962,0.194386275768703,-0.0820853136098793,0.15945242197408
"Chikomba","2013","10",0.139913611995316,0.23122713100673,-0.13005793651929,0.154231426026058
"Chimanimani","2013","10",0.215698423110312,0.338950645741551,-0.111091597817175,0.241341094122209
"Chipinge","2013","10",0.17645208411577,0.265604365893641,-0.0660349640114198,0.196540266824402
"Chiredzi","2013","10",0.128982082114473,0.195177929535073,-0.0225439830820987,0.134701291546125
"Chirumhanzu","2013","10",0.143063992172878,0.195337726216379,-0.00758512881105311,0.162726346453744
"Chivi","2013","10",0.129912770278287,0.202785218087367,0.0234866476771102,0.145473552922749
"Gokwe North","2013","10",0.146042905736259,0.18894011541002,-0.0866182103534385,0.168643733170569
"Gokwe South","2013","10",0.176587745070368,0.21850504820693,0.060860567890537,0.184449097323385
"Goromonzi","2013","10",0.167206503934762,0.222379852853778,-0.0158228764870732,0.180080313872502
"Guruve","2013","10",0.160162632152978,0.192454259969699,0.0408702451535733,0.170991611285062
"Gutu","2013","10",0.145494397108145,0.218993005853836,-0.100383172327935,0.166731594216834
"Gwanda","2013","10",0.0963517204962559,0.151037465496753,-0.17737823365407,0.122372879769588
"Gweru","2013","10",0.128798439549748,0.171772879428237,-0.0869729665017346,0.14603834519111
"Harare","2013","10",0.168239237127906,0.220778600172827,-0.050637270116519,0.176254672702378
"Hurungwe","2013","10",0.152024672020279,0.197108531828308,-0.0136051776338636,0.163751306362934
"Hwange","2013","10",0.173907410271639,0.207527987951309,0.0753919952529762,0.177538907693721
"Insiza","2013","10",0.118579265491497,0.161608616208583,0.0181651520016862,0.13424457558504
"Kadoma","2013","10",0.144012300571244,0.178628651487204,-0.145076390728789,0.159671450880747
"Kariba","2013","10",0.120017893688177,0.16027091912967,-0.0361730509931338,0.129323341252152
"Kwekwe","2013","10",0.158766760984018,0.195708568343866,0.0348468681190819,0.169125849703783
"Lupane","2013","10",0.17693940328973,0.215827936687734,-0.0365876425216031,0.191898411515826
"Makonde","2013","10",0.153881241157806,0.196856011153625,-0.0407167885493293,0.167301860203934
"Makoni","2013","10",0.166754389994425,0.23468833545764,-0.040275422277847,0.184982112606778
"Mangwe (South)","2013","10",0.126083800967752,0.165187520442202,0.0342836026848777,0.137915902761995
"Marondera","2013","10",0.169015267483953,0.236828392378948,-0.0768214749858895,0.185441633050076
"Masvingo","2013","10",0.139578885152991,0.199364918494318,0.0204606333601644,0.153412567717996
"Matobo","2013","10",0.113539503434101,0.163215977048814,-0.0704786490035668,0.13674976959444
"Mazowe","2013","10",0.152940311816437,0.201432945773541,0.00061130928970074,0.166704133353176
"Mberengwa","2013","10",0.114447781525836,0.180853065345417,-0.105793652634393,0.14497623746292
"Mount Darwin","2013","10",0.152460386619337,0.186104672775867,0.0332977661261747,0.163998275149656
"Mudzi","2013","10",0.162452921243429,0.203728405970808,0.000747147711377882,0.175628679348912
"Murehwa","2013","10",0.170060986425285,0.236679598344602,-0.007135940041529,0.186724726527868
"Mutare","2013","10",0.164075813468894,0.310832023019212,-0.0901499050476471,0.177178135966467
"Mutasa","2013","10",0.208532372904423,0.387656460868749,-0.0515862640990732,0.231095242480047
"Mutoko","2013","10",0.175495927650958,0.218536479522179,0.0456665889728073,0.18826003943771
"Mwenezi","2013","10",0.101550578622807,0.168195676029635,-0.17113888648202,0.124075456208788
"Nkayi","2013","10",0.161826141967889,0.197867825140566,0.0478067677452707,0.173556391598616
"Nyanga","2013","10",0.197535721128413,0.397209896407273,0.0194215814828216,0.202652074132274
"Rushinga","2013","10",0.156232712992068,0.190971432143513,0.00486914181080462,0.165897836458796
"Seke","2013","10",0.152250232378046,0.215503135360875,-0.0933958200772484,0.166495849972151
"Shamva","2013","10",0.155609495934143,0.20160360511714,0.0227324518078832,0.172145539275707
"Shurugwi","2013","10",0.130749659321804,0.194116161664131,-0.0347330995689839,0.156557966119325
"Tsholotsho","2013","10",0.16648305017486,0.194710494443417,0.124694201533981,0.166610113391838
"Umguza","2013","10",0.149346514551594,0.182280489809838,0.0189906987077398,0.161768367731499
"UMP","2013","10",0.169125162902065,0.210382380487418,0.0551469339828738,0.180135813421704
"Umzingwane","2013","10",0.127074666845687,0.170144353933774,0.0339284598970793,0.143230666419265
"Wedza","2013","10",0.150117162073421,0.215353411464081,-0.0842593534374709,0.162695892779218
"Zaka","2013","10",0.164285452430484,0.242087660621406,0.0181901761523217,0.187098310331106
"Zvimba","2013","10",0.137639812023516,0.179547769303936,-0.0587593767479617,0.14847937526833
"Zvishavane","2013","10",0.117847458458407,0.173603514944205,-0.0782469828784311,0.139502181709533
"Beitbridge","2014","04",0.259045489874488,0.382136293687853,0.112985617981801,0.259285405780015
"Bikita","2014","04",0.276243729642137,0.418290590701862,0.0131803868314424,0.305586750144121
"Bindura","2014","04",0.3010936000037,0.467106013732921,0.0462541998239111,0.305243562809266
"Binga","2014","04",0.293578990890692,0.430213457940002,0.115083021629153,0.306305750886556
"Bubi","2014","04",0.302272594812701,0.435087407582157,-0.000194896912894744,0.299803191646117
"Buhera","2014","04",0.219037239884118,0.320794467944812,0.0835824286936039,0.225433020682854
"Bulawayo","2014","04",0.267787834449029,0.39655938858324,0.112096077733646,0.28025385932458
"Bulilima (North)","2014","04",0.310546419812364,0.431335962060652,0.071086675428319,0.317946425301209
"Centenary","2014","04",0.340438113211023,0.480656044292997,0.163527968708993,0.347374557781446
"Chegutu","2014","04",0.287643953467996,0.423603257398039,0.121521522389191,0.279789803607639
"Chikomba","2014","04",0.248478715005522,0.392981464582125,-0.00901431344901853,0.261445483713451
"Chimanimani","2014","04",0.293914755118652,0.457343887376182,0.0646393400133632,0.338218491259684
"Chipinge","2014","04",0.33376788714404,0.486719566125402,0.0825891487139173,0.362129698962556
"Chiredzi","2014","04",0.329532559139146,0.464179726558739,0.0724154879649709,0.330723572659911
"Chirumhanzu","2014","04",0.238224035292228,0.387062658152342,0.0692390297024494,0.261565842004712
"Chivi","2014","04",0.288703608267285,0.457368322347882,0.0145247229089571,0.318110247580179
"Gokwe North","2014","04",0.319676629614689,0.477659609557395,0.0730162133964033,0.344921699064988
"Gokwe South","2014","04",0.301461107402931,0.454286988128728,0.0819216696191727,0.306471705861674
"Goromonzi","2014","04",0.270028993713995,0.412632763613,0.0239521412009958,0.287223219614154
"Guruve","2014","04",0.339660568567746,0.487190738541546,0.170036720149923,0.343597437463276
"Gutu","2014","04",0.222264057625174,0.366174108767511,0.00944229611818688,0.239731058640324
"Gwanda","2014","04",0.272993969444057,0.436929922321524,0.0990358953273494,0.300206086998398
"Gweru","2014","04",0.266382039992708,0.40539903450857,0.0778681266526513,0.268968471419853
"Harare","2014","04",0.248251149561424,0.354776238304365,-0.00384089827991142,0.259782142467573
"Hurungwe","2014","04",0.325259076595043,0.493822533901352,0.119957446911485,0.332892373211856
"Hwange","2014","04",0.32795968499733,0.433393613433896,0.162041253829566,0.332482303334389
"Insiza","2014","04",0.265837057371758,0.416661514573708,0.102627844736626,0.288094054382075
"Kadoma","2014","04",0.292323511879032,0.431072332733805,0.1011638122497,0.297354838427652
"Kariba","2014","04",0.247871214309461,0.399474721515792,-0.0604515855341015,0.268163491649268
"Kwekwe","2014","04",0.287322810046599,0.414131558958489,0.0612379206634891,0.285283408492923
"Lupane","2014","04",0.321059827846661,0.461831074641628,0.0124184571380305,0.32228566008919
"Makonde","2014","04",0.336475388621379,0.484815075510466,0.112540384305371,0.339129843468502
"Makoni","2014","04",0.258221968930551,0.393868574946682,0.0434456261500629,0.2727037353154
"Mangwe (South)","2014","04",0.286664061962853,0.436173889792345,0.060720874907226,0.305593964892488
"Marondera","2014","04",0.243597234534241,0.37949970475553,0.0344170023201501,0.261016430801499
"Masvingo","2014","04",0.281703473208881,0.453917190539898,0.00390696750450087,0.304056880846582
"Matobo","2014","04",0.271305968632675,0.42559488389525,0.0577206067948601,0.300650206236913
"Mazowe","2014","04",0.30379272657845,0.461205013864453,0.0701308756575263,0.300323745907593
"Mberengwa","2014","04",0.284286917091025,0.457115132995649,0.0363008837126997,0.326811905896585
"Mount Darwin","2014","04",0.348547106008735,0.491402228398267,0.153692842458758,0.35775102201229
"Mudzi","2014","04",0.301713143739459,0.41858881205839,0.123609613191337,0.307891199795912
"Murehwa","2014","04",0.265000784891754,0.394211194847109,0.00346313372207634,0.280269207657044
"Mutare","2014","04",0.25800951725152,0.376313978870306,0.113570351931404,0.283828477441227
"Mutasa","2014","04",0.285748380028034,0.470600162448657,-0.026443251245545,0.314067277823751
"Mutoko","2014","04",0.2938771909181,0.402195195167734,0.0719957908185094,0.305897909256841
"Mwenezi","2014","04",0.300826739122139,0.459238067300852,0.0889721890142717,0.320566906526336
"Nkayi","2014","04",0.324963564144676,0.466391916270139,0.0372093106156106,0.33132619799739
"Nyanga","2014","04",0.298484198311371,0.434853342350738,0.0938355177910217,0.311969792519765
"Rushinga","2014","04",0.316333258006253,0.457687352550833,0.133680138906863,0.328690346623107
"Seke","2014","04",0.261100218527885,0.391868135834437,0.0662976831745015,0.263907712048438
"Shamva","2014","04",0.322363002186449,0.47326417651655,0.109931359228228,0.346999213351245
"Shurugwi","2014","04",0.248959226211025,0.408424534799894,0.0660860400289553,0.270951411778898
"Tsholotsho","2014","04",0.331847265689774,0.437905675308668,0.100436929245683,0.336554863600596
"Umguza","2014","04",0.308289878080336,0.447977416016496,0.0824941780818554,0.310503883702535
"UMP","2014","04",0.296744490226273,0.423447526475266,0.131636959214783,0.31300872794565
"Umzingwane","2014","04",0.273637607321068,0.43246458878097,0.046269310493248,0.300977329253428
"Wedza","2014","04",0.247069872403962,0.401490849724979,-0.0230134689504812,0.273041683642328
"Zaka","2014","04",0.303145451069667,0.477305402367043,0.0309993133700419,0.337864522378987
"Zvimba","2014","04",0.304746039335772,0.44246809753555,0.115402682456537,0.29871982640899
"Zvishavane","2014","04",0.279664374449245,0.433689990806769,0.0768225995572309,0.307269788361467
"Beitbridge","2014","11",0.0892910557642008,0.169301879542676,-0.0955535574906168,0.122911921563076
"Bikita","2014","11",0.163388778421009,0.314229067861983,-0.487783895046654,0.188642775239334
"Bindura","2014","11",0.161307928340996,0.216208576506042,-0.1017450409322,0.175711769343146
"Binga","2014","11",0.176531327367937,0.237218589518834,-0.0345391836710472,0.18842684368572
"Bubi","2014","11",0.166796044385984,0.255543031684557,0.0373580752771764,0.17961849433248
"Buhera","2014","11",0.120160277388719,0.26175262813902,-0.768024877205905,0.158963307418368
"Bulawayo","2014","11",0.150229905653982,0.250633994208198,-0.0317049260968874,0.166798684369147
"Bulilima (North)","2014","11",0.178852021594464,0.276985378635996,-0.0295190328848177,0.195730271157455
"Centenary","2014","11",0.153809088427888,0.194942622155441,-0.181043543825189,0.167172532177317
"Chegutu","2014","11",0.150380541658551,0.235908386620433,-0.489629971468345,0.176765892044457
"Chikomba","2014","11",0.146264852632464,0.234589425612266,-0.588577466057949,0.184794359570838
"Chimanimani","2014","11",0.248824321454609,0.360555710626794,0.0277089920051298,0.247605411137342
"Chipinge","2014","11",0.186612556649397,0.288603633966021,-0.0589325835945949,0.191950874604664
"Chiredzi","2014","11",0.1388205565008,0.241854995515936,-0.0828858179984153,0.164132002672967
"Chirumhanzu","2014","11",0.167621650256472,0.236699572628733,-0.154023387477779,0.189394737813416
"Chivi","2014","11",0.160356769179881,0.236177344425254,-0.0550443151702775,0.184675460535222
"Gokwe North","2014","11",0.156423734320723,0.210786497333718,-0.267006551795292,0.175614784017679
"Gokwe South","2014","11",0.194562128574456,0.270663849717052,-0.174321008763961,0.207678734186441
"Goromonzi","2014","11",0.189625371015829,0.251887768708896,0.0130907254648928,0.201327418463625
"Guruve","2014","11",0.164134753582462,0.201803282822357,-0.0876902130296074,0.178920647241443
"Gutu","2014","11",0.151002922782882,0.242825124378942,-0.249980673775314,0.187860817347376
"Gwanda","2014","11",0.134365038408632,0.22106842974836,-0.0864715548258587,0.169160810097604
"Gweru","2014","11",0.153761043304834,0.231747035579913,-0.0624098517534504,0.171651232874663
"Harare","2014","11",0.1755445092728,0.237744855363957,-0.0398621424616053,0.188269999961015
"Hurungwe","2014","11",0.170582158697877,0.235184977023003,0.0481832252244015,0.183400592675984
"Hwange","2014","11",0.204926361656252,0.334760186387418,0.0730443737415548,0.203216670869552
"Insiza","2014","11",0.154748211017912,0.245499470630894,-0.0435192878532299,0.176743271022214
"Kadoma","2014","11",0.155737095782645,0.235384360550489,-0.300329287601464,0.175668302032784
"Kariba","2014","11",0.130167319933344,0.206885145259142,-0.0288026127086106,0.146134398116112
"Kwekwe","2014","11",0.174475954846881,0.246324909389511,-0.134388972956025,0.189375985419248
"Lupane","2014","11",0.248127260152168,0.331371767139533,0.122713953080322,0.246111487966655
"Makonde","2014","11",0.171296893564816,0.240437952974961,-0.0211737542428632,0.185206176775722
"Makoni","2014","11",0.177286690387775,0.241585549051894,-0.0881267147290092,0.199862245344204
"Mangwe (South)","2014","11",0.152245388750991,0.25317968275177,-0.0407955717491479,0.180039919140672
"Marondera","2014","11",0.176542828409195,0.234583348604837,-0.057114512799283,0.188087954592574
"Masvingo","2014","11",0.165135347599975,0.28566555779584,-0.129187238300131,0.198824405359126
"Matobo","2014","11",0.165927456672323,0.254161438163429,-0.0482921917597392,0.191929568397921
"Mazowe","2014","11",0.161322528465985,0.216048051954551,-0.0638931296456965,0.175502691019737
"Mberengwa","2014","11",0.164874719879936,0.270957957295224,-0.0665245359737321,0.194633530477403
"Mount Darwin","2014","11",0.15241136187151,0.19353312997439,-0.183517102348941,0.168649664922579
"Mudzi","2014","11",0.162960766916657,0.201421202882195,-0.0436391219245519,0.177092408706187
"Murehwa","2014","11",0.189469655020292,0.252834819520478,-0.0114494038958381,0.207776135894938
"Mutare","2014","11",0.159820631089816,0.31115962045906,-0.608381689621682,0.191079310442485
"Mutasa","2014","11",0.233117159961059,0.436897415510286,-0.0521578493394213,0.261862715908127
"Mutoko","2014","11",0.186109212069577,0.228132893591876,-0.0300447662811181,0.194614340920948
"Mwenezi","2014","11",0.11938523526958,0.204981821867095,-0.0391573082972185,0.144946184982412
"Nkayi","2014","11",0.20203287944148,0.299043365811221,-0.0834893952632474,0.215282093482081
"Nyanga","2014","11",0.22560414737209,0.439433622685943,0.0732587443956772,0.224421283357185
"Rushinga","2014","11",0.157808033429938,0.195150794891282,-0.0355207175917177,0.16485487842827
"Seke","2014","11",0.167656081777112,0.251819430092368,-0.326861602884773,0.185452657627796
"Shamva","2014","11",0.169042361938651,0.227542768040706,-0.152427180025335,0.188577427036405
"Shurugwi","2014","11",0.174260358702677,0.259048602904469,-0.109174458547722,0.208494830211301
"Tsholotsho","2014","11",0.197230954114378,0.297103286057037,0.0168769038006665,0.215661562473178
"Umguza","2014","11",0.183160276138101,0.269713188535962,0.0126181497006217,0.190787175705777
"UMP","2014","11",0.168857349258444,0.216106384793296,-0.172968836735705,0.190481987728267
"Umzingwane","2014","11",0.159913832352597,0.264075013845221,-0.0106961679919603,0.195612921240309
"Wedza","2014","11",0.144502659726892,0.241592743747829,-0.495234150208651,0.183846186835928
"Zaka","2014","11",0.158272339843802,0.291536047663958,-0.268809163252118,0.208673205941481
"Zvimba","2014","11",0.149491118058265,0.211712710143512,-0.133168150486836,0.166308320020423
"Zvishavane","2014","11",0.173026580786003,0.25260636321838,-0.0639464104929928,0.199317778574472
"Beitbridge","2015","05",0.215970181566813,0.29310560953146,0.108700987835609,0.213247011475107
"Bikita","2015","05",0.301767736132443,0.390316001975811,0.157530836580626,0.293848136234495
"Bindura","2015","05",0.329867934748364,0.431468217729942,0.254197203016618,0.327082873218447
"Binga","2015","05",0.267553774686695,0.337438743674616,0.215169295422005,0.262820577986319
"Bubi","2015","05",0.290403793415854,0.381576600335738,0.236112343490844,0.283909979655295
"Buhera","2015","05",0.277027949950317,0.365015301500755,0.233694848868171,0.271803944953918
"Bulawayo","2015","05",0.259747789084505,0.340311271238035,0.209659089741273,0.253645180486529
"Bulilima (North)","2015","05",0.260889354595748,0.327875434424438,0.21108475333927,0.254083456523204
"Centenary","2015","05",0.331275770138653,0.452679947082577,0.177734511176429,0.332145764893422
"Chegutu","2015","05",0.313355456762277,0.413464429106163,0.259726152327787,0.30137068255882
"Chikomba","2015","05",0.291857532603945,0.376498148430394,0.186497288599043,0.289470539235392
"Chimanimani","2015","05",0.37271495487785,0.482073152449589,0.316865500804112,0.360389534571962
"Chipinge","2015","05",0.293948962073798,0.391644087323673,0.179601209462506,0.288553549226136
"Chiredzi","2015","05",0.246757307055731,0.326550441037924,0.0793127030214549,0.246647430511914
"Chirumhanzu","2015","05",0.275750098782397,0.368702334130474,0.125810146452691,0.272889257708144
"Chivi","2015","05",0.263106425101682,0.370295779862982,0.129578558474833,0.259335531426818
"Gokwe North","2015","05",0.340614597403276,0.439149431969131,0.273581903756669,0.331465794913443
"Gokwe South","2015","05",0.293370635948039,0.366251454246067,0.240869885073096,0.288615697928924
"Goromonzi","2015","05",0.311160670983305,0.414053366960999,0.25347840646582,0.304764584575682
"Guruve","2015","05",0.340683537537764,0.460351289451334,0.269971761596165,0.33465959436061
"Gutu","2015","05",0.269949195439611,0.350524991207202,0.196935148559483,0.268482889410882
"Gwanda","2015","05",0.237630902053079,0.329932637191224,0.14046669763585,0.233299253560608
"Gweru","2015","05",0.276011579513675,0.355035711069472,0.204408767326192,0.273875724403823
"Harare","2015","05",0.28002969554975,0.375087523968616,0.235063781470966,0.271915751844138
"Hurungwe","2015","05",0.329582010617439,0.4059396076185,0.268212730802973,0.329457103602574
"Hwange","2015","05",0.301197940436423,0.386187187390857,0.232811487582346,0.299896009853346
"Insiza","2015","05",0.267464396163603,0.377010247398843,0.159123072491834,0.263038757722973
"Kadoma","2015","05",0.330640146919253,0.399984248641144,0.275389400798067,0.325982435197322
"Kariba","2015","05",0.27693703198209,0.337879886827985,0.217721381937205,0.270369248872116
"Kwekwe","2015","05",0.294602189639821,0.391209577110269,0.241097505563263,0.289377090035528
"Lupane","2015","05",0.291476769425157,0.393752170395631,0.234482305387649,0.284089079852125
"Makonde","2015","05",0.335699688374475,0.451403667218727,0.269785967867283,0.328278522143364
"Makoni","2015","05",0.296579021804098,0.384562829498055,0.183485326991714,0.298412370099519
"Mangwe (South)","2015","05",0.237294033225863,0.316947418236368,0.189828686313526,0.232932130402874
"Marondera","2015","05",0.305547558963103,0.401905047762217,0.229803137221464,0.300305035561628
"Masvingo","2015","05",0.28692498580394,0.382000487141359,0.164651570484732,0.28501881094528
"Matobo","2015","05",0.247930551233474,0.325941481811334,0.185021661892902,0.247959225192747
"Mazowe","2015","05",0.316089345709266,0.428033220322987,0.231532667142773,0.315084121104567
"Mberengwa","2015","05",0.261170250567001,0.376596622677249,0.0986934254764521,0.265043241880079
"Mount Darwin","2015","05",0.304688780233859,0.406217553111591,0.182218673857746,0.303645694010863
"Mudzi","2015","05",0.271635617432498,0.351764005277998,0.109237117232309,0.272425256781019
"Murehwa","2015","05",0.308239668692764,0.409508987958456,0.249524626098033,0.302689340178748
"Mutare","2015","05",0.319014678662672,0.454422787160803,0.206794460890514,0.32040477335407
"Mutasa","2015","05",0.353594217576503,0.533362089024137,0.125956504134892,0.353183605667152
"Mutoko","2015","05",0.284292893550522,0.373191026115801,0.200536519179607,0.27663137847179
"Mwenezi","2015","05",0.248036970240407,0.338393478509127,0.0865454640552051,0.250287834390414
"Nkayi","2015","05",0.31451183676233,0.402852633250468,0.260949156862148,0.309915290615391
"Nyanga","2015","05",0.315204929918816,0.497085476001611,0.143963662592437,0.312153830904422
"Rushinga","2015","05",0.290498254604996,0.385371697557105,0.133726789321276,0.291415614583848
"Seke","2015","05",0.297897550388449,0.393815002902521,0.223718051926344,0.29045003093609
"Shamva","2015","05",0.32445257785599,0.412872056256972,0.23957390412103,0.320168103668246
"Shurugwi","2015","05",0.286751748729809,0.369303656508528,0.122607019206208,0.28984292653141
"Tsholotsho","2015","05",0.278941677624552,0.343872496034781,0.223053045167768,0.275781775632976
"Umguza","2015","05",0.2863398939739,0.379757699084727,0.228917491892348,0.28185799398071
"UMP","2015","05",0.282108557532408,0.361676466188067,0.18094581828577,0.274989882823406
"Umzingwane","2015","05",0.271383102867954,0.353646126012358,0.164858885579902,0.269283870311505
"Wedza","2015","05",0.312065055163026,0.399688320723448,0.209660754032092,0.307684808591787
"Zaka","2015","05",0.303724491154851,0.405281737704801,0.102035279422551,0.312355048117429
"Zvimba","2015","05",0.297789629617431,0.405892752162733,0.241555558031023,0.294336687047437
"Zvishavane","2015","05",0.274616575172328,0.3839406445696,0.113449857644653,0.277157291590423
"Beitbridge","2015","12",0.209532383355546,0.394915155678281,0.0796544355009811,0.214195025021078
"Bikita","2015","12",0.236911700699101,0.372144980613904,-0.122364627291141,0.264103983791249
"Bindura","2015","12",0.231158976990704,0.38129960503111,-0.0152299757315325,0.243594100853145
"Binga","2015","12",0.229826742661521,0.314958289683739,-0.0411456596357877,0.247258140106575
"Bubi","2015","12",0.224472332753343,0.308660217312056,-0.0563526397207878,0.241422776469312
"Buhera","2015","12",0.195214451756072,0.316899497845724,0.0410358413399758,0.209384345304058
"Bulawayo","2015","12",0.185336806273251,0.249334610860667,0.0089319564715827,0.196692087505296
"Bulilima (North)","2015","12",0.242588409718213,0.319309246308923,0.0443575065629177,0.254141784575776
"Centenary","2015","12",0.224957329346693,0.383130392954365,0.0363700998429577,0.221463076986867
"Chegutu","2015","12",0.224277460557379,0.346614779966081,0.0424767253978577,0.21754620196026
"Chikomba","2015","12",0.241650463271894,0.376262561458433,-0.0172358632408067,0.240923110682816
"Chimanimani","2015","12",0.262882303269436,0.425503907019867,-0.39338553396721,0.280076140459989
"Chipinge","2015","12",0.204853425044353,0.307320958021217,-0.07619968328734,0.227530128375062
"Chiredzi","2015","12",0.214947030227236,0.342797336362044,-0.0437325512099642,0.230074576087375
"Chirumhanzu","2015","12",0.222706800855083,0.299166336644611,0.0304799129230695,0.239197058156412
"Chivi","2015","12",0.186092594266805,0.301187262432453,-0.100369554035249,0.205926111686487
"Gokwe North","2015","12",0.218126893504709,0.33524982699998,-0.03293048860068,0.217104004501112
"Gokwe South","2015","12",0.23563569791468,0.348778134103197,-0.0464090054466206,0.242559215702087
"Goromonzi","2015","12",0.250917627975522,0.363011575526368,0.0585712440195263,0.257279131497188
"Guruve","2015","12",0.247262171515363,0.428851572746183,-0.0633917335797036,0.248398625505386
"Gutu","2015","12",0.205441076301563,0.30457121523499,-0.085354348912215,0.224912703249288
"Gwanda","2015","12",0.235806469818022,0.305527173811103,0.113911541695593,0.240374996117432
"Gweru","2015","12",0.23477211368315,0.360977650968523,-0.0512386432912695,0.245537381351318
"Harare","2015","12",0.222531854987891,0.327558029664615,0.0418547529561189,0.229905936250511
"Hurungwe","2015","12",0.256012034278519,0.395868257461138,0.100924952659053,0.246085002737688
"Hwange","2015","12",0.307000091340936,0.452516275356429,0.145309335710523,0.31993958866791
"Insiza","2015","12",0.17710065041756,0.294766827090779,-0.0398914055301363,0.178030539680986
"Kadoma","2015","12",0.239836295234611,0.347675920318537,0.0671069862872199,0.233585331698853
"Kariba","2015","12",0.188262971969143,0.293002011490321,0.0223734429813215,0.194496105355022
"Kwekwe","2015","12",0.258252962468909,0.355279912468056,0.0759246621083284,0.259647182276492
"Lupane","2015","12",0.295476002975488,0.401417026935261,-0.0957556323178034,0.323881724118995
"Makonde","2015","12",0.281696429807647,0.41043089639447,0.124929140352185,0.274863486435413
"Makoni","2015","12",0.243358034067151,0.360074440624196,0.0021466652452082,0.247801745168351
"Mangwe (South)","2015","12",0.220066325174365,0.29390674443771,0.0364790683623184,0.235506448876081
"Marondera","2015","12",0.257712312805924,0.391159481328565,0.0252591003988939,0.252926767847875
"Masvingo","2015","12",0.21515205034593,0.338012940753507,-0.088387441020192,0.232537650103381
"Matobo","2015","12",0.221502086519816,0.283881251649708,0.0812885114792578,0.227795280051964
"Mazowe","2015","12",0.25054400778613,0.401753600107953,0.0576381625260557,0.252395863476038
"Mberengwa","2015","12",0.213973433843251,0.279104222566991,0.0206818781923008,0.233184833765561
"Mount Darwin","2015","12",0.236012321172322,0.386413708548086,0.0764784614763793,0.237048013900017
"Mudzi","2015","12",0.21233985699791,0.305110552829274,0.025959319020776,0.212336706319784
"Murehwa","2015","12",0.246723332001828,0.340610964487809,0.0359715410227053,0.251235142135376
"Mutare","2015","12",0.23961065339921,0.434293211447236,0.033839465987767,0.24281718191998
"Mutasa","2015","12",0.264153582621749,0.429117447551033,-0.00605824972344094,0.287269003542469
"Mutoko","2015","12",0.239426390476104,0.321181799329151,0.0930787759948717,0.241848266255779
"Mwenezi","2015","12",0.208440569935902,0.330663593710876,-0.0182091497098028,0.223041446020037
"Nkayi","2015","12",0.290490213503073,0.417918244917185,-0.34205667164236,0.316535212987176
"Nyanga","2015","12",0.234056390544345,0.347704532142378,0.0661793612961894,0.247801032187132
"Rushinga","2015","12",0.196903552151511,0.28743613054035,-0.0362996661852917,0.193358724895131
"Seke","2015","12",0.252150295966181,0.345798004741222,0.0666833248319017,0.268280492804396
"Shamva","2015","12",0.252009079286225,0.38799155819006,0.090212399102439,0.259914188165548
"Shurugwi","2015","12",0.21928631544683,0.289509306316316,-0.0209357558501116,0.228987154611953
"Tsholotsho","2015","12",0.278337894028286,0.385287103093457,0.0491450542860341,0.29661608217107
"Umguza","2015","12",0.238172259530721,0.311472151045188,0.0544816804374301,0.245580567225377
"UMP","2015","12",0.244594875561194,0.34323476686737,0.0569052860055978,0.249902340162433
"Umzingwane","2015","12",0.189422234005431,0.259333958076363,-0.024784704827691,0.196505609551108
"Wedza","2015","12",0.247667258127377,0.376871679338567,-0.00744401064518293,0.254288403892242
"Zaka","2015","12",0.226980531356223,0.346986397167184,-0.0928800720678278,0.251195919111385
"Zvimba","2015","12",0.262988284028515,0.402825727216798,0.124009332658957,0.247000327477839
"Zvishavane","2015","12",0.189827191202907,0.257470052380753,-0.00171708522036244,0.200345912141795
"Beitbridge","2016","06",0.160564529031684,0.239289799669905,0.0380778782166975,0.170853771859501
"Bikita","2016","06",0.23610993800514,0.324123765167961,0.0243422213251441,0.244725648737931
"Bindura","2016","06",0.273243292688373,0.367914066463204,0.17895583065385,0.276017720424763
"Binga","2016","06",0.226878689612099,0.292142767664409,0.179765826421719,0.219926572218754
"Bubi","2016","06",0.242424244563369,0.313557288710044,0.160381009391764,0.238807203933033
"Buhera","2016","06",0.200130903010509,0.25563136897526,0.0812625010212434,0.206671352925828
"Bulawayo","2016","06",0.184377232403563,0.244296890584855,0.0795721350932008,0.18949059903953
"Bulilima (North)","2016","06",0.240340410864407,0.322145286808484,0.113316739100096,0.238000494909737
"Centenary","2016","06",0.246236479979726,0.305475423848215,0.167092801554984,0.247358948394826
"Chegutu","2016","06",0.229477909212105,0.299663071393886,0.163407857413527,0.226233595146133
"Chikomba","2016","06",0.210764830099428,0.303074647401826,0.0281269154420617,0.223239130994685
"Chimanimani","2016","06",0.275090241910178,0.380342323937978,0.10240622097235,0.290267233116629
"Chipinge","2016","06",0.239789467445672,0.328055070743058,0.053031597803503,0.250572899246549
"Chiredzi","2016","06",0.210416275498489,0.295245848180874,0.0602553002365821,0.224038938453697
"Chirumhanzu","2016","06",0.223444852110162,0.319635114484337,0.0968699847281419,0.228851467943144
"Chivi","2016","06",0.212212710797286,0.320888392866403,-0.00663868650009153,0.232718060374701
"Gokwe North","2016","06",0.262709425433287,0.328320998866196,0.194127934442081,0.259487963825126
"Gokwe South","2016","06",0.254954832710225,0.316955755267158,0.192967013599905,0.251683980346692
"Goromonzi","2016","06",0.249690013085148,0.30768467332001,0.203140347193602,0.249383791455204
"Guruve","2016","06",0.247217664062256,0.306266137417533,0.175301819609715,0.245643839655216
"Gutu","2016","06",0.21296213806112,0.289676500951348,0.0765733934184246,0.223332243936559
"Gwanda","2016","06",0.180026517867999,0.253044604705212,-0.0279995517172896,0.198423908126383
"Gweru","2016","06",0.218626550519936,0.295854177812901,0.0636294007330824,0.218598945228952
"Harare","2016","06",0.210154042942196,0.250677636638122,0.174592163920834,0.207800107965152
"Hurungwe","2016","06",0.261051609861562,0.328193335897991,0.110601686744934,0.26380421157793
"Hwange","2016","06",0.242730265503626,0.345944348493247,0.195343349853563,0.230900055189665
"Insiza","2016","06",0.197569946742626,0.267841370771201,0.024019813697281,0.211804146053685
"Kadoma","2016","06",0.249441069063441,0.312809079711703,0.173169529207098,0.251006474661847
"Kariba","2016","06",0.229805289992645,0.302653060122193,0.122334360101189,0.225770280795232
"Kwekwe","2016","06",0.236294797038633,0.292119574393023,0.139238181951934,0.235792315326824
"Lupane","2016","06",0.268624701500188,0.341296289859781,0.207390588147681,0.260248519361516
"Makonde","2016","06",0.285224567767939,0.364557981933631,0.147897084363326,0.283894559722177
"Makoni","2016","06",0.235309376056343,0.298447983609571,0.138005656722672,0.238643299461735
"Mangwe (South)","2016","06",0.203449796087678,0.283484693526567,0.020794928026996,0.216314553234487
"Marondera","2016","06",0.228045718102825,0.288851229888168,0.135103956832468,0.232359875776517
"Masvingo","2016","06",0.217971009021415,0.323003699018846,0.0100974725962492,0.237504052179403
"Matobo","2016","06",0.190418010811246,0.273004280515202,-0.00354397767175849,0.212601385473487
"Mazowe","2016","06",0.255257813808007,0.327782207101832,0.162736497368449,0.254229293519101
"Mberengwa","2016","06",0.216217300026804,0.312676136640031,-0.0241604537439215,0.249885764724391
"Mount Darwin","2016","06",0.223691382758651,0.27991751244618,0.136530476373359,0.223397007255283
"Mudzi","2016","06",0.218093963367977,0.275843273039376,0.127840226750379,0.221031272167756
"Murehwa","2016","06",0.245855746930488,0.305218068396647,0.207668413128003,0.242749398223872
"Mutare","2016","06",0.246605826704046,0.315131466878449,0.104130714519786,0.255991683188434
"Mutasa","2016","06",0.272060673335673,0.395822030672513,-0.117948385162235,0.301528904116335
"Mutoko","2016","06",0.236676167748482,0.290695275539743,0.182234188546329,0.236372373297882
"Mwenezi","2016","06",0.224752366615816,0.327175968291188,0.0250063148385493,0.246131681069419
"Nkayi","2016","06",0.262687511484292,0.329936918227316,0.188232357584032,0.258719974686442
"Nyanga","2016","06",0.233746005826722,0.321888858510541,-0.0481150713764368,0.255266105338981
"Rushinga","2016","06",0.217269155501885,0.275373886755133,0.130375806072425,0.215589019701468
"Seke","2016","06",0.221335278379149,0.289884592832843,0.158509343600357,0.217733448846958
"Shamva","2016","06",0.260099392210078,0.327651699788536,0.178216356043374,0.258617251737603
"Shurugwi","2016","06",0.236160305910677,0.348881588235664,0.0537939943469099,0.26029503081722
"Tsholotsho","2016","06",0.268802778939799,0.34731368575339,0.223658001591486,0.257420667385232
"Umguza","2016","06",0.238410743871839,0.311936460446815,0.172218805095298,0.235372785087076
"UMP","2016","06",0.235932814067386,0.291998246362734,0.15439583341114,0.235020940788576
"Umzingwane","2016","06",0.202971864986527,0.28449712827173,0.0207801715140276,0.222216160703177
"Wedza","2016","06",0.240345141974062,0.331057851984188,0.0349972995411147,0.255023743747355
"Zaka","2016","06",0.247150228602995,0.343142639474997,-0.0155172584075464,0.267204319361849
"Zvimba","2016","06",0.242338353121662,0.308112040449473,0.143398563049538,0.239409830102064
"Zvishavane","2016","06",0.237479472849864,0.317966192788551,-0.00138042690255195,0.26501387829009
"Beitbridge","2017","07",0.163737156090338,0.268938458057972,0.101416932459818,0.157496323636539
"Bikita","2017","07",0.226768319973819,0.321125868401894,0.0455265036058368,0.227629536874372
"Bindura","2017","07",0.245240294865216,0.315056002217198,0.153734851678906,0.234667430639734
"Binga","2017","07",0.215612770349284,0.273600787556583,0.140553794741032,0.213067450204666
"Bubi","2017","07",0.224402941889094,0.306755507443029,0.165666808337838,0.220489306806715
"Buhera","2017","07",0.174221451484605,0.25070725194691,0.069434453106357,0.173804695567003
"Bulawayo","2017","07",0.188291146035646,0.259939318249373,0.0531374563136393,0.191902739682851
"Bulilima (North)","2017","07",0.224242528611059,0.283508383307351,0.177882490049302,0.223241251410732
"Centenary","2017","07",0.25409037158511,0.330503877460115,0.0785153254690831,0.248573962900595
"Chegutu","2017","07",0.213378272319807,0.281173504802711,0.140984600000738,0.211243475858929
"Chikomba","2017","07",0.188718856702392,0.265238440776738,0.0476874334769501,0.189725550769113
"Chimanimani","2017","07",0.259694514473666,0.376065736567756,0.0852696642013709,0.269416647792278
"Chipinge","2017","07",0.263943020446448,0.374248358656566,0.092715733373133,0.272370605331777
"Chiredzi","2017","07",0.248772267550555,0.362831637577939,0.0955915638956764,0.251710421242425
"Chirumhanzu","2017","07",0.203168508936514,0.272628055795247,0.116292855241217,0.207097299796696
"Chivi","2017","07",0.208630004436709,0.314862189366983,0.0607977335062448,0.216605513549463
"Gokwe North","2017","07",0.230082015042725,0.31068986596253,0.15075612681614,0.223784545525599
"Gokwe South","2017","07",0.239413061467016,0.321367634338509,0.178740264544461,0.230038981214685
"Goromonzi","2017","07",0.215240590215424,0.277987347678662,0.133875139963064,0.210275518942535
"Guruve","2017","07",0.252614500248291,0.336214426523835,0.0957928378590998,0.246216502866921
"Gutu","2017","07",0.191254562696501,0.26310633081539,0.0796842827755813,0.19814902475745
"Gwanda","2017","07",0.188179950984197,0.259755643047128,0.0964072344218224,0.18975003644133
"Gweru","2017","07",0.204083899766,0.276009858599782,0.110904440000425,0.202643918309814
"Harare","2017","07",0.190635573587407,0.25411095118927,0.0967675885929057,0.189418387736681
"Hurungwe","2017","07",0.245276472825209,0.325969520041209,0.198338754558325,0.235371905272043
"Hwange","2017","07",0.233506072674214,0.328020576697007,0.19305361712713,0.225709015560167
"Insiza","2017","07",0.19440177286733,0.280274784488345,0.0610938007866962,0.198888425168148
"Kadoma","2017","07",0.232215174412216,0.307152630023363,0.155174610476051,0.227876656675689
"Kariba","2017","07",0.200777039738817,0.304216861004683,0.0661409704328725,0.195576075495484
"Kwekwe","2017","07",0.227033289432057,0.304290911113128,0.158239589240096,0.22225500418441
"Lupane","2017","07",0.257604130660246,0.352942520520225,0.206756670085639,0.245279913564094
"Makonde","2017","07",0.237098303767709,0.315931397484066,0.0996551810896969,0.230671537450171
"Makoni","2017","07",0.19970164583432,0.268760675222434,0.127738059439983,0.200581281515609
"Mangwe (South)","2017","07",0.194017454016253,0.266175851659493,0.105742856420864,0.194145869661607
"Marondera","2017","07",0.194839227651691,0.259718565627036,0.127408593842276,0.19146106051912
"Masvingo","2017","07",0.218480835548693,0.307973676699742,0.0998571392057759,0.223749276178712
"Matobo","2017","07",0.203000025459692,0.274892004239855,0.0941024491277587,0.206781134448388
"Mazowe","2017","07",0.213411877361985,0.281277637762413,0.131104134002326,0.205784586822605
"Mberengwa","2017","07",0.214033199996951,0.311504287221019,0.0609789294466831,0.225315819597149
"Mount Darwin","2017","07",0.234876507390617,0.300001460187962,0.162497825154776,0.228599623983723
"Mudzi","2017","07",0.222773979120133,0.279320687229346,0.163301758487457,0.220355944469713
"Murehwa","2017","07",0.216358557362393,0.279959300687564,0.16681708309463,0.212202648132351
"Mutare","2017","07",0.211910237918125,0.376307315149939,0.094713483310456,0.211335258570512
"Mutasa","2017","07",0.246752815675764,0.469621496814966,0.052506678674241,0.271700524870122
"Mutoko","2017","07",0.23663879649232,0.301376797824085,0.173062699286678,0.227388863239004
"Mwenezi","2017","07",0.210488950008445,0.301066408947398,0.0899703130602478,0.214515658625283
"Nkayi","2017","07",0.246923970535293,0.331721325042582,0.168432501937115,0.238117198518597
"Nyanga","2017","07",0.240819323054657,0.4464697095866,0.0618125131534071,0.245993179520179
"Rushinga","2017","07",0.214482348603265,0.269902737127519,0.153028528171322,0.21144479847432
"Seke","2017","07",0.18944328125996,0.257257515928037,0.113952937126583,0.1878219852146
"Shamva","2017","07",0.262075745268037,0.338857706976701,0.14720202967015,0.253347164874909
"Shurugwi","2017","07",0.212441294874759,0.288260451104978,0.118235635913428,0.215885730366324
"Tsholotsho","2017","07",0.249020384312455,0.312830004626584,0.163752128077312,0.250735769351241
"Umguza","2017","07",0.234786977057827,0.31586032721676,0.17120680960504,0.231435648282541
"UMP","2017","07",0.234136531453094,0.295091824246719,0.161783573375344,0.226555381781445
"Umzingwane","2017","07",0.215877312490204,0.303154969045876,0.0482772704000926,0.222777890622924
"Wedza","2017","07",0.196126191654845,0.279105841781873,0.078120865952754,0.202501783324261
"Zaka","2017","07",0.234307192958359,0.335774915738462,0.0451644680242842,0.250585930740817
"Zvimba","2017","07",0.207291985458636,0.275364742344792,0.131632632336859,0.205397150050108
"Zvishavane","2017","07",0.212616600732928,0.30991798222718,0.0637125637136239,0.224967476199014
