"","...1","District","YearBegin","MonthBegin","AverageSoilMoisture","MaxSoilMoisture","MinSoilMoisture","group","AverageIdeal","MaxIdeal","MinIdeal","AverageWet","MaxWet","MinWet","AverageDry","MaxDry","MinDry"
"1",1,"Beitbridge",2017,"10",21.4547168091992,28.266200108097,14.1629597155776,"A",0,1,0,0,0,0,1,0,1
"2",2,"Beitbridge",2017,"11",27.5150167343106,42.2835363329984,15.352421064718,"B",1,1,0,0,0,0,0,0,1
"3",3,"Beitbridge",2017,"12",22.8572134688468,32.8258753158881,15.1634954926791,"C",0,1,0,0,0,0,1,0,1
"4",4,"Beitbridge",2018,"01",18.5468576958998,27.7227225305184,13.8732842255575,"D",0,1,0,0,0,0,1,0,1
"5",5,"Beitbridge",2018,"02",54.6014670481786,101.533157592174,30.1719926292029,"E",1,0,1,0,1,0,0,0,0
"6",6,"Beitbridge",2018,"03",49.5674754214217,92.5683404294333,30.0931822778368,"F",1,1,1,0,0,0,0,0,0
"7",7,"Beitbridge",2018,"04",31.9403866914937,40.0035185628894,22.6366484388951,"G",1,1,0,0,0,0,0,0,1
"8",8,"Beitbridge",2018,"05",25.2262476935561,34.9863842836466,15.9927531748633,"H",1,1,0,0,0,0,0,0,1
"9",9,"Bikita",2017,"10",15.5579351113801,33.1915983364123,11.6096407901305,"A",0,1,0,0,0,0,1,0,1
"10",10,"Bikita",2017,"11",36.1546168275562,52.8604936620824,20.8047886846813,"B",1,1,0,0,0,0,0,0,1
"11",11,"Bikita",2017,"12",34.438374308091,64.6159745137449,18.4198128425056,"C",1,1,0,0,0,0,0,0,1
"12",12,"Bikita",2018,"01",33.9533250388019,51.9516721211107,17.9895314540715,"D",1,1,0,0,0,0,0,0,1
"13",13,"Bikita",2018,"02",85.7184915738923,113.597518368642,52.5722291285519,"E",1,0,1,0,1,0,0,0,0
"14",14,"Bikita",2018,"03",78.8110390812162,111.944547464512,54.5074557478135,"F",1,0,1,0,1,0,0,0,0
"15",15,"Bikita",2018,"04",48.7204404994763,64.8527259363634,30.2826229002618,"G",1,1,1,0,0,0,0,0,0
"16",16,"Bikita",2018,"05",24.1554412510681,28.1010189871922,18.5656387318066,"H",0,1,0,0,0,0,1,0,1
"17",17,"Bindura",2017,"10",13.3078417291553,15.740976929131,12.6165770870816,"A",0,0,0,0,0,0,1,1,1
"18",18,"Bindura",2017,"11",47.2755082730369,90.9649550036727,13.3727074189852,"B",1,1,0,0,0,0,0,0,1
"19",19,"Bindura",2017,"12",86.8032270445645,127.059446331269,60.498115367863,"C",1,0,1,0,1,0,0,0,0
"20",20,"Bindura",2018,"01",77.7405056543509,110.065637130719,50.8629271679649,"D",1,0,1,0,1,0,0,0,0
"21",21,"Bindura",2018,"02",121.583858147719,128.214264494724,90.666629023477,"E",0,0,1,1,1,0,0,0,0
"22",22,"Bindura",2018,"03",115.08266865645,128.353945570597,95.2899085546496,"F",0,0,1,1,1,0,0,0,0
"23",23,"Bindura",2018,"04",76.7351954143701,99.9224791136771,50.7864907072919,"G",1,1,1,0,0,0,0,0,0
"24",24,"Bindura",2018,"05",34.6468538683935,44.8316221893818,25.4966166284306,"H",1,1,1,0,0,0,0,0,0
"25",25,"Binga",2017,"10",12.2241145617743,15.6344613597926,10.9353416211601,"A",0,0,0,0,0,0,1,1,1
"26",26,"Binga",2017,"11",23.3022050760488,37.271272887127,11.4198199717177,"B",0,1,0,0,0,0,1,0,1
"27",27,"Binga",2017,"12",49.6542694178327,76.6114857917142,29.7698610195097,"C",1,1,1,0,0,0,0,0,0
"28",28,"Binga",2018,"01",47.4232862033216,69.0730804242866,31.7319215799913,"D",1,1,1,0,0,0,0,0,0
"29",29,"Binga",2018,"02",104.969256824927,117.70180446121,61.6386607940763,"E",0,0,1,1,1,0,0,0,0
"30",30,"Binga",2018,"03",101.119409139136,117.678628685089,79.6138955301724,"F",0,0,1,1,1,0,0,0,0
"31",31,"Binga",2018,"04",63.5090241082258,85.4897522772336,37.9119276251801,"G",1,1,1,0,0,0,0,0,0
"32",32,"Binga",2018,"05",23.0455429585559,33.4156285526732,17.4912432851361,"H",0,1,0,0,0,0,1,0,1
"33",33,"Bubi",2017,"10",12.9416835161153,21.0750514560589,9.35572520786492,"A",0,0,0,0,0,0,1,1,1
"34",34,"Bubi",2017,"11",28.2689344105287,42.3986215713548,11.3046137433116,"B",1,1,0,0,0,0,0,0,1
"35",35,"Bubi",2017,"12",25.4192729051115,37.7168648616559,17.1494835511219,"C",1,1,0,0,0,0,0,0,1
"36",36,"Bubi",2018,"01",17.2721846716955,29.1921297684856,10.496388937013,"D",0,1,0,0,0,0,1,0,1
"37",37,"Bubi",2018,"02",62.8087939906595,94.4412437786794,36.5081249298151,"E",1,1,1,0,0,0,0,0,0
"38",38,"Bubi",2018,"03",52.2017751048224,92.0878742885635,28.7425707091319,"F",1,1,1,0,0,0,0,0,0
"39",39,"Bubi",2018,"04",26.7548140940058,39.8988475251618,14.2512954337719,"G",1,1,0,0,0,0,0,0,1
"40",40,"Bubi",2018,"05",11.0862778116656,12.6280262539353,10.3646332705282,"H",0,0,0,0,0,0,1,1,1
"41",41,"Buhera",2017,"10",12.5804900463463,19.6886127683026,10.7831658044503,"A",0,0,0,0,0,0,1,1,1
"42",42,"Buhera",2017,"11",43.7294090783321,69.7160124845549,12.8581310965818,"B",1,1,0,0,0,0,0,0,1
"43",43,"Buhera",2017,"12",46.1328154754152,65.625270376274,28.9419294492086,"C",1,1,1,0,0,0,0,0,0
"44",44,"Buhera",2018,"01",35.5738943567333,52.5231664666237,19.0000020348054,"D",1,1,0,0,0,0,0,0,1
"45",45,"Buhera",2018,"02",94.5341722716582,111.917225166357,57.5683859638994,"E",1,0,1,0,1,0,0,0,0
"46",46,"Buhera",2018,"03",79.3831338777569,111.286926618838,53.0289559835544,"F",1,0,1,0,1,0,0,0,0
"47",47,"Buhera",2018,"04",50.7730363184746,64.6851268838185,31.450496698957,"G",1,1,1,0,0,0,0,0,0
"48",48,"Buhera",2018,"05",20.1185330007381,27.6266606521514,15.9045067376453,"H",0,1,0,0,0,0,1,0,1
"49",49,"Bulawayo",2017,"10",11.1495460199153,13.6991173339999,9.91492181672477,"A",0,0,0,0,0,0,1,1,1
"50",50,"Bulawayo",2017,"11",26.4167650927515,45.9542964151649,10.7254973436501,"B",1,1,0,0,0,0,0,0,1
"51",51,"Bulawayo",2017,"12",27.5363250540411,35.4084352275097,18.4579334507495,"C",1,1,0,0,0,0,0,0,1
"52",52,"Bulawayo",2018,"01",17.4966411360461,26.7412988088116,12.5049116907065,"D",0,1,0,0,0,0,1,0,1
"53",53,"Bulawayo",2018,"02",63.9699760367286,108.042682217419,30.8242425398808,"E",1,0,1,0,1,0,0,0,0
"54",54,"Bulawayo",2018,"03",72.960394864683,102.764978010894,53.2288010392177,"F",1,0,1,0,1,0,0,0,0
"55",55,"Bulawayo",2018,"04",43.6297722228727,61.2267844667928,25.8269767603205,"G",1,1,1,0,0,0,0,0,0
"56",56,"Bulawayo",2018,"05",17.038837363472,23.2353950193195,13.4646594872325,"H",0,0,0,0,0,0,1,1,1
"57",57,"Bulilima (North)",2017,"10",12.4965657185687,19.403885818766,9.31249432747717,"A",0,0,0,0,0,0,1,1,1
"58",58,"Bulilima (North)",2017,"11",21.9225744231191,35.1938048699843,10.109075816781,"B",0,1,0,0,0,0,1,0,1
"59",59,"Bulilima (North)",2017,"12",16.4779204317647,23.4783682254588,11.8291797572045,"C",0,0,0,0,0,0,1,1,1
"60",60,"Bulilima (North)",2018,"01",12.0868624093083,16.2376322079338,9.10022627261595,"D",0,0,0,0,0,0,1,1,1
"61",61,"Bulilima (North)",2018,"02",52.3064706267675,85.0818188856177,28.0307157797161,"E",1,1,1,0,0,0,0,0,0
"62",62,"Bulilima (North)",2018,"03",44.7688643984794,81.8581092705778,23.3870369226291,"F",1,1,0,0,0,0,0,0,1
"63",63,"Bulilima (North)",2018,"04",19.153735260736,30.7085767131021,10.6704611233327,"G",0,1,0,0,0,0,1,0,1
"64",64,"Bulilima (North)",2018,"05",10.3884930236622,11.4583830383081,9.69940252884501,"H",0,0,0,0,0,0,1,1,1
"65",65,"Centenary",2017,"10",13.8641098250798,14.4636579490208,13.4516406661639,"A",0,0,0,0,0,0,1,1,1
"66",66,"Centenary",2017,"11",31.3401977743472,61.1902549547713,13.8960736665258,"B",1,1,0,0,0,0,0,0,1
"67",67,"Centenary",2017,"12",69.8914630869604,115.054662406962,38.3604518492312,"C",1,0,1,0,1,0,0,0,0
"68",68,"Centenary",2018,"01",72.3801187754908,98.674320339916,50.1161969085149,"D",1,1,1,0,0,0,0,0,0
"69",69,"Centenary",2018,"02",128.05508010751,147.766283150733,67.269563797995,"E",0,0,1,1,1,0,0,0,0
"70",70,"Centenary",2018,"03",131.564021077371,148.928395637661,104.401247681207,"F",0,0,0,1,1,1,0,0,0
"71",71,"Centenary",2018,"04",71.08748393114,101.338698344227,44.2870067590077,"G",1,0,1,0,1,0,0,0,0
"72",72,"Centenary",2018,"05",30.6948897438056,39.3069944651527,22.8801693567446,"H",1,1,0,0,0,0,0,0,1
"73",73,"Chegutu",2017,"10",14.472345168137,20.670208713923,12.7735609449219,"A",0,0,0,0,0,0,1,1,1
"74",74,"Chegutu",2017,"11",51.4378217218765,83.866512268708,15.6973317991255,"B",1,1,0,0,0,0,0,0,1
"75",75,"Chegutu",2017,"12",63.8399721438355,99.2139116532802,44.7503444357504,"C",1,1,1,0,0,0,0,0,0
"76",76,"Chegutu",2018,"01",42.9065852086493,80.7646308280697,21.0507377078533,"D",1,1,0,0,0,0,0,0,1
"77",77,"Chegutu",2018,"02",128.524016059114,141.291861544028,76.88615129919,"E",0,0,1,1,1,0,0,0,0
"78",78,"Chegutu",2018,"03",116.785965748961,141.205417760805,91.4864128235991,"F",0,0,1,1,1,0,0,0,0
"79",79,"Chegutu",2018,"04",78.8231185204042,96.2334707883406,52.8285286141758,"G",1,1,1,0,0,0,0,0,0
"80",80,"Chegutu",2018,"05",35.1046608443632,46.8473020045004,28.3172915302325,"H",1,1,1,0,0,0,0,0,0
"81",81,"Chikomba",2017,"10",13.0273455996595,23.5098455109827,10.9756109209044,"A",0,0,0,0,0,0,1,1,1
"82",82,"Chikomba",2017,"11",48.6074446699562,75.1112927284331,14.791236046593,"B",1,1,0,0,0,0,0,0,1
"83",83,"Chikomba",2017,"12",51.8650218014005,75.4458263523287,33.4366446974118,"C",1,1,1,0,0,0,0,0,0
"84",84,"Chikomba",2018,"01",38.4016946083518,61.6491012782648,18.7079781786811,"D",1,1,0,0,0,0,0,0,1
"85",85,"Chikomba",2018,"02",99.6616860047912,116.129761951837,69.4777327679911,"E",1,0,1,0,1,0,0,0,0
"86",86,"Chikomba",2018,"03",96.7646973091846,116.042935771241,73.4135436008384,"F",1,0,1,0,1,0,0,0,0
"87",87,"Chikomba",2018,"04",76.5233470756391,91.9330823550692,52.0245747042576,"G",1,1,1,0,0,0,0,0,0
"88",88,"Chikomba",2018,"05",33.1997878439042,45.6717497416483,24.7854410776654,"H",1,1,0,0,0,0,0,0,1
"89",89,"Chimanimani",2017,"10",23.3056909990782,46.2743892180262,17.0624765767852,"A",0,1,0,0,0,0,1,0,1
"90",90,"Chimanimani",2017,"11",71.25894056412,106.383908699144,37.2772601418766,"B",1,0,1,0,1,0,0,0,0
"91",91,"Chimanimani",2017,"12",101.744097678665,114.538366859696,92.4488729474341,"C",0,0,1,1,1,0,0,0,0
"92",92,"Chimanimani",2018,"01",100.167724096316,107.951917918471,88.5540511865172,"D",0,0,1,1,1,0,0,0,0
"93",93,"Chimanimani",2018,"02",137.550001558896,151.887080557357,116.001700822378,"E",0,0,0,1,1,1,0,0,0
"94",94,"Chimanimani",2018,"03",133.475959463413,151.218569769994,118.362850481697,"F",0,0,0,1,1,1,0,0,0
"95",95,"Chimanimani",2018,"04",114.028690651672,122.014386654257,96.3540638756204,"G",0,0,1,1,1,0,0,0,0
"96",96,"Chimanimani",2018,"05",83.6340629575347,91.6591685479335,76.6052610086794,"H",1,1,1,0,0,0,0,0,0
"97",97,"Chipinge",2017,"10",25.7777187211643,64.8112884291429,15.7658134461623,"A",1,1,0,0,0,0,0,0,1
"98",98,"Chipinge",2017,"11",59.5517811290297,69.4264831032554,46.6410017174019,"B",1,1,1,0,0,0,0,0,0
"99",99,"Chipinge",2017,"12",74.4250807204681,102.727555945025,55.8781858200912,"C",1,0,1,0,1,0,0,0,0
"100",100,"Chipinge",2018,"01",85.385117118369,99.703344149948,68.2214385211148,"D",1,1,1,0,0,0,0,0,0
"101",101,"Chipinge",2018,"02",139.236940044267,155.118518325933,114.892471618116,"E",0,0,0,1,1,1,0,0,0
"102",102,"Chipinge",2018,"03",132.558454404163,153.672032602164,110.367248046473,"F",0,0,0,1,1,1,0,0,0
"103",103,"Chipinge",2018,"04",105.590798143304,124.356934640201,79.8305971900353,"G",0,0,1,1,1,0,0,0,0
"104",104,"Chipinge",2018,"05",70.7085454287122,80.0055450714447,57.0206256174276,"H",1,1,1,0,0,0,0,0,0
"105",105,"Chiredzi",2017,"10",19.6006611082551,36.4877227911496,15.3723047655469,"A",0,1,0,0,0,0,1,0,1
"106",106,"Chiredzi",2017,"11",33.1382037786769,44.5611254346468,24.1303189284376,"B",1,1,0,0,0,0,0,0,1
"107",107,"Chiredzi",2017,"12",31.6780521192028,57.7916749193857,20.6127755569732,"C",1,1,0,0,0,0,0,0,1
"108",108,"Chiredzi",2018,"01",29.7301532906385,42.7562323818719,20.5569719504198,"D",1,1,0,0,0,0,0,0,1
"109",109,"Chiredzi",2018,"02",88.3353010973337,131.600107577734,49.8042725982679,"E",1,0,1,0,1,0,0,0,0
"110",110,"Chiredzi",2018,"03",83.2448076317487,125.271030087705,57.0863050599367,"F",1,0,1,0,1,0,0,0,0
"111",111,"Chiredzi",2018,"04",53.4797584204205,67.6035979460593,36.780354446881,"G",1,1,1,0,0,0,0,0,0
"112",112,"Chiredzi",2018,"05",35.7880635476554,44.891421716437,24.3496285627525,"H",1,1,0,0,0,0,0,0,1
"113",113,"Chirumhanzu",2017,"10",13.3387384457287,25.323507458592,10.9054676646658,"A",0,1,0,0,0,0,1,0,1
"114",114,"Chirumhanzu",2017,"11",46.4395916056062,68.2272835421691,16.6182677462828,"B",1,1,0,0,0,0,0,0,1
"115",115,"Chirumhanzu",2017,"12",36.8284215846372,53.8506707544268,20.4714431516224,"C",1,1,0,0,0,0,0,0,1
"116",116,"Chirumhanzu",2018,"01",24.119341592524,44.1189400594514,12.9132724153758,"D",0,1,0,0,0,0,1,0,1
"117",117,"Chirumhanzu",2018,"02",85.9158830411022,114.916631612897,47.7652787154945,"E",1,0,1,0,1,0,0,0,0
"118",118,"Chirumhanzu",2018,"03",86.4241331616258,114.568125281255,61.0646910224255,"F",1,0,1,0,1,0,0,0,0
"119",119,"Chirumhanzu",2018,"04",61.7990323242247,78.8926973479669,38.7244277754729,"G",1,1,1,0,0,0,0,0,0
"120",120,"Chirumhanzu",2018,"05",24.0804034631675,33.8008248384561,17.8054816347394,"H",0,1,0,0,0,0,1,0,1
"121",121,"Chivi",2017,"10",18.8490322778045,38.8346737573983,13.7998155337451,"A",0,1,0,0,0,0,1,0,1
"122",122,"Chivi",2017,"11",38.7919136261521,59.6667893282168,23.4741350533244,"B",1,1,0,0,0,0,0,0,1
"123",123,"Chivi",2017,"12",35.6611298715258,48.3868800268689,25.0798000396829,"C",1,1,1,0,0,0,0,0,0
"124",124,"Chivi",2018,"01",28.5902912184644,40.5591807779846,17.9513629538238,"D",1,1,0,0,0,0,0,0,1
"125",125,"Chivi",2018,"02",97.4677884487535,128.408801242608,66.2221053686626,"E",1,0,1,0,1,0,0,0,0
"126",126,"Chivi",2018,"03",87.8332566708884,124.173099324814,60.638397327262,"F",1,0,1,0,1,0,0,0,0
"127",127,"Chivi",2018,"04",62.9761836556186,80.0606245186286,41.4986312824376,"G",1,1,1,0,0,0,0,0,0
"128",128,"Chivi",2018,"05",32.4650756147224,37.6924382952515,24.4045536102199,"H",1,1,0,0,0,0,0,0,1
"129",129,"Gokwe North",2017,"10",11.2684751060733,20.6722666720304,9.02447936060039,"A",0,0,0,0,0,0,1,1,1
"130",130,"Gokwe North",2017,"11",23.8254466399985,42.8271808039846,11.7171292029002,"B",0,1,0,0,0,0,1,0,1
"131",131,"Gokwe North",2017,"12",59.4501213583706,83.2770914283844,41.9139857443808,"C",1,1,1,0,0,0,0,0,0
"132",132,"Gokwe North",2018,"01",44.4832338428195,70.0770102965041,28.619316713936,"D",1,1,1,0,0,0,0,0,0
"133",133,"Gokwe North",2018,"02",98.3888870081607,103.99328521653,68.8769960670662,"E",1,0,1,0,1,0,0,0,0
"134",134,"Gokwe North",2018,"03",82.700213137328,104.095763476729,56.0410952936202,"F",1,0,1,0,1,0,0,0,0
"135",135,"Gokwe North",2018,"04",45.9412149133566,62.305051918695,26.0411696679613,"G",1,1,1,0,0,0,0,0,0
"136",136,"Gokwe North",2018,"05",15.0732072535785,22.4189117448029,11.6702663253069,"H",0,0,0,0,0,0,1,1,1
"137",137,"Gokwe South",2017,"10",10.6919533602731,16.6789303052955,8.9239272810327,"A",0,0,0,0,0,0,1,1,1
"138",138,"Gokwe South",2017,"11",24.9909109346205,34.1969592315713,10.5449297891546,"B",0,1,0,0,0,0,1,0,1
"139",139,"Gokwe South",2017,"12",39.1022844498033,65.2117637340496,27.4155810629409,"C",1,1,1,0,0,0,0,0,0
"140",140,"Gokwe South",2018,"01",31.3257298524504,52.2388462750919,18.9405430299161,"D",1,1,0,0,0,0,0,0,1
"141",141,"Gokwe South",2018,"02",81.8922075515504,92.132936220236,52.5125419989183,"E",1,1,1,0,0,0,0,0,0
"142",142,"Gokwe South",2018,"03",69.3004081186582,92.1561700412752,46.9012153876613,"F",1,1,1,0,0,0,0,0,0
"143",143,"Gokwe South",2018,"04",37.4746826791218,54.2046973632086,20.5388790437819,"G",1,1,0,0,0,0,0,0,1
"144",144,"Gokwe South",2018,"05",13.9197084142104,18.126302863414,12.1809591582715,"H",0,0,0,0,0,0,1,1,1
"145",145,"Goromonzi",2017,"10",12.3391030336843,13.2422609009141,11.6474088375207,"A",0,0,0,0,0,0,1,1,1
"146",146,"Goromonzi",2017,"11",63.6646528256736,113.444676493835,12.6285495546326,"B",1,0,0,0,1,0,0,0,1
"147",147,"Goromonzi",2017,"12",95.409683093339,120.877297410345,79.0703610326973,"C",1,0,1,0,1,0,0,0,0
"148",148,"Goromonzi",2018,"01",63.9622016264797,102.311890702826,37.7489517011197,"D",1,0,1,0,1,0,0,0,0
"149",149,"Goromonzi",2018,"02",117.470597534518,122.602190572675,87.1279391697474,"E",0,0,1,1,1,0,0,0,0
"150",150,"Goromonzi",2018,"03",110.309802503993,122.656548436791,93.3791012071058,"F",0,0,1,1,1,0,0,0,0
"151",151,"Goromonzi",2018,"04",83.8666982371315,101.545152571464,58.6304313948133,"G",1,0,1,0,1,0,0,0,0
"152",152,"Goromonzi",2018,"05",43.8718734526638,51.6590086640848,35.2376036595135,"H",1,1,1,0,0,0,0,0,0
"153",153,"Guruve",2017,"10",12.8033213567904,14.0759600853205,12.4359945648911,"A",0,0,0,0,0,0,1,1,1
"154",154,"Guruve",2017,"11",27.9052339651254,50.8622095308908,12.6302396265288,"B",1,1,0,0,0,0,0,0,1
"155",155,"Guruve",2017,"12",61.3316238139401,105.720254534083,31.1237042310231,"C",1,0,1,0,1,0,0,0,0
"156",156,"Guruve",2018,"01",76.094301584631,97.1220040970442,56.9762349052508,"D",1,1,1,0,0,0,0,0,0
"157",157,"Guruve",2018,"02",126.093025862163,140.637927800329,73.5043040550085,"E",0,0,1,1,1,0,0,0,0
"158",158,"Guruve",2018,"03",129.254011678109,141.046378388456,111.963387033412,"F",0,0,0,1,1,1,0,0,0
"159",159,"Guruve",2018,"04",80.0635822283271,110.726622273722,52.1281729167718,"G",1,0,1,0,1,0,0,0,0
"160",160,"Guruve",2018,"05",33.9865677334343,46.2028877810317,22.5182483047283,"H",1,1,0,0,0,0,0,0,1
"161",161,"Gutu",2017,"10",11.3811499829486,22.9427384645658,8.9547215610143,"A",0,0,0,0,0,0,1,1,1
"162",162,"Gutu",2017,"11",37.3151319931377,57.0027660907545,12.6309637939165,"B",1,1,0,0,0,0,0,0,1
"163",163,"Gutu",2017,"12",31.214102218851,49.4589422635494,17.3980468168201,"C",1,1,0,0,0,0,0,0,1
"164",164,"Gutu",2018,"01",24.6582980709692,38.5973982235302,12.8997896695116,"D",0,1,0,0,0,0,1,0,1
"165",165,"Gutu",2018,"02",81.7717367664945,89.3458670393575,62.1102974402866,"E",1,1,1,0,0,0,0,0,0
"166",166,"Gutu",2018,"03",65.9600172805387,87.9610435080243,44.5255942068481,"F",1,1,1,0,0,0,0,0,0
"167",167,"Gutu",2018,"04",51.6117515432814,64.9463530476007,31.5799624581319,"G",1,1,1,0,0,0,0,0,0
"168",168,"Gutu",2018,"05",20.5335665206111,27.3977924928539,16.2961118529401,"H",0,1,0,0,0,0,1,0,1
"169",169,"Gwanda",2017,"10",16.7712504923953,20.2557262445407,12.5802336618252,"A",0,0,0,0,0,0,1,1,1
"170",170,"Gwanda",2017,"11",25.6794833213155,38.2648096347554,13.9043460786375,"B",1,1,0,0,0,0,0,0,1
"171",171,"Gwanda",2017,"12",25.2714350116116,44.0618994746218,15.0830948609532,"C",1,1,0,0,0,0,0,0,1
"172",172,"Gwanda",2018,"01",21.6184512275733,36.556162619187,12.9160267117012,"D",0,1,0,0,0,0,1,0,1
"173",173,"Gwanda",2018,"02",66.5018255925635,120.091369704005,36.3659935951322,"E",1,0,1,0,1,0,0,0,0
"174",174,"Gwanda",2018,"03",65.3290903020379,112.238926944281,40.5120258485601,"F",1,0,1,0,1,0,0,0,0
"175",175,"Gwanda",2018,"04",39.0883763238663,47.2037490293312,25.0589411554032,"G",1,1,1,0,0,0,0,0,0
"176",176,"Gwanda",2018,"05",20.9496721358683,24.6320497428735,15.9342819589168,"H",0,0,0,0,0,0,1,1,1
"177",177,"Gweru",2017,"10",14.8152699459869,28.2225860282324,10.8003368769587,"A",0,1,0,0,0,0,1,0,1
"178",178,"Gweru",2017,"11",43.0007469288545,64.8346267571499,16.9338697444102,"B",1,1,0,0,0,0,0,0,1
"179",179,"Gweru",2017,"12",36.3033901939518,54.0273668768396,24.1637302053482,"C",1,1,0,0,0,0,0,0,1
"180",180,"Gweru",2018,"01",27.6168960211388,47.430099137754,14.8824698430677,"D",1,1,0,0,0,0,0,0,1
"181",181,"Gweru",2018,"02",85.2684991136165,112.607895246019,53.5908916932331,"E",1,0,1,0,1,0,0,0,0
"182",182,"Gweru",2018,"03",75.0877161238748,111.230978874665,50.3008295103851,"F",1,0,1,0,1,0,0,0,0
"183",183,"Gweru",2018,"04",46.6427412519698,62.5893198931617,27.0307942618638,"G",1,1,1,0,0,0,0,0,0
"184",184,"Gweru",2018,"05",16.702243140608,23.215421080421,14.2726793153684,"H",0,0,0,0,0,0,1,1,1
"185",185,"Harare",2017,"10",15.1736697424299,16.2159373802763,14.5300141863803,"A",0,0,0,0,0,0,1,1,1
"186",186,"Harare",2017,"11",67.3199969890108,118.675576904107,15.1915965854874,"B",1,0,0,0,1,0,0,0,1
"187",187,"Harare",2017,"12",111.752188226534,150.106060007499,93.0008959615874,"C",0,0,1,1,1,0,0,0,0
"188",188,"Harare",2018,"01",101.242187091118,137.36756407156,71.9208707496833,"D",0,0,1,1,1,0,0,0,0
"189",189,"Harare",2018,"02",147.976769514071,153.276684861559,114.172469951899,"E",0,0,0,1,1,1,0,0,0
"190",190,"Harare",2018,"03",141.31825100784,153.266465966632,126.754130187767,"F",0,0,0,1,1,1,0,0,0
"191",191,"Harare",2018,"04",120.965800025433,135.127573365492,94.6767623624366,"G",0,0,1,1,1,0,0,0,0
"192",192,"Harare",2018,"05",69.5196169349573,87.9661625296248,52.532367331952,"H",1,1,1,0,0,0,0,0,0
"193",193,"Hurungwe",2017,"10",13.5621469651166,23.7167764372012,11.8452138561926,"A",0,0,0,0,0,0,1,1,1
"194",194,"Hurungwe",2017,"11",33.8462590994728,49.4957262426019,16.6669117735172,"B",1,1,0,0,0,0,0,0,1
"195",195,"Hurungwe",2017,"12",56.6432482455474,88.59176464788,37.4021560366784,"C",1,1,1,0,0,0,0,0,0
"196",196,"Hurungwe",2018,"01",69.3539433369038,84.5413598419082,59.3278935303187,"D",1,1,1,0,0,0,0,0,0
"197",197,"Hurungwe",2018,"02",123.303642340309,135.242440581048,75.8447841092259,"E",0,0,1,1,1,0,0,0,0
"198",198,"Hurungwe",2018,"03",125.156499138025,135.998604482547,110.716455199585,"F",0,0,0,1,1,1,0,0,0
"199",199,"Hurungwe",2018,"04",85.1207697157774,111.874677124894,56.6716345308178,"G",1,0,1,0,1,0,0,0,0
"200",200,"Hurungwe",2018,"05",37.1836177725169,49.8966485687385,23.7493047664061,"H",1,1,0,0,0,0,0,0,1
"201",201,"Hwange",2017,"10",10.8143475017756,14.1341296254671,9.42369602077475,"A",0,0,0,0,0,0,1,1,1
"202",202,"Hwange",2017,"11",16.1818221976746,22.5789691053695,10.0123640317622,"B",0,0,0,0,0,0,1,1,1
"203",203,"Hwange",2017,"12",24.3297375086813,45.1238688605761,14.3022174892063,"C",0,1,0,0,0,0,1,0,1
"204",204,"Hwange",2018,"01",24.1874762754733,38.8807980892091,15.2108733964791,"D",0,1,0,0,0,0,1,0,1
"205",205,"Hwange",2018,"02",74.3851110834036,101.402374745103,43.3323551748984,"E",1,0,1,0,1,0,0,0,0
"206",206,"Hwange",2018,"03",79.6940680238207,101.5037359872,59.7906102220756,"F",1,0,1,0,1,0,0,0,0
"207",207,"Hwange",2018,"04",45.8084362286018,63.217044765357,26.3621526022473,"G",1,1,1,0,0,0,0,0,0
"208",208,"Hwange",2018,"05",16.4005607931112,23.5445092770529,12.3738909987031,"H",0,0,0,0,0,0,1,1,1
"209",209,"Insiza",2017,"10",17.9008150166108,29.9672739536216,12.0880741738551,"A",0,1,0,0,0,0,1,0,1
"210",210,"Insiza",2017,"11",35.7165595771405,53.6252124120762,17.2985049686487,"B",1,1,0,0,0,0,0,0,1
"211",211,"Insiza",2017,"12",34.218261269336,49.9656424692069,23.5243671982142,"C",1,1,0,0,0,0,0,0,1
"212",212,"Insiza",2018,"01",27.7259301182851,45.0336059740948,15.1841664951579,"D",1,1,0,0,0,0,0,0,1
"213",213,"Insiza",2018,"02",86.4484682352473,121.882482250833,56.6476291605173,"E",1,0,1,0,1,0,0,0,0
"214",214,"Insiza",2018,"03",79.5925790265095,116.992471152089,54.358840646302,"F",1,0,1,0,1,0,0,0,0
"215",215,"Insiza",2018,"04",54.9652220553173,71.7903406466316,35.0086728205075,"G",1,1,1,0,0,0,0,0,0
"216",216,"Insiza",2018,"05",24.5340505893248,30.6586680321368,20.5139566498553,"H",0,1,0,0,0,0,1,0,1
"217",217,"Kadoma",2017,"10",13.7726817547829,23.2850319830714,11.5669312534223,"A",0,0,0,0,0,0,1,1,1
"218",218,"Kadoma",2017,"11",38.1415262042614,53.6269869004819,15.5081220374189,"B",1,1,0,0,0,0,0,0,1
"219",219,"Kadoma",2017,"12",49.7702946598487,88.574913357548,33.3985190919289,"C",1,1,1,0,0,0,0,0,0
"220",220,"Kadoma",2018,"01",40.490502444963,70.7605925691873,23.4001875963699,"D",1,1,0,0,0,0,0,0,1
"221",221,"Kadoma",2018,"02",109.345657496454,124.473218151248,64.2036411381192,"E",0,0,1,1,1,0,0,0,0
"222",222,"Kadoma",2018,"03",97.6443077305559,124.401409776495,73.1175461282594,"F",1,0,1,0,1,0,0,0,0
"223",223,"Kadoma",2018,"04",58.4640718656717,78.5164693576408,33.7279632520502,"G",1,1,1,0,0,0,0,0,0
"224",224,"Kadoma",2018,"05",20.1987940334209,29.0768111866615,16.2268077794628,"H",0,1,0,0,0,0,1,0,1
"225",225,"Kariba",2017,"10",16.6935959284567,28.4885575733434,13.9350444412152,"A",0,1,0,0,0,0,1,0,1
"226",226,"Kariba",2017,"11",30.602908901894,50.0745965843143,19.0658590118009,"B",1,1,0,0,0,0,0,0,1
"227",227,"Kariba",2017,"12",68.5657854521369,97.8474399709604,40.5817495399197,"C",1,1,1,0,0,0,0,0,0
"228",228,"Kariba",2018,"01",70.0559526820721,88.4238235469793,57.6642575706191,"D",1,1,1,0,0,0,0,0,0
"229",229,"Kariba",2018,"02",120.402809008255,128.7615221214,84.772744974418,"E",0,0,1,1,1,0,0,0,0
"230",230,"Kariba",2018,"03",118.829949858119,129.179345958522,100.644264811214,"F",0,0,0,1,1,1,0,0,0
"231",231,"Kariba",2018,"04",91.6854928134167,108.34765263943,67.2004783048732,"G",1,0,1,0,1,0,0,0,0
"232",232,"Kariba",2018,"05",46.2490867094697,62.0185712060197,32.4296284868885,"H",1,1,1,0,0,0,0,0,0
"233",233,"Kwekwe",2017,"10",12.1580619982085,21.0127557076121,9.86224590668506,"A",0,0,0,0,0,0,1,1,1
"234",234,"Kwekwe",2017,"11",32.905986475544,48.7294711748456,12.727329525482,"B",1,1,0,0,0,0,0,0,1
"235",235,"Kwekwe",2017,"12",31.4844780048589,54.9291300125098,19.0918834522668,"C",1,1,0,0,0,0,0,0,1
"236",236,"Kwekwe",2018,"01",23.3837702710115,44.6767989210574,12.2515515175837,"D",0,1,0,0,0,0,1,0,1
"237",237,"Kwekwe",2018,"02",81.4093973922482,104.784616351668,48.063746035393,"E",1,0,1,0,1,0,0,0,0
"238",238,"Kwekwe",2018,"03",71.4895481502608,104.341911545545,46.8489646899037,"F",1,0,1,0,1,0,0,0,0
"239",239,"Kwekwe",2018,"04",36.9558247524706,55.800597123393,19.1222727195743,"G",1,1,0,0,0,0,0,0,1
"240",240,"Kwekwe",2018,"05",12.9489990134126,16.4983356727589,11.897062936856,"H",0,0,0,0,0,0,1,1,1
"241",241,"Lupane",2017,"10",10.7576417659338,14.9237369500008,8.72759232100619,"A",0,0,0,0,0,0,1,1,1
"242",242,"Lupane",2017,"11",19.0261093933822,28.6332497936341,9.16220324293506,"B",0,1,0,0,0,0,1,0,1
"243",243,"Lupane",2017,"12",21.5776117792256,37.6744493059662,14.250416631519,"C",0,1,0,0,0,0,1,0,1
"244",244,"Lupane",2018,"01",17.4708604511017,27.8565347495358,11.5817444814891,"D",0,1,0,0,0,0,1,0,1
"245",245,"Lupane",2018,"02",56.9008753350039,80.2196268576669,33.3017525151186,"E",1,1,1,0,0,0,0,0,0
"246",246,"Lupane",2018,"03",56.0044437627199,82.4399452549641,34.5749260992378,"F",1,1,1,0,0,0,0,0,0
"247",247,"Lupane",2018,"04",27.7656675575019,39.2659090743878,14.6944268178121,"G",1,1,0,0,0,0,0,0,1
"248",248,"Lupane",2018,"05",10.460730604954,13.1456802760976,9.4871328717466,"H",0,0,0,0,0,0,1,1,1
"249",249,"Makonde",2017,"10",13.4039288564222,18.9893557965832,12.1537914258095,"A",0,0,0,0,0,0,1,1,1
"250",250,"Makonde",2017,"11",35.7194460822864,60.1218265427264,13.8485045489306,"B",1,1,0,0,0,0,0,0,1
"251",251,"Makonde",2017,"12",62.4337137510739,104.612550863068,41.7726347186326,"C",1,0,1,0,1,0,0,0,0
"252",252,"Makonde",2018,"01",75.4836898699579,94.7545634857034,61.1827911593047,"D",1,1,1,0,0,0,0,0,0
"253",253,"Makonde",2018,"02",130.017568661002,140.431457580867,82.9734917012327,"E",0,0,1,1,1,0,0,0,0
"254",254,"Makonde",2018,"03",127.533274949206,140.470524536108,107.131501795567,"F",0,0,0,1,1,1,0,0,0
"255",255,"Makonde",2018,"04",81.5082583270859,107.5276789818,53.6128574932882,"G",1,0,1,0,1,0,0,0,0
"256",256,"Makonde",2018,"05",32.7553357530182,46.7290571243781,21.4707232193304,"H",1,1,0,0,0,0,0,0,1
"257",257,"Makoni",2017,"10",14.4036872871032,19.7306725632814,12.8307321369715,"A",0,0,0,0,0,0,1,1,1
"258",258,"Makoni",2017,"11",61.0392701789413,103.746940429615,15.4843512117371,"B",1,0,0,0,1,0,0,0,1
"259",259,"Makoni",2017,"12",75.9796945889903,98.928450650731,57.2238177232081,"C",1,1,1,0,0,0,0,0,0
"260",260,"Makoni",2018,"01",51.0953402409438,83.9631148703293,24.9138055578151,"D",1,1,0,0,0,0,0,0,1
"261",261,"Makoni",2018,"02",113.736431849327,129.261245200572,63.9948608673361,"E",0,0,1,1,1,0,0,0,0
"262",262,"Makoni",2018,"03",106.115355501051,128.044709172327,84.3809596596715,"F",0,0,1,1,1,0,0,0,0
"263",263,"Makoni",2018,"04",63.6561355817908,81.4105519731922,42.9293962768523,"G",1,1,1,0,0,0,0,0,0
"264",264,"Makoni",2018,"05",31.8939684762791,37.8238716060548,26.581536894436,"H",1,1,1,0,0,0,0,0,0
"265",265,"Mangwe (South)",2017,"10",15.0698783931992,17.4964114109736,12.0861177643383,"A",0,0,0,0,0,0,1,1,1
"266",266,"Mangwe (South)",2017,"11",20.0962537889712,33.6448547677424,11.4937249089737,"B",0,1,0,0,0,0,1,0,1
"267",267,"Mangwe (South)",2017,"12",20.2781440267527,27.8626710772972,13.6560413836607,"C",0,1,0,0,0,0,1,0,1
"268",268,"Mangwe (South)",2018,"01",13.695970080208,20.972612599899,10.9290744733479,"D",0,0,0,0,0,0,1,1,1
"269",269,"Mangwe (South)",2018,"02",51.2765595849207,103.291833605159,25.078488056052,"E",1,0,1,0,1,0,0,0,0
"270",270,"Mangwe (South)",2018,"03",54.4731839356569,95.8165929439235,32.6117494640409,"F",1,1,1,0,0,0,0,0,0
"271",271,"Mangwe (South)",2018,"04",24.5876291385302,39.1019647218773,13.4131245295753,"G",0,1,0,0,0,0,1,0,1
"272",272,"Mangwe (South)",2018,"05",12.9149673186603,14.3534121670711,11.774514546335,"H",0,0,0,0,0,0,1,1,1
"273",273,"Marondera",2017,"10",13.0991377094795,15.5466166000699,11.784894746732,"A",0,0,0,0,0,0,1,1,1
"274",274,"Marondera",2017,"11",57.739249591991,95.5561773711485,13.2042744107393,"B",1,1,0,0,0,0,0,0,1
"275",275,"Marondera",2017,"12",74.7385178250648,103.533987597448,59.8166436054553,"C",1,0,1,0,1,0,0,0,0
"276",276,"Marondera",2018,"01",46.9384370007898,85.497731776198,20.5102429576733,"D",1,1,0,0,0,0,0,0,1
"277",277,"Marondera",2018,"02",112.658600703398,120.34977356289,79.171103916049,"E",0,0,1,1,1,0,0,0,0
"278",278,"Marondera",2018,"03",106.132540574538,120.088229571371,92.5217852422272,"F",0,0,1,1,1,0,0,0,0
"279",279,"Marondera",2018,"04",84.6418599524751,99.203880724615,59.5555468766917,"G",1,1,1,0,0,0,0,0,0
"280",280,"Marondera",2018,"05",41.9262145156385,52.8379273217234,34.4975489287796,"H",1,1,1,0,0,0,0,0,0
"281",281,"Masvingo",2017,"10",16.9997654058137,38.0611634547972,12.7011061001216,"A",0,1,0,0,0,0,1,0,1
"282",282,"Masvingo",2017,"11",40.0183213788573,60.0042139191499,23.3279840873767,"B",1,1,0,0,0,0,0,0,1
"283",283,"Masvingo",2017,"12",37.7631941202276,53.8211588886379,27.386181268568,"C",1,1,1,0,0,0,0,0,0
"284",284,"Masvingo",2018,"01",35.0625333599348,45.6538565959308,22.8043026599811,"D",1,1,0,0,0,0,0,0,1
"285",285,"Masvingo",2018,"02",100.101086765051,121.396197496406,78.9737598373644,"E",0,0,1,1,1,0,0,0,0
"286",286,"Masvingo",2018,"03",88.8425206093954,118.329805997918,64.0287232914411,"F",1,0,1,0,1,0,0,0,0
"287",287,"Masvingo",2018,"04",72.05663725449,87.596378497718,47.7360717462589,"G",1,1,1,0,0,0,0,0,0
"288",288,"Masvingo",2018,"05",33.6638358989757,42.0556741557978,25.8580199604928,"H",1,1,1,0,0,0,0,0,0
"289",289,"Matobo",2017,"10",15.6220403934689,18.8236424077292,12.8694307413579,"A",0,0,0,0,0,0,1,1,1
"290",290,"Matobo",2017,"11",26.6668319104315,45.4420173474708,13.5131365998637,"B",1,1,0,0,0,0,0,0,1
"291",291,"Matobo",2017,"12",28.4396832829083,36.54904584735,19.7349249381445,"C",1,1,0,0,0,0,0,0,1
"292",292,"Matobo",2018,"01",18.8186149832096,29.1836312384767,13.8279536375216,"D",0,1,0,0,0,0,1,0,1
"293",293,"Matobo",2018,"02",65.984427964311,118.767486632461,38.0074226694674,"E",1,0,1,0,1,0,0,0,0
"294",294,"Matobo",2018,"03",68.0855825016871,111.486923256655,43.7477716205599,"F",1,0,1,0,1,0,0,0,0
"295",295,"Matobo",2018,"04",36.1009919196806,51.3378154343643,20.7219536696383,"G",1,1,0,0,0,0,0,0,1
"296",296,"Matobo",2018,"05",16.7693212876033,18.6835696750548,14.5215030137112,"H",0,0,0,0,0,0,1,1,1
"297",297,"Mazowe",2017,"10",14.1129759598598,17.5526710486248,13.0965552986588,"A",0,0,0,0,0,0,1,1,1
"298",298,"Mazowe",2017,"11",56.7262520533822,102.037224684179,15.2824936552438,"B",1,0,0,0,1,0,0,0,1
"299",299,"Mazowe",2017,"12",95.7884994381672,133.425854848792,71.5802734894762,"C",1,0,1,0,1,0,0,0,0
"300",300,"Mazowe",2018,"01",86.3589284911114,117.462124475249,62.3581722122813,"D",1,0,1,0,1,0,0,0,0
"301",301,"Mazowe",2018,"02",132.36833836365,138.17394094787,103.338945935747,"E",0,0,0,1,1,1,0,0,0
"302",302,"Mazowe",2018,"03",127.256615555167,138.157686958584,111.297868421342,"F",0,0,0,1,1,1,0,0,0
"303",303,"Mazowe",2018,"04",94.0106294968792,117.442452419439,68.0098615555873,"G",1,0,1,0,1,0,0,0,0
"304",304,"Mazowe",2018,"05",48.2083983255217,60.0460811881002,37.4105907128153,"H",1,1,1,0,0,0,0,0,0
"305",305,"Mberengwa",2017,"10",19.5699298584202,35.9891708240128,13.6126282525773,"A",0,1,0,0,0,0,1,0,1
"306",306,"Mberengwa",2017,"11",35.9894010454414,53.8950844861676,21.4634515552759,"B",1,1,0,0,0,0,0,0,1
"307",307,"Mberengwa",2017,"12",36.6386347117235,53.7308811240521,23.3634377634287,"C",1,1,0,0,0,0,0,0,1
"308",308,"Mberengwa",2018,"01",29.6766253840568,44.6289215590871,16.4952582959226,"D",1,1,0,0,0,0,0,0,1
"309",309,"Mberengwa",2018,"02",104.580746410045,126.113116814237,76.3906076126345,"E",0,0,1,1,1,0,0,0,0
"310",310,"Mberengwa",2018,"03",89.2764157537328,122.254380368338,63.9504955465365,"F",1,0,1,0,1,0,0,0,0
"311",311,"Mberengwa",2018,"04",72.9270967522649,87.0338866497917,51.1181599314587,"G",1,1,1,0,0,0,0,0,0
"312",312,"Mberengwa",2018,"05",35.7796369032458,44.1834923035839,28.3626266143985,"H",1,1,1,0,0,0,0,0,0
"313",313,"Mount Darwin",2017,"10",15.572177840389,17.0099937168495,15.1161763465158,"A",0,0,0,0,0,0,1,1,1
"314",314,"Mount Darwin",2017,"11",43.2981191258553,80.0532733026626,14.9204794911547,"B",1,1,0,0,0,0,0,0,1
"315",315,"Mount Darwin",2017,"12",76.1834926725253,119.848717729174,44.3044895680983,"C",1,0,1,0,1,0,0,0,0
"316",316,"Mount Darwin",2018,"01",64.1396664469442,103.249257765645,35.8462679062753,"D",1,0,1,0,1,0,0,0,0
"317",317,"Mount Darwin",2018,"02",119.315156948873,138.74519825249,56.6108612652968,"E",0,0,1,1,1,0,0,0,0
"318",318,"Mount Darwin",2018,"03",118.113022409552,138.960765036242,83.5293829004824,"F",0,0,1,1,1,0,0,0,0
"319",319,"Mount Darwin",2018,"04",55.8762876308144,80.6051059023163,34.311159924848,"G",1,1,1,0,0,0,0,0,0
"320",320,"Mount Darwin",2018,"05",25.0286821743755,30.7788696972168,19.420376137609,"H",1,1,0,0,0,0,0,0,1
"321",321,"Mudzi",2017,"10",16.9436576227672,18.3217332190941,16.4490704543978,"A",0,0,0,0,0,0,1,1,1
"322",322,"Mudzi",2017,"11",32.2930937875749,52.4460277656043,15.0817228853871,"B",1,1,0,0,0,0,0,0,1
"323",323,"Mudzi",2017,"12",51.136827925525,80.4591679893306,30.6006929247337,"C",1,1,1,0,0,0,0,0,0
"324",324,"Mudzi",2018,"01",36.759540676143,66.2041704723041,19.883173095996,"D",1,1,0,0,0,0,0,0,1
"325",325,"Mudzi",2018,"02",104.192530863702,129.305244627285,37.5759763894094,"E",0,0,1,1,1,0,0,0,0
"326",326,"Mudzi",2018,"03",99.5729652031002,131.641213459559,62.210279078745,"F",1,0,1,0,1,0,0,0,0
"327",327,"Mudzi",2018,"04",36.5207079469109,56.1253092980793,21.5387623175064,"G",1,1,0,0,0,0,0,0,1
"328",328,"Mudzi",2018,"05",20.3561444675675,22.0471527017442,19.4343740952428,"H",0,0,0,0,0,0,1,1,1
"329",329,"Murehwa",2017,"10",9.58088189194234,10.0998533336894,9.24874261327108,"A",0,0,0,0,0,0,1,1,1
"330",330,"Murehwa",2017,"11",46.0216839814161,79.4003343162028,9.14966194522858,"B",1,1,0,0,0,0,0,0,1
"331",331,"Murehwa",2017,"12",58.3976672056376,81.7158057767741,43.9054396422323,"C",1,1,1,0,0,0,0,0,0
"332",332,"Murehwa",2018,"01",34.8663047682144,65.0954884458415,16.4276712261709,"D",1,1,0,0,0,0,0,0,1
"333",333,"Murehwa",2018,"02",81.3560922125357,85.4098227463786,61.2481670910645,"E",1,1,1,0,0,0,0,0,0
"334",334,"Murehwa",2018,"03",75.6412182829566,86.4073198453698,61.5315518086751,"F",1,1,1,0,0,0,0,0,0
"335",335,"Murehwa",2018,"04",50.8619180746663,65.835479740804,31.9065654212952,"G",1,1,1,0,0,0,0,0,0
"336",336,"Murehwa",2018,"05",23.9963568748104,28.5996823161316,19.2162893950653,"H",0,1,0,0,0,0,1,0,1
"337",337,"Mutare",2017,"10",15.2506803743507,28.9036269540643,12.2093534257071,"A",0,1,0,0,0,0,1,0,1
"338",338,"Mutare",2017,"11",55.8239024254604,96.8125630934462,18.9483229314213,"B",1,1,0,0,0,0,0,0,1
"339",339,"Mutare",2017,"12",68.5511584817358,85.4895036194043,52.9280548761529,"C",1,1,1,0,0,0,0,0,0
"340",340,"Mutare",2018,"01",52.2163622761759,73.5654649383964,30.421060384887,"D",1,1,1,0,0,0,0,0,0
"341",341,"Mutare",2018,"02",114.310870251624,129.890018739182,74.880619092733,"E",0,0,1,1,1,0,0,0,0
"342",342,"Mutare",2018,"03",101.75025916868,129.006654757343,77.6802671141216,"F",0,0,1,1,1,0,0,0,0
"343",343,"Mutare",2018,"04",65.7681119091328,81.0693709355386,44.8942712898891,"G",1,1,1,0,0,0,0,0,0
"344",344,"Mutare",2018,"05",29.6398125206434,39.6183850082562,22.867733729065,"H",1,1,0,0,0,0,0,0,1
"345",345,"Mutasa",2017,"10",21.4229481847096,56.6824942045452,13.2803353221114,"A",0,1,0,0,0,0,1,0,1
"346",346,"Mutasa",2017,"11",89.3784312411012,125.106345272599,41.8643717474374,"B",1,0,1,0,1,0,0,0,0
"347",347,"Mutasa",2017,"12",115.769586565995,126.544930949659,106.48077249294,"C",0,0,0,1,1,1,0,0,0
"348",348,"Mutasa",2018,"01",112.903458897157,124.110003061089,96.5928656168608,"D",0,0,1,1,1,0,0,0,0
"349",349,"Mutasa",2018,"02",127.791283150487,130.009753831256,121.094618111492,"E",0,0,0,1,1,1,0,0,0
"350",350,"Mutasa",2018,"03",123.842424414524,129.613721035246,117.458345437572,"F",0,0,0,1,1,1,0,0,0
"351",351,"Mutasa",2018,"04",111.657234064913,121.102197628114,91.1613413475814,"G",0,0,1,1,1,0,0,0,0
"352",352,"Mutasa",2018,"05",80.2489888573198,87.0558235777898,72.1597414241382,"H",1,1,1,0,0,0,0,0,0
"353",353,"Mutoko",2017,"10",9.35980999283574,10.4597597835133,9.08860245464247,"A",0,0,0,0,0,0,1,1,1
"354",354,"Mutoko",2017,"11",29.0147479590868,53.853695330621,9.01037917870987,"B",1,1,0,0,0,0,0,0,1
"355",355,"Mutoko",2017,"12",33.1557644411121,53.5409100886505,20.6316091679294,"C",1,1,0,0,0,0,0,0,1
"356",356,"Mutoko",2018,"01",20.2476304591651,40.6743371886366,10.8885439396796,"D",0,1,0,0,0,0,1,0,1
"357",357,"Mutoko",2018,"02",68.3307359302268,81.2870986671473,29.8076281381989,"E",1,1,1,0,0,0,0,0,0
"358",358,"Mutoko",2018,"03",62.3055881070874,80.1830307066854,38.9872822059376,"F",1,1,1,0,0,0,0,0,0
"359",359,"Mutoko",2018,"04",21.8556935982239,35.2271873613959,12.1507362163468,"G",0,1,0,0,0,0,1,0,1
"360",360,"Mutoko",2018,"05",11.3784386490523,12.1648011948902,10.6815937068725,"H",0,0,0,0,0,0,1,1,1
"361",361,"Mwenezi",2017,"10",23.619709868126,35.7806496300507,15.525737415006,"A",0,1,0,0,0,0,1,0,1
"362",362,"Mwenezi",2017,"11",33.5728572847245,48.721762211473,20.68134650351,"B",1,1,0,0,0,0,0,0,1
"363",363,"Mwenezi",2017,"12",29.4429797824562,46.4837811184714,17.578106188857,"C",1,1,0,0,0,0,0,0,1
"364",364,"Mwenezi",2018,"01",22.602145645404,33.8070797455888,14.9354139553377,"D",0,1,0,0,0,0,1,0,1
"365",365,"Mwenezi",2018,"02",79.9681888813336,122.298717862808,46.1387655681692,"E",1,0,1,0,1,0,0,0,0
"366",366,"Mwenezi",2018,"03",73.3567477289153,116.274269540838,48.3803561293253,"F",1,0,1,0,1,0,0,0,0
"367",367,"Mwenezi",2018,"04",51.5204946556612,61.2209503103881,35.6950915480575,"G",1,1,1,0,0,0,0,0,0
"368",368,"Mwenezi",2018,"05",33.6595888483675,43.7778465084694,20.9470265180493,"H",1,1,0,0,0,0,0,0,1
"369",369,"Nkayi",2017,"10",12.092604911847,17.1433489993841,9.4828506069083,"A",0,0,0,0,0,0,1,1,1
"370",370,"Nkayi",2017,"11",26.5104048701928,39.9152420348023,10.7084185228778,"B",1,1,0,0,0,0,0,0,1
"371",371,"Nkayi",2017,"12",25.7494089355105,41.5808555953387,18.0181520646059,"C",1,1,0,0,0,0,0,0,1
"372",372,"Nkayi",2018,"01",17.0876958274269,30.9581607630163,10.4533691715193,"D",0,1,0,0,0,0,1,0,1
"373",373,"Nkayi",2018,"02",58.5798153743211,88.466136432992,34.5176474120946,"E",1,1,1,0,0,0,0,0,0
"374",374,"Nkayi",2018,"03",59.0611788965876,90.1532987392903,36.4489363321159,"F",1,1,1,0,0,0,0,0,0
"375",375,"Nkayi",2018,"04",28.5431951248939,44.6355864828455,14.5617013412565,"G",1,1,0,0,0,0,0,0,1
"376",376,"Nkayi",2018,"05",11.0226536037451,13.0936713829447,10.1970806607474,"H",0,0,0,0,0,0,1,1,1
"377",377,"Nyanga",2017,"10",16.4007179125497,27.8626360647472,13.4804559734898,"A",0,1,0,0,0,0,1,0,1
"378",378,"Nyanga",2017,"11",56.4469862861559,84.3601837284674,24.2628240024773,"B",1,1,0,0,0,0,0,0,1
"379",379,"Nyanga",2017,"12",76.1850197985374,93.6129395454552,65.6104227656032,"C",1,1,1,0,0,0,0,0,0
"380",380,"Nyanga",2018,"01",68.8535986799373,84.6848028685442,56.9540255334434,"D",1,1,1,0,0,0,0,0,0
"381",381,"Nyanga",2018,"02",113.553671560201,127.488833474755,75.1124688612396,"E",0,0,1,1,1,0,0,0,0
"382",382,"Nyanga",2018,"03",103.623370751735,123.033025188222,86.532262394737,"F",0,0,1,1,1,0,0,0,0
"383",383,"Nyanga",2018,"04",71.135799858456,83.6418223988011,55.6348649915246,"G",1,1,1,0,0,0,0,0,0
"384",384,"Nyanga",2018,"05",51.278486891757,55.3304098567249,46.0389403760307,"H",1,1,1,0,0,0,0,0,0
"385",385,"Rushinga",2017,"10",20.4446986996927,23.9244374817984,19.0900723306008,"A",0,0,0,0,0,0,1,1,1
"386",386,"Rushinga",2017,"11",45.1138592852603,78.4439916436595,16.6982171715668,"B",1,1,0,0,0,0,0,0,1
"387",387,"Rushinga",2017,"12",68.7951599849486,108.102188014719,41.3504318573864,"C",1,0,1,0,1,0,0,0,0
"388",388,"Rushinga",2018,"01",57.8722438345449,102.649136800998,29.2036838436169,"D",1,0,1,0,1,0,0,0,0
"389",389,"Rushinga",2018,"02",117.782743554011,145.730010555827,49.0009332043166,"E",0,0,1,1,1,0,0,0,0
"390",390,"Rushinga",2018,"03",117.270951207105,146.933888888965,73.3814120914391,"F",0,0,1,1,1,0,0,0,0
"391",391,"Rushinga",2018,"04",44.863447041039,68.8751945657043,27.5486203031804,"G",1,1,1,0,0,0,0,0,0
"392",392,"Rushinga",2018,"05",26.508363884368,31.4707283455748,22.9209405310876,"H",1,1,0,0,0,0,0,0,1
"393",393,"Seke",2017,"10",13.6078705512022,17.1463888476568,12.4052564176834,"A",0,0,0,0,0,0,1,1,1
"394",394,"Seke",2017,"11",54.7977913363837,90.6980205846053,14.4656833982509,"B",1,1,0,0,0,0,0,0,1
"395",395,"Seke",2017,"12",64.212996074102,92.5884317584612,48.5468759265625,"C",1,1,1,0,0,0,0,0,0
"396",396,"Seke",2018,"01",43.5935990229744,76.9788296017106,22.0568264802504,"D",1,1,0,0,0,0,0,0,1
"397",397,"Seke",2018,"02",126.292499148199,138.220464541128,80.7847408764064,"E",0,0,1,1,1,0,0,0,0
"398",398,"Seke",2018,"03",117.24254333439,137.932667856139,96.7598577554303,"F",0,0,1,1,1,0,0,0,0
"399",399,"Seke",2018,"04",86.2058965653043,105.789139985762,59.5798677722061,"G",1,0,1,0,1,0,0,0,0
"400",400,"Seke",2018,"05",39.5559150283084,53.3168112725295,31.1418375466709,"H",1,1,1,0,0,0,0,0,0
"401",401,"Shamva",2017,"10",14.2058836662019,14.8656840839818,13.8372570200066,"A",0,0,0,0,0,0,1,1,1
"402",402,"Shamva",2017,"11",38.346013842796,77.936180920228,14.1545471547353,"B",1,1,0,0,0,0,0,0,1
"403",403,"Shamva",2017,"12",69.573532345709,111.159135322735,44.7214768709257,"C",1,0,1,0,1,0,0,0,0
"404",404,"Shamva",2018,"01",64.399407106489,95.4187329019537,39.1627650754306,"D",1,1,1,0,0,0,0,0,0
"405",405,"Shamva",2018,"02",121.909307056068,135.406498296881,71.254513287861,"E",0,0,1,1,1,0,0,0,0
"406",406,"Shamva",2018,"03",118.601574238571,135.595704823071,93.6597914791823,"F",0,0,1,1,1,0,0,0,0
"407",407,"Shamva",2018,"04",70.988280355473,94.8796691455107,46.2531032413188,"G",1,1,1,0,0,0,0,0,0
"408",408,"Shamva",2018,"05",30.0130951014352,40.5718746319464,20.0927054790098,"H",1,1,0,0,0,0,0,0,1
"409",409,"Shurugwi",2017,"10",14.3413455609666,31.2712023243742,10.8774089047076,"A",0,1,0,0,0,0,1,0,1
"410",410,"Shurugwi",2017,"11",40.9181098254391,62.7160554618897,17.8492030087123,"B",1,1,0,0,0,0,0,0,1
"411",411,"Shurugwi",2017,"12",35.8070294170836,55.4631276405552,24.2016848673182,"C",1,1,0,0,0,0,0,0,1
"412",412,"Shurugwi",2018,"01",29.1379541910376,48.2522917152126,15.5545971693055,"D",1,1,0,0,0,0,0,0,1
"413",413,"Shurugwi",2018,"02",95.8877490837554,114.441827547975,69.2856620308072,"E",1,0,1,0,1,0,0,0,0
"414",414,"Shurugwi",2018,"03",80.5619528846881,113.017163939171,53.8864409272049,"F",1,0,1,0,1,0,0,0,0
"415",415,"Shurugwi",2018,"04",58.1365867106732,75.9102804711914,34.8814293988121,"G",1,1,1,0,0,0,0,0,0
"416",416,"Shurugwi",2018,"05",21.5618977342793,29.9028592511626,16.8397354161228,"H",0,1,0,0,0,0,1,0,1
"417",417,"Tsholotsho",2017,"10",8.34744017346529,15.274415411813,6.21741045399716,"A",0,0,0,0,0,0,1,1,1
"418",418,"Tsholotsho",2017,"11",13.7363834906288,21.8850132611553,6.73440149345289,"B",0,0,0,0,0,0,1,1,1
"419",419,"Tsholotsho",2017,"12",11.9483046740095,21.1441326758196,7.39856840698454,"C",0,0,0,0,0,0,1,1,1
"420",420,"Tsholotsho",2018,"01",8.63838680716762,13.0531532606314,6.11318351088308,"D",0,0,0,0,0,0,1,1,1
"421",421,"Tsholotsho",2018,"02",44.1195640216137,60.3020474768146,29.2885039652522,"E",1,1,1,0,0,0,0,0,0
"422",422,"Tsholotsho",2018,"03",31.5717292693965,59.8096540695039,14.7141637264993,"F",1,1,0,0,0,0,0,0,1
"423",423,"Tsholotsho",2018,"04",13.3802865840228,21.71143297852,7.32577113345852,"G",0,0,0,0,0,0,1,1,1
"424",424,"Tsholotsho",2018,"05",7.11034852964348,7.53992913850276,6.85664235481204,"H",0,0,0,0,0,0,1,1,1
"425",425,"Umguza",2017,"10",9.90052624110459,14.9055673581195,7.54685342626191,"A",0,0,0,0,0,0,1,1,1
"426",426,"Umguza",2017,"11",21.4462811681669,35.8847621671331,8.18170214686884,"B",0,1,0,0,0,0,1,0,1
"427",427,"Umguza",2017,"12",18.878797641019,30.1651448917538,11.8220342358425,"C",0,1,0,0,0,0,1,0,1
"428",428,"Umguza",2018,"01",12.3655267549385,20.1327727215226,7.88589004546102,"D",0,0,0,0,0,0,1,1,1
"429",429,"Umguza",2018,"02",49.72505377549,72.7566591760174,29.9838594550136,"E",1,1,1,0,0,0,0,0,0
"430",430,"Umguza",2018,"03",35.6312853820856,68.512989933431,18.1894778741942,"F",1,1,0,0,0,0,0,0,1
"431",431,"Umguza",2018,"04",18.9566077903944,28.382428769773,10.1819207353217,"G",0,1,0,0,0,0,1,0,1
"432",432,"Umguza",2018,"05",8.9180474747454,9.48800223328626,8.42997246074671,"H",0,0,0,0,0,0,1,1,1
"433",433,"UMP",2017,"10",14.624363349921,16.1113508203107,14.0504347506054,"A",0,0,0,0,0,0,1,1,1
"434",434,"UMP",2017,"11",31.2447848867539,59.4103354527154,13.625499434273,"B",1,1,0,0,0,0,0,0,1
"435",435,"UMP",2017,"12",48.1562079770277,81.2048601092876,27.9964297722689,"C",1,1,1,0,0,0,0,0,0
"436",436,"UMP",2018,"01",38.7405631931272,66.8303363702787,20.2545258584106,"D",1,1,0,0,0,0,0,0,1
"437",437,"UMP",2018,"02",104.180159242045,123.430024022688,43.3798831878058,"E",0,0,1,1,1,0,0,0,0
"438",438,"UMP",2018,"03",102.652605308817,124.810435922038,71.6617846569671,"F",0,0,1,1,1,0,0,0,0
"439",439,"UMP",2018,"04",45.0150561597571,67.6953986805113,26.1493714164107,"G",1,1,1,0,0,0,0,0,0
"440",440,"UMP",2018,"05",19.5580286078146,23.684903278188,16.0167767207384,"H",0,0,0,0,0,0,1,1,1
"441",441,"Umzingwane",2017,"10",17.5621835322827,23.6676414129587,13.2862806444416,"A",0,0,0,0,0,0,1,1,1
"442",442,"Umzingwane",2017,"11",35.8228708779681,52.1193250767585,15.6930032555747,"B",1,1,0,0,0,0,0,0,1
"443",443,"Umzingwane",2017,"12",37.8131866205967,49.81673567057,26.1030577896547,"C",1,1,1,0,0,0,0,0,0
"444",444,"Umzingwane",2018,"01",26.7382931384188,42.9953402518094,15.5391395303666,"D",1,1,0,0,0,0,0,0,1
"445",445,"Umzingwane",2018,"02",83.5437420496418,130.140325323099,50.5814002167501,"E",1,0,1,0,1,0,0,0,0
"446",446,"Umzingwane",2018,"03",82.3743812993403,124.954606134586,54.839795601901,"F",1,0,1,0,1,0,0,0,0
"447",447,"Umzingwane",2018,"04",51.4401466008463,66.7234415221129,31.6220840095703,"G",1,1,1,0,0,0,0,0,0
"448",448,"Umzingwane",2018,"05",20.4758543877455,27.3031534827207,16.8035921800138,"H",0,1,0,0,0,0,1,0,1
"449",449,"Wedza",2017,"10",12.9018130453221,25.1064773933855,10.5528390242914,"A",0,1,0,0,0,0,1,0,1
"450",450,"Wedza",2017,"11",56.7259715512759,90.4422143286461,14.7545426232547,"B",1,1,0,0,0,0,0,0,1
"451",451,"Wedza",2017,"12",65.608163578728,91.3807271337124,49.0650225487611,"C",1,1,1,0,0,0,0,0,0
"452",452,"Wedza",2018,"01",48.8359888857932,75.4010486028697,23.6718179915903,"D",1,1,0,0,0,0,0,0,1
"453",453,"Wedza",2018,"02",101.382476095142,107.916245815944,78.3922311464318,"E",0,0,1,1,1,0,0,0,0
"454",454,"Wedza",2018,"03",89.6442959630855,107.894881386248,67.2299043903436,"F",1,0,1,0,1,0,0,0,0
"455",455,"Wedza",2018,"04",70.1121118269505,81.7501759517652,48.8367061081959,"G",1,1,1,0,0,0,0,0,0
"456",456,"Wedza",2018,"05",31.1863800932911,43.1146641210718,23.816296539854,"H",1,1,0,0,0,0,0,0,1
"457",457,"Zaka",2017,"10",18.9684529653177,47.8787090320842,13.2387214083428,"A",0,1,0,0,0,0,1,0,1
"458",458,"Zaka",2017,"11",45.3066933137052,63.5787597145616,31.4429106024322,"B",1,1,1,0,0,0,0,0,0
"459",459,"Zaka",2017,"12",49.1235475984999,74.5552893588997,33.4207045116794,"C",1,1,1,0,0,0,0,0,0
"460",460,"Zaka",2018,"01",52.6216000576473,67.6609330368064,33.6561282215266,"D",1,1,1,0,0,0,0,0,0
"461",461,"Zaka",2018,"02",122.623748312227,130.937065926872,107.160788839092,"E",0,0,0,1,1,1,0,0,0
"462",462,"Zaka",2018,"03",105.575354282373,129.231006443413,77.872636050107,"F",0,0,1,1,1,0,0,0,0
"463",463,"Zaka",2018,"04",89.9035483839235,109.824394036384,59.4157154026727,"G",1,0,1,0,1,0,0,0,0
"464",464,"Zaka",2018,"05",46.8637225741386,55.1065710526578,35.2259300834041,"H",1,1,1,0,0,0,0,0,0
"465",465,"Zvimba",2017,"10",14.137086726648,17.5634288626417,13.028845375481,"A",0,0,0,0,0,0,1,1,1
"466",466,"Zvimba",2017,"11",47.9311947475996,81.6308663617289,14.7585755553523,"B",1,1,0,0,0,0,0,0,1
"467",467,"Zvimba",2017,"12",70.964698568697,104.670967148597,54.0455756259183,"C",1,0,1,0,1,0,0,0,0
"468",468,"Zvimba",2018,"01",63.3422561419908,93.5369588016662,44.1304688512586,"D",1,1,1,0,0,0,0,0,0
"469",469,"Zvimba",2018,"02",126.888712796125,137.926255759843,81.9304692045556,"E",0,0,1,1,1,0,0,0,0
"470",470,"Zvimba",2018,"03",121.573294376,138.160873909347,99.5918971309603,"F",0,0,1,1,1,0,0,0,0
"471",471,"Zvimba",2018,"04",78.9364549097125,100.0491504906,55.0078687117224,"G",1,0,1,0,1,0,0,0,0
"472",472,"Zvimba",2018,"05",37.4069169487011,48.9425838879926,28.1988908163123,"H",1,1,1,0,0,0,0,0,0
"473",473,"Zvishavane",2017,"10",16.8317078224853,32.685808069753,12.0042844648458,"A",0,1,0,0,0,0,1,0,1
"474",474,"Zvishavane",2017,"11",33.513756677908,53.6307325005378,17.4976845339688,"B",1,1,0,0,0,0,0,0,1
"475",475,"Zvishavane",2017,"12",30.8313224329504,43.7671371546306,21.5303901121466,"C",1,1,0,0,0,0,0,0,1
"476",476,"Zvishavane",2018,"01",25.5170116312605,36.6994929065136,14.7019565700718,"D",1,1,0,0,0,0,0,0,1
"477",477,"Zvishavane",2018,"02",91.3020678883993,123.315410881007,62.9113677378213,"E",1,0,1,0,1,0,0,0,0
"478",478,"Zvishavane",2018,"03",81.2408767500117,118.28536207136,54.8634864834584,"F",1,0,1,0,1,0,0,0,0
"479",479,"Zvishavane",2018,"04",55.2709765451044,74.2396022633093,33.0987078696961,"G",1,1,1,0,0,0,0,0,0
"480",480,"Zvishavane",2018,"05",23.5641654214555,28.0339655659468,18.6150930884534,"H",0,1,0,0,0,0,1,0,1
