"","District","YearBegin","MonthBegin","AverageSoilMoisture","MaxSoilMoisture","MinSoilMoisture","group"
"1","Beitbridge",2017,"10",0.137862611010213,0.177715800874414,0.0898221496040771,"A"
"2","Beitbridge",2017,"11",0.177933980412613,0.257239271115182,0.097134166822747,"B"
"3","Beitbridge",2017,"12",0.147466378891247,0.212636326563063,0.0958046578331974,"C"
"4","Beitbridge",2018,"01",0.118464733090436,0.176367310917832,0.0882966273877037,"D"
"5","Beitbridge",2018,"02",0.367809589133663,0.643696025012465,0.191580719581084,"E"
"6","Beitbridge",2018,"03",0.310167389608173,0.576570855267909,0.186511096605839,"F"
"7","Beitbridge",2018,"04",0.203014932169227,0.25849093456116,0.141799163974559,"G"
"8","Beitbridge",2018,"05",0.162350431767496,0.223016051837942,0.104735686627833,"H"
"9","Bikita",2017,"10",0.135487822181421,0.276323173755595,0.0960733297480836,"A"
"10","Bikita",2017,"11",0.312374758734451,0.449572690540892,0.179260987822648,"B"
"11","Bikita",2017,"12",0.293426855130875,0.559564848703983,0.155770903408837,"C"
"12","Bikita",2018,"01",0.281367640460254,0.435569235720665,0.146287169190076,"D"
"13","Bikita",2018,"02",0.738245125966296,0.949351209774264,0.495193995492002,"E"
"14","Bikita",2018,"03",0.64774191852866,0.929705223540312,0.450620301702058,"F"
"15","Bikita",2018,"04",0.399246247755154,0.526633410618677,0.241732060117243,"G"
"16","Bikita",2018,"05",0.196858602810198,0.230108187480046,0.157923765865986,"H"
"17","Bindura",2017,"10",0.103299030783799,0.119434840696135,0.0977637278055692,"A"
"18","Bindura",2017,"11",0.383526126149615,0.691110086570077,0.102374459081028,"B"
"19","Bindura",2017,"12",0.675261167899081,0.984664171626087,0.492195253508215,"C"
"20","Bindura",2018,"01",0.600138581481577,0.847513932195354,0.389570507564362,"D"
"21","Bindura",2018,"02",0.947229511027977,0.997352710873425,0.736469273618329,"E"
"22","Bindura",2018,"03",0.891107623201842,0.999229564189503,0.753978209469542,"F"
"23","Bindura",2018,"04",0.584946745756446,0.760975674026383,0.380707891756334,"G"
"24","Bindura",2018,"05",0.26466621862401,0.366180695048222,0.193509386818578,"H"
"25","Binga",2017,"10",0.10525969296288,0.134235539329643,0.0919020918908054,"A"
"26","Binga",2017,"11",0.211395313251167,0.334838374004871,0.101336204422035,"B"
"27","Binga",2017,"12",0.447745728299763,0.696968210995328,0.274210909775447,"C"
"28","Binga",2018,"01",0.390715489623128,0.595534804120973,0.245649407311075,"D"
"29","Binga",2018,"02",0.909879942950683,0.998079606572305,0.590041427828058,"E"
"30","Binga",2018,"03",0.837993440316066,0.997938271191019,0.658472162380103,"F"
"31","Binga",2018,"04",0.500683610472801,0.681439859694497,0.282243020784751,"G"
"32","Binga",2018,"05",0.175347821988206,0.247880194029195,0.135978226438317,"H"
"33","Bubi",2017,"10",0.134580239802034,0.208052733053031,0.0945554451207469,"A"
"34","Bubi",2017,"11",0.285863579514049,0.4130823592825,0.120886731388111,"B"
"35","Bubi",2017,"12",0.248769774755804,0.395258969473141,0.158992648109951,"C"
"36","Bubi",2018,"01",0.176031123115935,0.288048547894541,0.103682539090714,"D"
"37","Bubi",2018,"02",0.672858108178558,0.961494124119272,0.41083796544551,"E"
"38","Bubi",2018,"03",0.500840647427703,0.928527475639425,0.27090366707589,"F"
"39","Bubi",2018,"04",0.254600489570128,0.378782304187055,0.131654698795635,"G"
"40","Bubi",2018,"05",0.109525135483682,0.117996678243119,0.104482261190084,"H"
"41","Buhera",2017,"10",0.11367164947714,0.173661561287233,0.0949542671176274,"A"
"42","Buhera",2017,"11",0.41361358701775,0.63661281592394,0.116928405831601,"B"
"43","Buhera",2017,"12",0.416910412471758,0.601073335780003,0.268981779662287,"C"
"44","Buhera",2018,"01",0.317404832713708,0.456544336595356,0.174184561802839,"D"
"45","Buhera",2018,"02",0.865156862547014,0.996152043874619,0.606599328503863,"E"
"46","Buhera",2018,"03",0.693761192932575,0.984709630280293,0.461357918276569,"F"
"47","Buhera",2018,"04",0.451426565994638,0.572082375601126,0.272123729313428,"G"
"48","Buhera",2018,"05",0.175487826425084,0.238215274092388,0.138880270884092,"H"
"49","Bulawayo",2017,"10",0.103946278755787,0.123562946676149,0.0916289501256584,"A"
"50","Bulawayo",2017,"11",0.257138113239302,0.461469292331299,0.0978665515441313,"B"
"51","Bulawayo",2017,"12",0.243542563526287,0.305449892759894,0.165696505609625,"C"
"52","Bulawayo",2018,"01",0.151918733384891,0.229201361539955,0.107534785450611,"D"
"53","Bulawayo",2018,"02",0.603163254633273,0.988700513057686,0.278190051698356,"E"
"54","Bulawayo",2018,"03",0.637957953607686,0.925420909019305,0.467861521098875,"F"
"55","Bulawayo",2018,"04",0.365826157006431,0.518365199271018,0.205769530133255,"G"
"56","Bulawayo",2018,"05",0.139138611840596,0.184316325362308,0.114258589854817,"H"
"57","Bulilima (North)",2017,"10",0.138768227603706,0.208458483564996,0.103584309017691,"A"
"58","Bulilima (North)",2017,"11",0.244490835039877,0.369776917361952,0.11521705975331,"B"
"59","Bulilima (North)",2017,"12",0.178152806757774,0.252005821389861,0.121110971660306,"C"
"60","Bulilima (North)",2018,"01",0.131964528319482,0.205124433099491,0.0962804972582054,"D"
"61","Bulilima (North)",2018,"02",0.600774700791909,0.923752801313251,0.331394322567524,"E"
"62","Bulilima (North)",2018,"03",0.468437973553942,0.883092558116102,0.239871724572562,"F"
"63","Bulilima (North)",2018,"04",0.20033364778709,0.32520961489277,0.111709394814061,"G"
"64","Bulilima (North)",2018,"05",0.110814265002612,0.122889709585406,0.102331653928835,"H"
"65","Centenary",2017,"10",0.0919925136681369,0.0962403431759938,0.0891455456884765,"A"
"66","Centenary",2017,"11",0.219726054609578,0.404952279408963,0.0925043949450314,"B"
"67","Centenary",2017,"12",0.480059443419081,0.77980234870101,0.259112738347391,"C"
"68","Centenary",2018,"01",0.488079372479135,0.662844915006708,0.345954924602238,"D"
"69","Centenary",2018,"02",0.86551503138973,0.989209683085337,0.480189530794448,"E"
"70","Centenary",2018,"03",0.875788754699107,0.995364370773744,0.696791983106851,"F"
"71","Centenary",2018,"04",0.468843622865448,0.664034720921696,0.290396409963349,"G"
"72","Centenary",2018,"05",0.203640151371271,0.259876727009786,0.151795125759322,"H"
"73","Chegutu",2017,"10",0.103024545368631,0.143534739650342,0.0893972560878516,"A"
"74","Chegutu",2017,"11",0.378287339201468,0.586180134568211,0.115143075106573,"B"
"75","Chegutu",2017,"12",0.453953657288112,0.70916243516707,0.308214357152051,"C"
"76","Chegutu",2018,"01",0.300027131877292,0.556010119610931,0.146083545354078,"D"
"77","Chegutu",2018,"02",0.916122090210706,0.998666533190784,0.595071977994099,"E"
"78","Chegutu",2018,"03",0.813485496288561,0.997021791296722,0.648645532142325,"F"
"79","Chegutu",2018,"04",0.544561588293359,0.661564377690724,0.360512625019847,"G"
"80","Chegutu",2018,"05",0.241725754352197,0.321092795595632,0.194102386991737,"H"
"81","Chikomba",2017,"10",0.117439803809297,0.215516095840299,0.0949594066323769,"A"
"82","Chikomba",2017,"11",0.462189019398142,0.707905942183049,0.138536014308361,"B"
"83","Chikomba",2017,"12",0.475948271396946,0.715505749676558,0.322571758091565,"C"
"84","Chikomba",2018,"01",0.356732205384957,0.553156793482185,0.182531194653995,"D"
"85","Chikomba",2018,"02",0.893203943241873,0.997847134622699,0.713560076610898,"E"
"86","Chikomba",2018,"03",0.822213187062332,0.993960473080769,0.633644406125408,"F"
"87","Chikomba",2018,"04",0.660553657623579,0.786511227870663,0.431748698493521,"G"
"88","Chikomba",2018,"05",0.279263700864284,0.378330475192924,0.209931648994906,"H"
"89","Chimanimani",2017,"10",0.152929779951276,0.287821414624597,0.109716417990198,"A"
"90","Chimanimani",2017,"11",0.46333157326807,0.678096447270421,0.234398777550121,"B"
"91","Chimanimani",2017,"12",0.641292898061836,0.725384593596475,0.583385501643539,"C"
"92","Chimanimani",2018,"01",0.626756153857896,0.672420567159923,0.553886726967578,"D"
"93","Chimanimani",2018,"02",0.900407047425649,0.997466126246756,0.765861337909757,"E"
"94","Chimanimani",2018,"03",0.858652866734471,0.986221118089742,0.753943003507233,"F"
"95","Chimanimani",2018,"04",0.723140349722418,0.778771041929565,0.596308751470569,"G"
"96","Chimanimani",2018,"05",0.516068254107717,0.569560052491717,0.476157709800257,"H"
"97","Chipinge",2017,"10",0.173203882164091,0.417942988703015,0.100782592111105,"A"
"98","Chipinge",2017,"11",0.392396145560925,0.455723716812082,0.303650020641547,"B"
"99","Chipinge",2017,"12",0.491752472744538,0.688919558127896,0.386552271013994,"C"
"100","Chipinge",2018,"01",0.558956291868351,0.671323787298831,0.44242227676334,"D"
"101","Chipinge",2018,"02",0.894458248506654,0.994316323736598,0.764776680588984,"E"
"102","Chipinge",2018,"03",0.843659643659592,0.987786868511452,0.700920301793172,"F"
"103","Chipinge",2018,"04",0.667824666307549,0.77913720915239,0.496452185996548,"G"
"104","Chipinge",2018,"05",0.446181662915911,0.502658405293475,0.373627137223836,"H"
"105","Chiredzi",2017,"10",0.134733106866006,0.244003662426606,0.0991368783124195,"A"
"106","Chiredzi",2017,"11",0.220668276680009,0.292699794941783,0.156656071329072,"B"
"107","Chiredzi",2017,"12",0.215377266058057,0.397457637080291,0.131492724148122,"C"
"108","Chiredzi",2018,"01",0.19557744004558,0.279597565231029,0.130128443103754,"D"
"109","Chiredzi",2018,"02",0.605640093666703,0.86771356359973,0.378044608756702,"E"
"110","Chiredzi",2018,"03",0.524039167729904,0.809683664585907,0.359570851562395,"F"
"111","Chiredzi",2018,"04",0.337061531722041,0.421475240618151,0.224243021325671,"G"
"112","Chiredzi",2018,"05",0.232910046817055,0.297561676513636,0.164485502801915,"H"
"113","Chirumhanzu",2017,"10",0.119861420902128,0.222981910943036,0.0939446346096026,"A"
"114","Chirumhanzu",2017,"11",0.419376723910637,0.60314560004852,0.153586976212844,"B"
"115","Chirumhanzu",2017,"12",0.319740312518898,0.485641527048899,0.179572118721472,"C"
"116","Chirumhanzu",2018,"01",0.209749540176929,0.380458712000952,0.107673498177716,"D"
"117","Chirumhanzu",2018,"02",0.778720701973843,0.995388575707573,0.506736546931619,"E"
"118","Chirumhanzu",2018,"03",0.73213349212773,0.987204847363682,0.527773216787498,"F"
"119","Chirumhanzu",2018,"04",0.523304836892974,0.664039952825594,0.315491394905379,"G"
"120","Chirumhanzu",2018,"05",0.201192157414441,0.276329963266827,0.150757683092603,"H"
"121","Chivi",2017,"10",0.150814364989483,0.296370189048722,0.104649340202686,"A"
"122","Chivi",2017,"11",0.299791234762922,0.453054284325965,0.186818111506112,"B"
"123","Chivi",2017,"12",0.277141386266983,0.388957978096315,0.191414953977174,"C"
"124","Chivi",2018,"01",0.220469324423608,0.314550493994449,0.132391111534307,"D"
"125","Chivi",2018,"02",0.767689012168091,0.983809913561982,0.526171882188502,"E"
"126","Chivi",2018,"03",0.661284322779567,0.944510652289294,0.469744051422197,"F"
"127","Chivi",2018,"04",0.470069808804742,0.593545389769074,0.303256470489599,"G"
"128","Chivi",2018,"05",0.247203477591723,0.289679543737484,0.20014808735004,"H"
"129","Gokwe North",2017,"10",0.113424948578293,0.20177757065036,0.0871074597942582,"A"
"130","Gokwe North",2017,"11",0.248329026399941,0.441542204203042,0.115087836643079,"B"
"131","Gokwe North",2017,"12",0.602044090880193,0.847904220505785,0.419003277383615,"C"
"132","Gokwe North",2018,"01",0.428969160178327,0.675481356133324,0.26583209454631,"D"
"133","Gokwe North",2018,"02",0.953571596102974,0.997394289986408,0.733646949537923,"E"
"134","Gokwe North",2018,"03",0.769619832060567,0.998422103299763,0.517942758456443,"F"
"135","Gokwe North",2018,"04",0.414565829780922,0.562502117854663,0.225137207279557,"G"
"136","Gokwe North",2018,"05",0.133462982580774,0.193179171743974,0.108504594098704,"H"
"137","Gokwe South",2017,"10",0.120776663370719,0.185792697253215,0.0976350327509972,"A"
"138","Gokwe South",2017,"11",0.310094584081038,0.430431148762084,0.12364300167928,"B"
"139","Gokwe South",2017,"12",0.443440373683323,0.762651961549962,0.303316278153992,"C"
"140","Gokwe South",2018,"01",0.32525790274943,0.563480508122363,0.180320304072647,"D"
"141","Gokwe South",2018,"02",0.912411225326496,0.998560209606668,0.673483150298534,"E"
"142","Gokwe South",2018,"03",0.706674297729148,0.999068811300842,0.44528211783375,"F"
"143","Gokwe South",2018,"04",0.35799582571001,0.529115621950459,0.183329273790502,"G"
"144","Gokwe South",2018,"05",0.134999753741584,0.163296092843784,0.123585347371407,"H"
"145","Goromonzi",2017,"10",0.100205438796685,0.106889663242577,0.0941505794547127,"A"
"146","Goromonzi",2017,"11",0.545676267954791,0.913799647395449,0.101863685737089,"B"
"147","Goromonzi",2017,"12",0.775312828873984,0.982043155113574,0.64718716616159,"C"
"148","Goromonzi",2018,"01",0.511096400466319,0.819770851339968,0.298030315263242,"D"
"149","Goromonzi",2018,"02",0.960252981661704,0.99860616461883,0.749354624570604,"E"
"150","Goromonzi",2018,"03",0.891139549468788,0.999522779919977,0.747253487202947,"F"
"151","Goromonzi",2018,"04",0.666294420594098,0.810921386103542,0.455819763960086,"G"
"152","Goromonzi",2018,"05",0.346571091063554,0.40734646722333,0.277961590453708,"H"
"153","Guruve",2017,"10",0.0902994295635152,0.0975848686114099,0.0874899633989164,"A"
"154","Guruve",2017,"11",0.206059623217994,0.348335184653025,0.0896884684158023,"B"
"155","Guruve",2017,"12",0.441938396907528,0.758829491134804,0.212087100314514,"C"
"156","Guruve",2018,"01",0.528885761889132,0.675940516802764,0.395349208108501,"D"
"157","Guruve",2018,"02",0.89741145516647,0.994486763956805,0.545890589559782,"E"
"158","Guruve",2018,"03",0.905775975254718,0.996897512372553,0.783529882386864,"F"
"159","Guruve",2018,"04",0.547756721053806,0.761643387980605,0.351701419796922,"G"
"160","Guruve",2018,"05",0.232908341303829,0.314825328899734,0.154590155569552,"H"
"161","Gutu",2017,"10",0.131829167784249,0.257777011835825,0.0988046580144096,"A"
"162","Gutu",2017,"11",0.431304761339558,0.645773971312578,0.143549681048904,"B"
"163","Gutu",2017,"12",0.346376183280791,0.562303706581688,0.180884307691744,"C"
"164","Gutu",2018,"01",0.270594915001686,0.423049655067076,0.131203917005472,"D"
"165","Gutu",2018,"02",0.92582090250303,0.997592077788907,0.771652318598498,"E"
"166","Gutu",2018,"03",0.717503793924884,0.97015098820935,0.50273511095176,"F"
"167","Gutu",2018,"04",0.555187451520494,0.696019468422639,0.326541729863428,"G"
"168","Gutu",2018,"05",0.215326422472239,0.2831766172691,0.170115596348872,"H"
"169","Gwanda",2017,"10",0.12677063881345,0.149057464710138,0.0945360636035595,"A"
"170","Gwanda",2017,"11",0.202721900062814,0.283487362194626,0.105876762907402,"B"
"171","Gwanda",2017,"12",0.195046925244939,0.334391141759503,0.113861819512112,"C"
"172","Gwanda",2018,"01",0.16232447516901,0.272705566274514,0.096870149185824,"D"
"173","Gwanda",2018,"02",0.529151650722541,0.909345925824724,0.287681104631725,"E"
"174","Gwanda",2018,"03",0.488782170681734,0.834737028480803,0.296648523747875,"F"
"175","Gwanda",2018,"04",0.293640850514969,0.366193299141201,0.184589531006844,"G"
"176","Gwanda",2018,"05",0.156966327714492,0.183058529535382,0.125545533419252,"H"
"177","Gweru",2017,"10",0.134214001175692,0.245294267088429,0.0942595083920644,"A"
"178","Gweru",2017,"11",0.386297317564813,0.559904376632827,0.161606350923914,"B"
"179","Gweru",2017,"12",0.324882256022275,0.492346402141468,0.202316100912568,"C"
"180","Gweru",2018,"01",0.24240846350581,0.413062553103862,0.128285633307815,"D"
"181","Gweru",2018,"02",0.769173934448406,0.991521207219009,0.529963396475557,"E"
"182","Gweru",2018,"03",0.647791941035305,0.972034095860328,0.45120337317264,"F"
"183","Gweru",2018,"04",0.398633389059655,0.530307664587831,0.227471812187345,"G"
"184","Gweru",2018,"05",0.143634104042605,0.196057969120355,0.123722321800614,"H"
"185","Harare",2017,"10",0.0991255966395418,0.109711635800627,0.0942527425881182,"A"
"186","Harare",2017,"11",0.462847712749067,0.76677144120343,0.0981335748713541,"B"
"187","Harare",2017,"12",0.732826950391175,0.975985913937023,0.6159024983459,"C"
"188","Harare",2018,"01",0.653367158195818,0.888587708962904,0.48154509295381,"D"
"189","Harare",2018,"02",0.969503073913675,0.999819899613185,0.779259615901595,"E"
"190","Harare",2018,"03",0.915335355552524,0.999781651968036,0.811670729165503,"F"
"191","Harare",2018,"04",0.775998148230905,0.87223502868686,0.601305127378816,"G"
"192","Harare",2018,"05",0.444513558491682,0.562021684600233,0.333834903585218,"H"
"193","Hurungwe",2017,"10",0.0996454905177852,0.168386331268515,0.0845343555195622,"A"
"194","Hurungwe",2017,"11",0.251880556164797,0.347222228604887,0.121540073070222,"B"
"195","Hurungwe",2017,"12",0.416269503632252,0.62735668575434,0.273345190682168,"C"
"196","Hurungwe",2018,"01",0.494955798633005,0.601266450089101,0.412229524672564,"D"
"197","Hurungwe",2018,"02",0.894608798527576,0.973651885928467,0.574624678203667,"E"
"198","Hurungwe",2018,"03",0.891327732555559,0.979095753735806,0.790167060141756,"F"
"199","Hurungwe",2018,"04",0.595074295659464,0.789182040846808,0.388495833791763,"G"
"200","Hurungwe",2018,"05",0.257750975152603,0.34676929656679,0.163966694561681,"H"
"201","Hwange",2017,"10",0.119813754079042,0.167381178315447,0.0974058030076837,"A"
"202","Hwange",2017,"11",0.184953266504904,0.280664665511401,0.107989918999676,"B"
"203","Hwange",2017,"12",0.255265071694257,0.493173700304703,0.138503919884196,"C"
"204","Hwange",2018,"01",0.22265272115063,0.364688068540314,0.133735003881408,"D"
"205","Hwange",2018,"02",0.799769454322603,0.993637355905207,0.587361887588781,"E"
"206","Hwange",2018,"03",0.70276824659965,0.992068878809093,0.48345422961623,"F"
"207","Hwange",2018,"04",0.367179576025853,0.52166062368731,0.197494273680731,"G"
"208","Hwange",2018,"05",0.138807471924061,0.179896668059373,0.116839335550815,"H"
"209","Insiza",2017,"10",0.143952400657385,0.23211617581169,0.0945344620695319,"A"
"210","Insiza",2017,"11",0.285614211299534,0.412049278691385,0.137226615989522,"B"
"211","Insiza",2017,"12",0.274232004727313,0.400536639435108,0.188374786109804,"C"
"212","Insiza",2018,"01",0.218845097801742,0.356162848151034,0.115640427588072,"D"
"213","Insiza",2018,"02",0.706716797473623,0.956769625551478,0.487184914918601,"E"
"214","Insiza",2018,"03",0.623464534247892,0.913047789888198,0.433169662272592,"F"
"215","Insiza",2018,"04",0.431436130676913,0.55711796244461,0.271639453576278,"G"
"216","Insiza",2018,"05",0.192298679775607,0.239092625778067,0.16501067574478,"H"
"217","Kadoma",2017,"10",0.112542607600018,0.182290083042345,0.0917675163247128,"A"
"218","Kadoma",2017,"11",0.319272606503779,0.449627659839378,0.130103042708582,"B"
"219","Kadoma",2017,"12",0.407821266346428,0.720469229254857,0.262820333404544,"C"
"220","Kadoma",2018,"01",0.320234268396802,0.556407614373192,0.179826780362137,"D"
"221","Kadoma",2018,"02",0.88681031424828,0.998217773032226,0.574206267277325,"E"
"222","Kadoma",2018,"03",0.768598144324772,0.995945887525954,0.578181307585799,"F"
"223","Kadoma",2018,"04",0.455277338309509,0.608434039651415,0.258222511704118,"G"
"224","Kadoma",2018,"05",0.156784044515606,0.222509465871664,0.126545494849294,"H"
"225","Kariba",2017,"10",0.129153438393831,0.214381921002617,0.104514060414569,"A"
"226","Kariba",2017,"11",0.236949569359444,0.384030099694743,0.143022672480997,"B"
"227","Kariba",2017,"12",0.536530700188237,0.735018491056021,0.323921449709599,"C"
"228","Kariba",2018,"01",0.523510644049961,0.661362370647874,0.425146629843909,"D"
"229","Kariba",2018,"02",0.913705730612157,0.968764262191921,0.686123701691596,"E"
"230","Kariba",2018,"03",0.879754971483133,0.970756582023689,0.739824075290302,"F"
"231","Kariba",2018,"04",0.661673521051579,0.788158817808193,0.475121714249952,"G"
"232","Kariba",2018,"05",0.33065098564085,0.439482916980828,0.23164313816506,"H"
"233","Kwekwe",2017,"10",0.118830740703086,0.196201179203683,0.0938454768659688,"A"
"234","Kwekwe",2017,"11",0.326331158723803,0.463957025561694,0.126797971571401,"B"
"235","Kwekwe",2017,"12",0.305896064159921,0.542045540444672,0.171737181194712,"C"
"236","Kwekwe",2018,"01",0.221675898254814,0.414806601394501,0.112087273821432,"D"
"237","Kwekwe",2018,"02",0.794550762225808,0.997283810382053,0.522023227377319,"E"
"238","Kwekwe",2018,"03",0.654683505159994,0.988456701406913,0.430784197436626,"F"
"239","Kwekwe",2018,"04",0.333221532019975,0.503308938889358,0.169145317749184,"G"
"240","Kwekwe",2018,"05",0.120140797420515,0.147151133156916,0.110575840996717,"H"
"241","Lupane",2017,"10",0.141287468784082,0.213958212542375,0.104471347114581,"A"
"242","Lupane",2017,"11",0.238869068269016,0.360936113055347,0.111993150490296,"B"
"243","Lupane",2017,"12",0.268530731114919,0.513168998121194,0.159325742403378,"C"
"244","Lupane",2018,"01",0.198940912384796,0.3232384393758,0.124592586635305,"D"
"245","Lupane",2018,"02",0.754326963612521,0.981969723053096,0.519054498184488,"E"
"246","Lupane",2018,"03",0.599148022294138,0.994077071983157,0.333041363710304,"F"
"247","Lupane",2018,"04",0.287669684376443,0.417665807168531,0.146515468313046,"G"
"248","Lupane",2018,"05",0.118689820924153,0.133844940883677,0.112540403343932,"H"
"249","Makonde",2017,"10",0.0960987607953912,0.131448196444145,0.0858770535208004,"A"
"250","Makonde",2017,"11",0.2649324837922,0.415621968919893,0.102749353422214,"B"
"251","Makonde",2017,"12",0.452618908605833,0.729418912718803,0.314016984500917,"C"
"252","Makonde",2018,"01",0.530480840153207,0.669365370786706,0.423720013456159,"D"
"253","Makonde",2018,"02",0.928814670742339,0.996843839260532,0.621752478812396,"E"
"254","Makonde",2018,"03",0.898339084628913,0.997876414503357,0.757648875068161,"F"
"255","Makonde",2018,"04",0.567667461219461,0.748041947357333,0.368301195294775,"G"
"256","Makonde",2018,"05",0.227341257195488,0.322456568673555,0.148813124123007,"H"
"257","Makoni",2017,"10",0.111994463199554,0.147741565621092,0.0981355601303206,"A"
"258","Makoni",2017,"11",0.486435143557038,0.788295886983824,0.124202605015719,"B"
"259","Makoni",2017,"12",0.586503971977771,0.77068233470082,0.461434633972577,"C"
"260","Makoni",2018,"01",0.386536849035901,0.639672862978224,0.193892214240073,"D"
"261","Makoni",2018,"02",0.885336882856477,0.999265546600549,0.554821803257179,"E"
"262","Makoni",2018,"03",0.80812253294948,0.983627694559406,0.659382350515608,"F"
"263","Makoni",2018,"04",0.479486289525187,0.609787774770307,0.319045708518375,"G"
"264","Makoni",2018,"05",0.24214339839112,0.28700496107934,0.200718879275169,"H"
"265","Mangwe (South)",2017,"10",0.131206570631175,0.156364390066429,0.102617851002458,"A"
"266","Mangwe (South)",2017,"11",0.183100182200047,0.30546958701662,0.0996626849844092,"B"
"267","Mangwe (South)",2017,"12",0.181794140598716,0.240292319712443,0.123967226121332,"C"
"268","Mangwe (South)",2018,"01",0.119179631718055,0.183110194807033,0.093238196759421,"D"
"269","Mangwe (South)",2018,"02",0.47605425347676,0.89066602838088,0.248382877756912,"E"
"270","Mangwe (South)",2018,"03",0.4636580521857,0.814885427361897,0.273698838093981,"F"
"271","Mangwe (South)",2018,"04",0.209959260741647,0.331838882515552,0.113710197820093,"G"
"272","Mangwe (South)",2018,"05",0.110066765304694,0.122400974972057,0.0998375366034965,"H"
"273","Marondera",2017,"10",0.108541892211901,0.125196761108068,0.0968951290850858,"A"
"274","Marondera",2017,"11",0.511740751056426,0.818827357099037,0.106867708927397,"B"
"275","Marondera",2017,"12",0.63606133429788,0.871797728777911,0.508748839698139,"C"
"276","Marondera",2018,"01",0.384907088074023,0.698194240701126,0.178449528152767,"D"
"277","Marondera",2018,"02",0.942827331867654,0.999104321246098,0.711080806701031,"E"
"278","Marondera",2018,"03",0.870600127109009,0.994509831858371,0.759304202719188,"F"
"279","Marondera",2018,"04",0.685104715728742,0.798552403330189,0.471880359327874,"G"
"280","Marondera",2018,"05",0.338481902365248,0.422109727328506,0.278799440935685,"H"
"281","Masvingo",2017,"10",0.143336238936697,0.307108003783721,0.100907509738091,"A"
"282","Masvingo",2017,"11",0.332966238040923,0.489368935014374,0.197846188610995,"B"
"283","Masvingo",2017,"12",0.307600083294539,0.455509985895206,0.223088784461298,"C"
"284","Masvingo",2018,"01",0.285078719923459,0.370641743300424,0.182158706064118,"D"
"285","Masvingo",2018,"02",0.826970173520349,0.981777941484798,0.646951993872108,"E"
"286","Masvingo",2018,"03",0.710974294445019,0.952116839338215,0.528197536011626,"F"
"287","Masvingo",2018,"04",0.573862198603311,0.692596461407447,0.368571867684481,"G"
"288","Masvingo",2018,"05",0.264708419843709,0.33176672618513,0.215771619301773,"H"
"289","Matobo",2017,"10",0.122072364278094,0.143361123578635,0.0987116430175982,"A"
"290","Matobo",2017,"11",0.213569806527299,0.36057898117669,0.107044465454532,"B"
"291","Matobo",2017,"12",0.223179580393603,0.280725006585777,0.156448747551084,"C"
"292","Matobo",2018,"01",0.14599066803763,0.2247192622175,0.105276756385648,"D"
"293","Matobo",2018,"02",0.534131060552673,0.915946136870221,0.299906052966943,"E"
"294","Matobo",2018,"03",0.518371010478001,0.849144005626495,0.326404152751021,"F"
"295","Matobo",2018,"04",0.274053799852218,0.387167310761299,0.155434680170643,"G"
"296","Matobo",2018,"05",0.128520908701336,0.14234697545321,0.114608016327438,"H"
"297","Mazowe",2017,"10",0.102272159019359,0.123341704763769,0.0937285663572512,"A"
"298","Mazowe",2017,"11",0.423578662814891,0.715231696809829,0.108070411263139,"B"
"299","Mazowe",2017,"12",0.692124947202392,0.965844187513623,0.533578133963008,"C"
"300","Mazowe",2018,"01",0.622720097842618,0.848787185044084,0.447329584805923,"D"
"301","Mazowe",2018,"02",0.958296397486325,0.997948045257695,0.772032605571874,"E"
"302","Mazowe",2018,"03",0.91498370968403,0.998244935587754,0.803885765483341,"F"
"303","Mazowe",2018,"04",0.666499557909281,0.834653197825782,0.475374284180057,"G"
"304","Mazowe",2018,"05",0.340465835992051,0.422338128428292,0.262191933985718,"H"
"305","Mberengwa",2017,"10",0.158484637144789,0.280097138689379,0.105696877995999,"A"
"306","Mberengwa",2017,"11",0.286559931212028,0.416758100790227,0.174786489879979,"B"
"307","Mberengwa",2017,"12",0.292813874646529,0.437007075816613,0.181076699106343,"C"
"308","Mberengwa",2018,"01",0.235159076206165,0.355157979928957,0.125199096917645,"D"
"309","Mberengwa",2018,"02",0.833710407213162,0.99495056035399,0.62633404718563,"E"
"310","Mberengwa",2018,"03",0.694050200194247,0.954232158365549,0.505233162653415,"F"
"311","Mberengwa",2018,"04",0.563431943734118,0.664642136006507,0.386714183728894,"G"
"312","Mberengwa",2018,"05",0.277506582211642,0.347206668486636,0.222796682148123,"H"
"313","Mount Darwin",2017,"10",0.110883526014032,0.122786286055615,0.107200654440706,"A"
"314","Mount Darwin",2017,"11",0.318938159841894,0.563819723721792,0.106895729105235,"B"
"315","Mount Darwin",2017,"12",0.554620740388606,0.865322621013719,0.332319806043906,"C"
"316","Mount Darwin",2018,"01",0.460847317442212,0.736161254984462,0.26681277315979,"D"
"317","Mount Darwin",2018,"02",0.865184872618743,0.995810518043999,0.450758618588798,"E"
"318","Mount Darwin",2018,"03",0.839722630113849,0.998507381749032,0.595664423226469,"F"
"319","Mount Darwin",2018,"04",0.395945459541939,0.5673851090299,0.240961991352145,"G"
"320","Mount Darwin",2018,"05",0.17814985055616,0.221031093717141,0.138628746492122,"H"
"321","Mudzi",2017,"10",0.123970388871806,0.134412933690273,0.120398616200071,"A"
"322","Mudzi",2017,"11",0.244123046196362,0.383762769098957,0.110516330461838,"B"
"323","Mudzi",2017,"12",0.38521314437198,0.60303931965642,0.232070890132427,"C"
"324","Mudzi",2018,"01",0.266728477414637,0.495100675974588,0.144030821116508,"D"
"325","Mudzi",2018,"02",0.782232174864341,0.965484853511684,0.335477337499697,"E"
"326","Mudzi",2018,"03",0.722676513363792,0.968254269171185,0.45074338214558,"F"
"327","Mudzi",2018,"04",0.263524433802613,0.402767953832529,0.154833301743438,"G"
"328","Mudzi",2018,"05",0.147705440813691,0.15906620615309,0.141004811953276,"H"
"329","Murehwa",2017,"10",0.111986774424771,0.117680892242789,0.107850990503232,"A"
"330","Murehwa",2017,"11",0.564340804218153,0.922972584314346,0.105820849378109,"B"
"331","Murehwa",2017,"12",0.677084981346369,0.95228062874794,0.522745916765531,"C"
"332","Murehwa",2018,"01",0.40572949248108,0.75409116185824,0.190145655246576,"D"
"333","Murehwa",2018,"02",0.955751793091474,0.999273396410942,0.768096713440418,"E"
"334","Murehwa",2018,"03",0.874758159379442,0.998852987187685,0.735840482362111,"F"
"335","Murehwa",2018,"04",0.577697202796539,0.749552546370029,0.351930589038134,"G"
"336","Murehwa",2018,"05",0.27285369142731,0.335077104798953,0.214693985067407,"H"
"337","Mutare",2017,"10",0.121018923992953,0.219964285245308,0.0931097555929945,"A"
"338","Mutare",2017,"11",0.444076040468055,0.73196039281498,0.144436154738337,"B"
"339","Mutare",2017,"12",0.527397127816121,0.665062523707309,0.415109134940802,"C"
"340","Mutare",2018,"01",0.397470834591531,0.55899143778007,0.232833704196082,"D"
"341","Mutare",2018,"02",0.888021716913699,0.996303515963623,0.639133900465374,"E"
"342","Mutare",2018,"03",0.773119706770246,0.989427469610349,0.587598389623951,"F"
"343","Mutare",2018,"04",0.495723948250041,0.608015006527237,0.331039892542959,"G"
"344","Mutare",2018,"05",0.221859110902916,0.295488098936681,0.169060518859628,"H"
"345","Mutasa",2017,"10",0.171451162114532,0.424769315565713,0.101113936507251,"A"
"346","Mutasa",2017,"11",0.689323220541578,0.957866857995257,0.318518385960263,"B"
"347","Mutasa",2017,"12",0.880737805963425,0.969048935954645,0.807683573210026,"C"
"348","Mutasa",2018,"01",0.856193231893231,0.939452503852093,0.71836613723592,"D"
"349","Mutasa",2018,"02",0.982507434635267,0.999406944631301,0.94072710787687,"E"
"350","Mutasa",2018,"03",0.943107140427885,0.994648637475255,0.889647037991137,"F"
"351","Mutasa",2018,"04",0.846154274103093,0.919688206202561,0.679535527568582,"G"
"352","Mutasa",2018,"05",0.605559410399672,0.659598110915201,0.535512299969946,"H"
"353","Mutoko",2017,"10",0.11279399120689,0.12609406755763,0.108988244511311,"A"
"354","Mutoko",2017,"11",0.377706328915504,0.663318639697755,0.107589622813008,"B"
"355","Mutoko",2017,"12",0.417890541657129,0.688903968638141,0.275583762616482,"C"
"356","Mutoko",2018,"01",0.249560040429196,0.502311495466045,0.132798929069182,"D"
"357","Mutoko",2018,"02",0.848680686642006,0.997613999294509,0.452174671231307,"E"
"358","Mutoko",2018,"03",0.743831128279945,0.980889738842226,0.457706947001404,"F"
"359","Mutoko",2018,"04",0.253888549482247,0.407713569065613,0.139684391116057,"G"
"360","Mutoko",2018,"05",0.136709711421427,0.150281808407189,0.127447723591221,"H"
"361","Mwenezi",2017,"10",0.166902792020276,0.248688277117572,0.105078335189891,"A"
"362","Mwenezi",2017,"11",0.235391478703958,0.330715688390988,0.14278257458914,"B"
"363","Mwenezi",2017,"12",0.207750887215138,0.327463600773164,0.124200191127488,"C"
"364","Mwenezi",2018,"01",0.159179874033974,0.236868774378805,0.100863670743038,"D"
"365","Mwenezi",2018,"02",0.586837279664579,0.853450965382872,0.369488285236526,"E"
"366","Mwenezi",2018,"03",0.506269101233552,0.802439770584164,0.342256398066854,"F"
"367","Mwenezi",2018,"04",0.356727332297341,0.419049501325005,0.240734157274317,"G"
"368","Mwenezi",2018,"05",0.235789907369056,0.30542031654458,0.157698674597137,"H"
"369","Nkayi",2017,"10",0.135726666259263,0.1890874400407,0.102585123251259,"A"
"370","Nkayi",2017,"11",0.306140721758005,0.449843363394673,0.123640612768699,"B"
"371","Nkayi",2017,"12",0.296212080413135,0.51039273446764,0.188762301060198,"C"
"372","Nkayi",2018,"01",0.190435479225907,0.342130981519096,0.111416599770183,"D"
"373","Nkayi",2018,"02",0.706037012608065,0.977254890110068,0.480474719055723,"E"
"374","Nkayi",2018,"03",0.604904206826126,0.982024496031025,0.358916336520683,"F"
"375","Nkayi",2018,"04",0.283943424020567,0.454219506363631,0.142234630797786,"G"
"376","Nkayi",2018,"05",0.118129207547824,0.130667346623358,0.11336777809271,"H"
"377","Nyanga",2017,"10",0.130181495229449,0.212662690988767,0.104518047457848,"A"
"378","Nyanga",2017,"11",0.451405908797301,0.647361943505859,0.194444415031788,"B"
"379","Nyanga",2017,"12",0.592470553168309,0.735914031720017,0.518586092064695,"C"
"380","Nyanga",2018,"01",0.525265105889173,0.648854516396701,0.427850777368184,"D"
"381","Nyanga",2018,"02",0.889252964476268,0.997013833368199,0.621314584999478,"E"
"382","Nyanga",2018,"03",0.793372629103579,0.949277837340357,0.661951216421115,"F"
"383","Nyanga",2018,"04",0.539618489202081,0.634079947391114,0.417234858169619,"G"
"384","Nyanga",2018,"05",0.391691581057805,0.428557378672052,0.348585454459608,"H"
"385","Rushinga",2017,"10",0.135913748399578,0.162490617826039,0.127063934962453,"A"
"386","Rushinga",2017,"11",0.306494810127848,0.517638756163074,0.115507778377128,"B"
"387","Rushinga",2017,"12",0.472594925303335,0.744831077253308,0.290071096672919,"C"
"388","Rushinga",2018,"01",0.388301164824903,0.676647801772748,0.20167225614724,"D"
"389","Rushinga",2018,"02",0.809571173478669,0.988194320129419,0.395155911976825,"E"
"390","Rushinga",2018,"03",0.783707275291312,0.997004125591134,0.494279485141672,"F"
"391","Rushinga",2018,"04",0.297948548634073,0.45580432847287,0.181598262972254,"G"
"392","Rushinga",2018,"05",0.176991876977365,0.210680526247658,0.152414061256718,"H"
"393","Seke",2017,"10",0.0985310908076321,0.121751530118032,0.0888666852417238,"A"
"394","Seke",2017,"11",0.412199626167179,0.647678445511567,0.102139289569836,"B"
"395","Seke",2017,"12",0.461132091819039,0.677558712630007,0.345960288139866,"C"
"396","Seke",2018,"01",0.308694200540301,0.537499523178364,0.161036533719366,"D"
"397","Seke",2018,"02",0.919249400639487,0.999171943313235,0.635343233342239,"E"
"398","Seke",2018,"03",0.836460037563962,0.994268003532111,0.68813124282665,"F"
"399","Seke",2018,"04",0.608571032405059,0.742409838671813,0.416535155145943,"G"
"400","Seke",2018,"05",0.278991951259882,0.374713826869589,0.218698730258944,"H"
"401","Shamva",2017,"10",0.103984194617279,0.108259930751501,0.101091992349134,"A"
"402","Shamva",2017,"11",0.292846641680728,0.559671665043871,0.103202118674431,"B"
"403","Shamva",2017,"12",0.516726694468959,0.822084044133362,0.347409681653858,"C"
"404","Shamva",2018,"01",0.470941622775068,0.686881064666861,0.297898290449802,"D"
"405","Shamva",2018,"02",0.902196327123773,0.996301743428784,0.574967465187141,"E"
"406","Shamva",2018,"03",0.865775696015422,0.998917330155546,0.690554616876915,"F"
"407","Shamva",2018,"04",0.512471547107762,0.682665930768434,0.329565216006094,"G"
"408","Shamva",2018,"05",0.217534631930834,0.310150263701712,0.145775247316248,"H"
"409","Shurugwi",2017,"10",0.130405007450823,0.273943187749167,0.0934013439523972,"A"
"410","Shurugwi",2017,"11",0.360909700782104,0.540801247792819,0.159457538451722,"B"
"411","Shurugwi",2017,"12",0.312461241566339,0.492486553107656,0.194803247103938,"C"
"412","Shurugwi",2018,"01",0.246383696569745,0.408984618779862,0.126409131096424,"D"
"413","Shurugwi",2018,"02",0.853316958404606,0.996594336123467,0.653972783624752,"E"
"414","Shurugwi",2018,"03",0.68606994820293,0.976964762637807,0.468071995030269,"F"
"415","Shurugwi",2018,"04",0.486406890160862,0.638652295122845,0.279569306266178,"G"
"416","Shurugwi",2018,"05",0.177354362340518,0.240722028912508,0.140352855847348,"H"
"417","Tsholotsho",2017,"10",0.139819963858769,0.243460333445354,0.0986651673179725,"A"
"418","Tsholotsho",2017,"11",0.23244494956618,0.358395731038527,0.117545188396575,"B"
"419","Tsholotsho",2017,"12",0.200069981709603,0.352753849989095,0.113006209344611,"C"
"420","Tsholotsho",2018,"01",0.140743548161841,0.248482538250987,0.0959772022261227,"D"
"421","Tsholotsho",2018,"02",0.754429967448197,0.982251548025724,0.527202872516609,"E"
"422","Tsholotsho",2018,"03",0.481806525845447,0.965969052634375,0.199872436149959,"F"
"423","Tsholotsho",2018,"04",0.204778611255629,0.333345681124169,0.113727596316883,"G"
"424","Tsholotsho",2018,"05",0.113495210897454,0.121728982518877,0.108453877786329,"H"
"425","Umguza",2017,"10",0.1399572544712,0.222672927667874,0.102472656426332,"A"
"426","Umguza",2017,"11",0.298220494241057,0.541210896514487,0.115718454674309,"B"
"427","Umguza",2017,"12",0.248533307275411,0.414701252951661,0.136930068584025,"C"
"428","Umguza",2018,"01",0.165947989559296,0.281645894816447,0.102789525876541,"D"
"429","Umguza",2018,"02",0.708390266828811,0.980777851334641,0.453739496089407,"E"
"430","Umguza",2018,"03",0.448183535274085,0.912760437834422,0.200340450132331,"F"
"431","Umguza",2018,"04",0.233535141556406,0.353084569811514,0.12519430159883,"G"
"432","Umguza",2018,"05",0.117161638086188,0.125927614783998,0.110963623823347,"H"
"433","UMP",2017,"10",0.114745799078339,0.127205455509209,0.110440298376024,"A"
"434","UMP",2017,"11",0.26617260447166,0.484981399522516,0.107584707431649,"B"
"435","UMP",2017,"12",0.39435508711176,0.672266712394518,0.239446162957037,"C"
"436","UMP",2018,"01",0.301892868540033,0.542159326766447,0.154197390669166,"D"
"437","UMP",2018,"02",0.84343732161299,0.987464423655679,0.424821108702631,"E"
"438","UMP",2018,"03",0.805882019161444,0.996009003610736,0.563393968867819,"F"
"439","UMP",2018,"04",0.347365324865275,0.522948851625455,0.196463555903302,"G"
"440","UMP",2018,"05",0.150725931228001,0.186716741919788,0.123869134741718,"H"
"441","Umzingwane",2017,"10",0.132527528099063,0.173991768051746,0.0978446744579924,"A"
"442","Umzingwane",2017,"11",0.273815677564603,0.400625883826298,0.122798990444737,"B"
"443","Umzingwane",2017,"12",0.282778248383311,0.364977102102131,0.198864739346459,"C"
"444","Umzingwane",2018,"01",0.196569990643422,0.313559778815028,0.11198794909481,"D"
"445","Umzingwane",2018,"02",0.638386055403665,0.957174655374854,0.392282788006741,"E"
"446","Umzingwane",2018,"03",0.601797928977569,0.915516350472874,0.416593409360218,"F"
"447","Umzingwane",2018,"04",0.376586961810933,0.483173985848474,0.227956686608711,"G"
"448","Umzingwane",2018,"05",0.150188563662103,0.197995356434081,0.123160038185657,"H"
"449","Wedza",2017,"10",0.12356356815637,0.230995376453271,0.0962579519764725,"A"
"450","Wedza",2017,"11",0.547934999595736,0.874335065976387,0.138283144974655,"B"
"451","Wedza",2017,"12",0.600615290486973,0.858189393943735,0.459681567212926,"C"
"452","Wedza",2018,"01",0.431141723910255,0.679782525033694,0.210549689256557,"D"
"453","Wedza",2018,"02",0.945441970710322,0.998683009722842,0.793045217780254,"E"
"454","Wedza",2018,"03",0.817906772545635,0.998523461692536,0.611153324812517,"F"
"455","Wedza",2018,"04",0.633302890770318,0.744163234539631,0.423319579177908,"G"
"456","Wedza",2018,"05",0.274868633478989,0.375036942807014,0.212820405478168,"H"
"457","Zaka",2017,"10",0.150152544798676,0.361741968723534,0.0993309118060395,"A"
"458","Zaka",2017,"11",0.350048106116332,0.484392373330822,0.247295284883335,"B"
"459","Zaka",2017,"12",0.382007165714341,0.593760105918709,0.272477826148013,"C"
"460","Zaka",2018,"01",0.4068357279915,0.544422859296923,0.265686564096552,"D"
"461","Zaka",2018,"02",0.936045567751718,0.995563227514523,0.815790257560043,"E"
"462","Zaka",2018,"03",0.794882711166327,0.983045695765386,0.596579534285605,"F"
"463","Zaka",2018,"04",0.672929410250442,0.815498541931942,0.435814199508367,"G"
"464","Zaka",2018,"05",0.3509805902169,0.41573812549538,0.277844108297437,"H"
"465","Zvimba",2017,"10",0.102612655730833,0.123646862113603,0.0930989155512793,"A"
"466","Zvimba",2017,"11",0.359669173973302,0.569148106380887,0.104431236209035,"B"
"467","Zvimba",2017,"12",0.5155912094864,0.752174212518817,0.404021542969556,"C"
"468","Zvimba",2018,"01",0.451792094750842,0.667097703737494,0.315803397640312,"D"
"469","Zvimba",2018,"02",0.921972445570872,0.99580127976812,0.631396678843812,"E"
"470","Zvimba",2018,"03",0.869285665307479,0.997354619215935,0.720745964073989,"F"
"471","Zvimba",2018,"04",0.555328054064594,0.704733125777055,0.382142558891656,"G"
"472","Zvimba",2018,"05",0.26222431562437,0.342605275443388,0.196540772080171,"H"
"473","Zvishavane",2017,"10",0.138496534274965,0.2580492674806,0.0951588462501581,"A"
"474","Zvishavane",2017,"11",0.269033293744282,0.418491474362135,0.14287566437264,"B"
"475","Zvishavane",2017,"12",0.251284191737131,0.358931722334399,0.176411243338424,"C"
"476","Zvishavane",2018,"01",0.206281040317742,0.295490549029087,0.114435294800224,"D"
"477","Zvishavane",2018,"02",0.750117597685179,0.990470189895854,0.508471065451077,"E"
"478","Zvishavane",2018,"03",0.640777887715397,0.936711773828109,0.450718495905563,"F"
"479","Zvishavane",2018,"04",0.434764644228481,0.575462949724233,0.25635430062809,"G"
"480","Zvishavane",2018,"05",0.185596248702617,0.221334153556976,0.152663897568176,"H"
