"District","Year","AverageNDVI","MaxNDVI","MinNDVI"
"Beitbridge","2000",0.42144556159661,0.637420446,0.293001059
"Beitbridge","2001",0.402694569796089,0.617988591,0.259638569
"Beitbridge","2002",0.303773868569863,0.475478454,0.235971299
"Beitbridge","2003",0.348489705517808,0.456110254,0.23373878
"Beitbridge","2004",0.363072473040984,0.567576777,0.2469541
"Beitbridge","2005",0.292449936673973,0.403582591,0.223615877
"Beitbridge","2006",0.337045474230137,0.520528731,0.227583005
"Beitbridge","2007",0.353712166158904,0.56571953,0.234836528
"Beitbridge","2008",0.312980006013661,0.567199689,0.229451016
"Beitbridge","2009",0.372111347772603,0.622343127,0.236253932
"Beitbridge","2010",0.364593055509589,0.492534443,0.237164506
"Beitbridge","2011",0.347984037476712,0.571133447,0.234792402
"Beitbridge","2012",0.298137379789617,0.436687197,0.230350861
"Beitbridge","2013",0.348842064769863,0.509040333,0.23030542
"Beitbridge","2014",0.381110100361644,0.609223836,0.252034586
"Beitbridge","2015",0.350793495841096,0.519718442,0.266546582
"Beitbridge","2016",0.319137543032787,0.496243481,0.219614921
"Beitbridge","2017",0.390644444969863,0.647792743,0.262767889
"Beitbridge","2018",0.361746039583562,0.532388791,0.241817629
"Beitbridge","2019",0.311461865326027,0.479320198,0.230363812
"Beitbridge","2020",0.307100705180328,0.504200456,0.219199401
"Beitbridge","2021",0.437018399489011,0.677121361,0.272435168
"Bikita","2000",0.482233453922034,0.700926516,0.338222233
"Bikita","2001",0.49601830819888,0.707670826,0.317000918
"Bikita","2002",0.419459856375342,0.644831453,0.289212177
"Bikita","2003",0.485269012493151,0.639510024,0.338791415
"Bikita","2004",0.446294967726776,0.646967983,0.303096718
"Bikita","2005",0.38906150049589,0.602571233,0.268880764
"Bikita","2006",0.474695473515068,0.688182991,0.304043459
"Bikita","2007",0.440066875953425,0.684983062,0.29234261
"Bikita","2008",0.423067189226776,0.691499929,0.30312414
"Bikita","2009",0.442549031569863,0.614449814,0.293415586
"Bikita","2010",0.429988697482192,0.573157355,0.288467319
"Bikita","2011",0.416235789358904,0.645394813,0.281933978
"Bikita","2012",0.404291866021858,0.577223614,0.293620472
"Bikita","2013",0.432111604241096,0.598597717,0.286849695
"Bikita","2014",0.468646004326027,0.652207328,0.305114325
"Bikita","2015",0.428906344,0.627924957,0.292170491
"Bikita","2016",0.402871717226776,0.565382318,0.267937327
"Bikita","2017",0.498211598526027,0.672389953,0.320058573
"Bikita","2018",0.463340959191781,0.66484483,0.312556815
"Bikita","2019",0.459341111013699,0.618355798,0.316634612
"Bikita","2020",0.440959096051913,0.618224295,0.272061957
"Bikita","2021",0.487547644549451,0.696270721,0.336320074
"Bindura","2000",0.497287973779661,0.705384875,0.323159668
"Bindura","2001",0.506289588323529,0.762111445,0.34041661
"Bindura","2002",0.47260998970411,0.683668184,0.303099506
"Bindura","2003",0.489241160164384,0.700073197,0.31296186
"Bindura","2004",0.50388025147541,0.700210242,0.311797824
"Bindura","2005",0.459963872961644,0.684286734,0.288214929
"Bindura","2006",0.513310645684931,0.741699021,0.323991866
"Bindura","2007",0.495370930057534,0.719752864,0.308193862
"Bindura","2008",0.488189906706849,0.722657004,0.318351841
"Bindura","2009",0.505643676627397,0.712850228,0.314454183
"Bindura","2010",0.516077577021918,0.736929538,0.309776117
"Bindura","2011",0.501978719246575,0.738495577,0.312780221
"Bindura","2012",0.494641399344262,0.730681543,0.306499923
"Bindura","2013",0.488282685786301,0.746989438,0.30539567
"Bindura","2014",0.474228689561644,0.74306827,0.306396935
"Bindura","2015",0.495076534347945,0.735544143,0.312094149
"Bindura","2016",0.488802464368852,0.725538165,0.298906793
"Bindura","2017",0.536893579750685,0.753839592,0.333490269
"Bindura","2018",0.501800758972603,0.744698576,0.313472082
"Bindura","2019",0.471983269769863,0.738443725,0.286051567
"Bindura","2020",0.469310694871585,0.729052704,0.302257066
"Bindura","2021",0.506913245313187,0.76335163,0.315946715
"Binga","2000",0.439384105237288,0.655579052,0.266886347
"Binga","2001",0.451223231097765,0.633246047,0.287838262
"Binga","2002",0.397808009624658,0.624752618,0.238716268
"Binga","2003",0.384965373493151,0.605772483,0.240017074
"Binga","2004",0.414067958743169,0.637684739,0.260576402
"Binga","2005",0.372366186772603,0.626564617,0.245411246
"Binga","2006",0.442929777761644,0.683099076,0.278870255
"Binga","2007",0.395787996350685,0.637854687,0.246154589
"Binga","2008",0.430708958237705,0.655241282,0.107384951
"Binga","2009",0.447702004780822,0.675917653,0.261454286
"Binga","2010",0.455173606580822,0.658927859,0.271516251
"Binga","2011",0.438123700465753,0.680642254,0.272833122
"Binga","2012",0.40505634010929,0.644128036,0.258632642
"Binga","2013",0.41840044510411,0.685607072,0.25797648
"Binga","2014",0.44033384970137,0.70181132,0.257616109
"Binga","2015",0.413264035136986,0.662728945,0.258794869
"Binga","2016",0.392620408251366,0.620944037,0.255981527
"Binga","2017",0.460371246024658,0.677625249,0.284230693
"Binga","2018",0.431346735939726,0.644735521,0.280623446
"Binga","2019",0.391903943764384,0.659387853,0.259227777
"Binga","2020",0.408034328371585,0.634204408,0.260411715
"Binga","2021",0.429422777057692,0.688028798,0.278550401
"Bubi","2000",0.461394251338983,0.660368082,0.31011146
"Bubi","2001",0.489729112419718,0.662650734,0.308846469
"Bubi","2002",0.42601274349589,0.641108648,0.284709947
"Bubi","2003",0.421188914375342,0.593820069,0.280134159
"Bubi","2004",0.45906063639071,0.648374429,0.289175702
"Bubi","2005",0.426162223852055,0.653165981,0.270610892
"Bubi","2006",0.502464236339726,0.722530781,0.306712924
"Bubi","2007",0.419693935287671,0.635483204,0.284386047
"Bubi","2008",0.454375576879781,0.676930358,0.295656132
"Bubi","2009",0.48727573090411,0.692582835,0.306309865
"Bubi","2010",0.464636417556164,0.64790746,0.285953034
"Bubi","2011",0.453169788989041,0.677524261,0.290811909
"Bubi","2012",0.405912731043716,0.604896171,0.286852762
"Bubi","2013",0.403611956630137,0.603238969,0.28020285
"Bubi","2014",0.453672237279452,0.666319221,0.294279586
"Bubi","2015",0.432415572424658,0.622573647,0.282367844
"Bubi","2016",0.420388901065574,0.635174767,0.281002105
"Bubi","2017",0.51105180649863,0.690023853,0.327045052
"Bubi","2018",0.456784472646575,0.668435931,0.305797994
"Bubi","2019",0.419947716046575,0.627795786,0.286961082
"Bubi","2020",0.437995389489071,0.636222737,0.295145601
"Bubi","2021",0.477054237340659,0.708476692,0.310163804
"Buhera","2000",0.360502145545763,0.540383254,0.259867776
"Buhera","2001",0.373493408108939,0.538469682,0.256549484
"Buhera","2002",0.325389775008219,0.482192716,0.233483845
"Buhera","2003",0.335830328257534,0.482895935,0.245776183
"Buhera","2004",0.331324416786885,0.49042656,0.23694448
"Buhera","2005",0.298202565720548,0.447529263,0.220935655
"Buhera","2006",0.35076676750411,0.518044591,0.247096719
"Buhera","2007",0.337249293493151,0.463456714,0.239943477
"Buhera","2008",0.321054282368852,0.500771702,0.247099829
"Buhera","2009",0.332586494484931,0.451386563,0.232318844
"Buhera","2010",0.337682856967123,0.476033966,0.241099853
"Buhera","2011",0.317721303156164,0.471068259,0.228327974
"Buhera","2012",0.313295380289618,0.43056845,0.236448981
"Buhera","2013",0.321603811372603,0.443549409,0.228853559
"Buhera","2014",0.333916412575342,0.49412365,0.234254052
"Buhera","2015",0.339789449169863,0.44130836,0.243372496
"Buhera","2016",0.316348281827869,0.445709552,0.232322701
"Buhera","2017",0.373436533747945,0.52590308,0.254221261
"Buhera","2018",0.356817826013699,0.524249126,0.253758025
"Buhera","2019",0.347759810887671,0.45939302,0.249636071
"Buhera","2020",0.320518882538251,0.454609825,0.220142806
"Buhera","2021",0.363114077134615,0.541419904,0.255414979
"Bulawayo","2000",0.399053520254237,0.637109688,0.281138964
"Bulawayo","2001",0.429399705194366,0.667086467,0.263770137
"Bulawayo","2002",0.346905196868493,0.537929174,0.249636861
"Bulawayo","2003",0.340156935145206,0.499033126,0.234768726
"Bulawayo","2004",0.384209345696721,0.624684039,0.253720922
"Bulawayo","2005",0.343988070849315,0.550317847,0.229396422
"Bulawayo","2006",0.435543118835616,0.692521912,0.266616375
"Bulawayo","2007",0.373794480660274,0.671236361,0.243961707
"Bulawayo","2008",0.383991539229508,0.626540428,0.249205824
"Bulawayo","2009",0.419078235912329,0.616884398,0.264036932
"Bulawayo","2010",0.417945667578082,0.567910817,0.264107988
"Bulawayo","2011",0.394424228019178,0.643026388,0.25415915
"Bulawayo","2012",0.338979946644809,0.522844662,0.246170737
"Bulawayo","2013",0.358691358515069,0.533595793,0.245223723
"Bulawayo","2014",0.406633129139726,0.640607755,0.258298792
"Bulawayo","2015",0.376300807742466,0.574292087,0.245640646
"Bulawayo","2016",0.342585042262295,0.580360915,0.235736875
"Bulawayo","2017",0.437458760156164,0.667854414,0.277959174
"Bulawayo","2018",0.380075853358543,0.608946879,0.256539456
"Bulawayo","2019",0.351974479726027,0.539353738,0.243085478
"Bulawayo","2020",0.369476754765027,0.597844609,0.245128205
"Bulawayo","2021",0.412569943043956,0.680748869,0.273817897
"Bulilima (North)","2000",0.410046568237288,0.593874678,0.283187394
"Bulilima (North)","2001",0.419564545980501,0.591131161,0.274557004
"Bulilima (North)","2002",0.345232338569863,0.488223184,0.253166281
"Bulilima (North)","2003",0.328677831356164,0.443130714,0.23317311
"Bulilima (North)","2004",0.397419986997268,0.559475847,0.261762195
"Bulilima (North)","2005",0.364662121736986,0.530919043,0.248428727
"Bulilima (North)","2006",0.451155871868493,0.660703186,0.285942107
"Bulilima (North)","2007",0.387619178638356,0.54982742,0.268588387
"Bulilima (North)","2008",0.384436342270492,0.57101614,0.265021753
"Bulilima (North)","2009",0.419985596391781,0.601401662,0.275013166
"Bulilima (North)","2010",0.398158815410959,0.528754072,0.264989039
"Bulilima (North)","2011",0.384547784989041,0.551828456,0.262840726
"Bulilima (North)","2012",0.359327417303279,0.516788043,0.267302209
"Bulilima (North)","2013",0.354764820035616,0.503519144,0.249082868
"Bulilima (North)","2014",0.415382001583562,0.607492508,0.272769341
"Bulilima (North)","2015",0.371060506473973,0.515362515,0.253319511
"Bulilima (North)","2016",0.373875905226776,0.539283619,0.257318857
"Bulilima (North)","2017",0.448356449161644,0.639136998,0.29316824
"Bulilima (North)","2018",0.400509522032877,0.596763039,0.27184223
"Bulilima (North)","2019",0.374654494035616,0.568492177,0.260162387
"Bulilima (North)","2020",0.37339151326776,0.563508315,0.258444483
"Bulilima (North)","2021",0.432847772730769,0.642356372,0.286687275
"Centenary","2000",0.434515443827119,0.673054534,0.27907915
"Centenary","2001",0.487993043623907,0.759524814,0.307733706
"Centenary","2002",0.43305515509863,0.689611252,0.278506805
"Centenary","2003",0.427702607879452,0.654808791,0.27673367
"Centenary","2004",0.463775025019126,0.697981398,0.278936406
"Centenary","2005",0.422856544282192,0.664093017,0.265263854
"Centenary","2006",0.479559443309589,0.728206128,0.284065993
"Centenary","2007",0.439325266229282,0.714744328,0.27123636
"Centenary","2008",0.461789646182825,0.687383404,0.293105078
"Centenary","2009",0.487420776567123,0.718155507,0.294635471
"Centenary","2010",0.4568970454,0.725158342,0.281858758
"Centenary","2011",0.456398092624658,0.728635551,0.286818902
"Centenary","2012",0.45154884242623,0.694870254,0.271584527
"Centenary","2013",0.450154550326027,0.749097191,0.29042641
"Centenary","2014",0.463926253646575,0.736002834,0.287529908
"Centenary","2015",0.486599297109589,0.731619459,0.289478789
"Centenary","2016",0.427149576142076,0.65387362,0.270805556
"Centenary","2017",0.516288563564384,0.734318033,0.308355359
"Centenary","2018",0.47107457929589,0.720002728,0.293155857
"Centenary","2019",0.450602354536986,0.719937242,0.282927143
"Centenary","2020",0.442208786084699,0.673642935,0.289672468
"Centenary","2021",0.476773819288462,0.747768293,0.298408119
"Chegutu","2000",0.460525378288136,0.630835957,0.319838785
"Chegutu","2001",0.469187341530726,0.63499083,0.312437571
"Chegutu","2002",0.412543071879452,0.604882896,0.277087974
"Chegutu","2003",0.435987534082192,0.613705517,0.289724146
"Chegutu","2004",0.458912148043716,0.644249886,0.292232126
"Chegutu","2005",0.405581647194521,0.62119658,0.258778737
"Chegutu","2006",0.462629941424658,0.690272787,0.288177559
"Chegutu","2007",0.421852672624658,0.60952491,0.267948448
"Chegutu","2008",0.43479129897541,0.650381753,0.285790871
"Chegutu","2009",0.472807535079452,0.657849251,0.301401614
"Chegutu","2010",0.455359818638356,0.627322224,0.275967961
"Chegutu","2011",0.438586383386301,0.65427646,0.278841731
"Chegutu","2012",0.441750899306011,0.652316154,0.289598816
"Chegutu","2013",0.427751371405479,0.63844236,0.276231219
"Chegutu","2014",0.444102756284932,0.697151559,0.281305513
"Chegutu","2015",0.44277236439726,0.632563731,0.289619189
"Chegutu","2016",0.433158358901639,0.645747877,0.271015937
"Chegutu","2017",0.495064767463014,0.709609291,0.314187415
"Chegutu","2018",0.4686191248,0.665053257,0.304360665
"Chegutu","2019",0.441241941013699,0.691407671,0.280854584
"Chegutu","2020",0.433794719532787,0.644812916,0.279486329
"Chegutu","2021",0.464193002936813,0.706207544,0.304253741
"Chikomba","2000",0.428622018783051,0.580430521,0.30299729
"Chikomba","2001",0.437987102064607,0.58216147,0.303124643
"Chikomba","2002",0.398943574561644,0.573794013,0.291677533
"Chikomba","2003",0.404895078452055,0.543183211,0.291103342
"Chikomba","2004",0.427452566551913,0.577652867,0.299453527
"Chikomba","2005",0.382796360712329,0.547895426,0.265045792
"Chikomba","2006",0.433193125279452,0.597402569,0.297873531
"Chikomba","2007",0.404527772049315,0.559046936,0.272448899
"Chikomba","2008",0.403115187062842,0.597966076,0.295523254
"Chikomba","2009",0.428012155920548,0.587479322,0.291246477
"Chikomba","2010",0.435245767641096,0.573894072,0.285225646
"Chikomba","2011",0.416813953624658,0.609082337,0.281949969
"Chikomba","2012",0.404018312202186,0.564786008,0.28618156
"Chikomba","2013",0.401901183257534,0.55788252,0.282795127
"Chikomba","2014",0.421648582715068,0.604295581,0.293076754
"Chikomba","2015",0.422691014791781,0.568399664,0.310168378
"Chikomba","2016",0.400889906986339,0.557860291,0.284007799
"Chikomba","2017",0.462560284441096,0.641805671,0.313651076
"Chikomba","2018",0.444675419115068,0.611372145,0.324142134
"Chikomba","2019",0.422390555205479,0.563530366,0.294242752
"Chikomba","2020",0.417487571333333,0.575984565,0.284255348
"Chikomba","2021",0.45405458189011,0.655676917,0.316011447
"Chimanimani","2000",0.594905938722034,0.711384297,0.462075195
"Chimanimani","2001",0.605032291282913,0.723458414,0.413575043
"Chimanimani","2002",0.592433571786301,0.715111413,0.483967475
"Chimanimani","2003",0.588413061690411,0.701750037,0.469693009
"Chimanimani","2004",0.588529705393443,0.72671469,0.464416519
"Chimanimani","2005",0.552230016668493,0.682094579,0.424465666
"Chimanimani","2006",0.586314692147945,0.736214739,0.43826962
"Chimanimani","2007",0.583391710643836,0.712048305,0.447006829
"Chimanimani","2008",0.567453007420765,0.729688537,0.446309371
"Chimanimani","2009",0.600618937983562,0.717578527,0.461416418
"Chimanimani","2010",0.594918097989041,0.708046882,0.454300154
"Chimanimani","2011",0.584616505657534,0.733876558,0.447868348
"Chimanimani","2012",0.56438944673224,0.700609234,0.430955888
"Chimanimani","2013",0.599085156745205,0.718589147,0.45094079
"Chimanimani","2014",0.586717693569863,0.725840827,0.441103682
"Chimanimani","2015",0.57961313540274,0.700655833,0.43394315
"Chimanimani","2016",0.563302490480874,0.691484545,0.429380892
"Chimanimani","2017",0.623638207567123,0.740216684,0.475372092
"Chimanimani","2018",0.601265184035616,0.743654138,0.472834533
"Chimanimani","2019",0.588132935671233,0.706092207,0.454840542
"Chimanimani","2020",0.577822660527322,0.705649139,0.427374741
"Chimanimani","2021",0.603901362041209,0.739643608,0.483045624
"Chipinge","2000",0.540524533071186,0.695245668,0.407329647
"Chipinge","2001",0.549570946569832,0.713512786,0.400914723
"Chipinge","2002",0.474466071142466,0.653778549,0.353716832
"Chipinge","2003",0.53859065090137,0.675579248,0.406986387
"Chipinge","2004",0.50494757947541,0.715308707,0.352526726
"Chipinge","2005",0.44798316060274,0.620562541,0.305608378
"Chipinge","2006",0.514892664,0.724566314,0.344643585
"Chipinge","2007",0.478400027147945,0.663603279,0.326159345
"Chipinge","2008",0.469123423800546,0.69639253,0.327124856
"Chipinge","2009",0.519705538717808,0.691715573,0.358513295
"Chipinge","2010",0.508672905479452,0.672820383,0.343706358
"Chipinge","2011",0.48087330009589,0.698836012,0.334743835
"Chipinge","2012",0.452963146819672,0.598145629,0.329286733
"Chipinge","2013",0.499092252747945,0.663717613,0.335910753
"Chipinge","2014",0.527049046860274,0.708105766,0.350498402
"Chipinge","2015",0.455175274410959,0.653311627,0.316145036
"Chipinge","2016",0.444052575803279,0.615604684,0.297023835
"Chipinge","2017",0.564305704191781,0.736847175,0.380605927
"Chipinge","2018",0.515763396660274,0.71587691,0.350707846
"Chipinge","2019",0.501235017983562,0.674670538,0.355528626
"Chipinge","2020",0.49524380479235,0.663553043,0.278323226
"Chipinge","2021",0.547349838887363,0.737605822,0.396714116
"Chiredzi","2000",0.51402212639322,0.70109886,0.346062582
"Chiredzi","2001",0.519498867731844,0.721823207,0.33279958
"Chiredzi","2002",0.398627153808219,0.647005196,0.304972155
"Chiredzi","2003",0.491404563586301,0.623489609,0.318528594
"Chiredzi","2004",0.479842057349727,0.693864142,0.29731338
"Chiredzi","2005",0.392121448038356,0.584183432,0.268801583
"Chiredzi","2006",0.451674250994521,0.669559172,0.283630943
"Chiredzi","2007",0.440212850468493,0.654493512,0.280031601
"Chiredzi","2008",0.432056862808743,0.696926259,0.294852146
"Chiredzi","2009",0.482288611446575,0.675134339,0.29259264
"Chiredzi","2010",0.483304376479452,0.64245864,0.301524421
"Chiredzi","2011",0.441411149646575,0.656114452,0.28041166
"Chiredzi","2012",0.397031073737705,0.561850002,0.290409119
"Chiredzi","2013",0.436761908435616,0.590759461,0.289623076
"Chiredzi","2014",0.485591995167123,0.688021439,0.302579871
"Chiredzi","2015",0.415723366008219,0.653189591,0.292306665
"Chiredzi","2016",0.395016235756831,0.578640435,0.258449212
"Chiredzi","2017",0.526867132734247,0.724818976,0.326795188
"Chiredzi","2018",0.464722501186301,0.674144422,0.292899498
"Chiredzi","2019",0.413903282345205,0.619751393,0.283555149
"Chiredzi","2020",0.426916121295082,0.625873074,0.306360494
"Chiredzi","2021",0.508665024010989,0.724501828,0.32001426
"Chirumhanzu","2000",0.439668824115254,0.575060072,0.317804813
"Chirumhanzu","2001",0.452612299028249,0.585528471,0.314490966
"Chirumhanzu","2002",0.407255606273973,0.569747598,0.308215134
"Chirumhanzu","2003",0.416589995950685,0.53296843,0.307357509
"Chirumhanzu","2004",0.439231771833333,0.566862955,0.325138731
"Chirumhanzu","2005",0.386262231821918,0.542755884,0.277483468
"Chirumhanzu","2006",0.442698303591781,0.606455168,0.312645812
"Chirumhanzu","2007",0.408383295487671,0.543453544,0.289903196
"Chirumhanzu","2008",0.414853711778689,0.596759621,0.314448065
"Chirumhanzu","2009",0.426372189654795,0.580870971,0.2986338
"Chirumhanzu","2010",0.440325916465753,0.55813363,0.300529024
"Chirumhanzu","2011",0.417055070915068,0.598476383,0.293968549
"Chirumhanzu","2012",0.40689578618306,0.55821891,0.299200579
"Chirumhanzu","2013",0.398232155178082,0.553019369,0.288371912
"Chirumhanzu","2014",0.416061106213699,0.578676245,0.301568514
"Chirumhanzu","2015",0.407051975347945,0.534286596,0.296663371
"Chirumhanzu","2016",0.401086235273224,0.559844242,0.289409726
"Chirumhanzu","2017",0.472892745093151,0.635048961,0.327691435
"Chirumhanzu","2018",0.437644453347945,0.613685269,0.327230205
"Chirumhanzu","2019",0.407156795890411,0.552619323,0.29013737
"Chirumhanzu","2020",0.403312319163934,0.560699498,0.283230131
"Chirumhanzu","2021",0.463002816629121,0.648013009,0.331427862
"Chivi","2000",0.429593427152542,0.625408111,0.314685398
"Chivi","2001",0.437141275153631,0.614243785,0.284753929
"Chivi","2002",0.358783805523288,0.550162953,0.260494425
"Chivi","2003",0.417277587758904,0.545313966,0.302116088
"Chivi","2004",0.414197811713115,0.591905182,0.289054807
"Chivi","2005",0.353403317871233,0.500457461,0.246763538
"Chivi","2006",0.443913364421918,0.629196809,0.281939242
"Chivi","2007",0.404754197643836,0.566654929,0.255474059
"Chivi","2008",0.384458646934426,0.579877882,0.273457638
"Chivi","2009",0.415236957753425,0.595242407,0.28116618
"Chivi","2010",0.423259137942466,0.569396583,0.286555373
"Chivi","2011",0.377860509654795,0.603260464,0.261401295
"Chivi","2012",0.348972240043716,0.49638564,0.256940081
"Chivi","2013",0.346503096093151,0.467260296,0.246634262
"Chivi","2014",0.428200023339726,0.604172408,0.289293369
"Chivi","2015",0.374324028569863,0.528791023,0.279564145
"Chivi","2016",0.361149095396175,0.552108799,0.239397088
"Chivi","2017",0.463448554268493,0.63760105,0.305288728
"Chivi","2018",0.417459955509589,0.59104562,0.295926491
"Chivi","2019",0.37745153279726,0.548330728,0.270388599
"Chivi","2020",0.385888629385246,0.53948121,0.24164856
"Chivi","2021",0.448726102914835,0.641588023,0.303604122
"Gokwe North","2000",0.434351831908475,0.66362217,0.259342729
"Gokwe North","2001",0.465202186699164,0.667280478,0.276016478
"Gokwe North","2002",0.381961340950685,0.604280128,0.248240122
"Gokwe North","2003",0.394009457243836,0.617294856,0.258616352
"Gokwe North","2004",0.44370342234153,0.658800265,0.265020139
"Gokwe North","2005",0.387667586942466,0.655506928,0.243697162
"Gokwe North","2006",0.468508629846575,0.712902333,0.281902486
"Gokwe North","2007",0.411904413413699,0.652191433,0.254894449
"Gokwe North","2008",0.44987724952459,0.687708861,0.263793863
"Gokwe North","2009",0.471831214224658,0.680122525,0.272477562
"Gokwe North","2010",0.462901610931507,0.674044074,0.272033798
"Gokwe North","2011",0.453076578126027,0.703100521,0.273327464
"Gokwe North","2012",0.434879645912568,0.665653428,0.275784303
"Gokwe North","2013",0.423218711739726,0.694992009,0.270758564
"Gokwe North","2014",0.444234587153425,0.708868938,0.264008765
"Gokwe North","2015",0.438984044821918,0.662082672,0.263573353
"Gokwe North","2016",0.434251537715847,0.668214315,0.266706168
"Gokwe North","2017",0.497631783786301,0.729986638,0.294232654
"Gokwe North","2018",0.45463132860274,0.695296192,0.278643598
"Gokwe North","2019",0.394682508238356,0.657514336,0.252892977
"Gokwe North","2020",0.417332960032787,0.662388993,0.268979517
"Gokwe North","2021",0.461857836357143,0.72285353,0.29029897
"Gokwe South","2000",0.4389482538,0.632434503,0.297608656
"Gokwe South","2001",0.461347970197772,0.680193661,0.30746813
"Gokwe South","2002",0.405143420983562,0.578638979,0.286024727
"Gokwe South","2003",0.40110612750137,0.585394284,0.271446721
"Gokwe South","2004",0.438711872363388,0.609170427,0.285087984
"Gokwe South","2005",0.395089574627397,0.588160334,0.267950948
"Gokwe South","2006",0.456610120339726,0.658390027,0.292878866
"Gokwe South","2007",0.400318996619178,0.552916618,0.276146579
"Gokwe South","2008",0.438474693286885,0.62970636,0.294766588
"Gokwe South","2009",0.457945611383562,0.645531141,0.303111808
"Gokwe South","2010",0.452883415416438,0.644548573,0.292301087
"Gokwe South","2011",0.438506193224658,0.637789035,0.290454025
"Gokwe South","2012",0.418288450846995,0.614279718,0.293486131
"Gokwe South","2013",0.428677736717808,0.626042444,0.2908682
"Gokwe South","2014",0.437901430860274,0.645629959,0.290006039
"Gokwe South","2015",0.417437430879452,0.602187862,0.282388134
"Gokwe South","2016",0.41964209831694,0.640850554,0.279315951
"Gokwe South","2017",0.471014823912329,0.660639624,0.311475836
"Gokwe South","2018",0.43731098479726,0.630929242,0.295743487
"Gokwe South","2019",0.408762254654795,0.632270458,0.276666078
"Gokwe South","2020",0.421157227453552,0.622285719,0.279998745
"Gokwe South","2021",0.449718453175824,0.664267089,0.307542489
"Goromonzi","2000",0.464798304471186,0.617722434,0.340134008
"Goromonzi","2001",0.45935463847619,0.626387566,0.33403498
"Goromonzi","2002",0.433713448082192,0.615785882,0.302785686
"Goromonzi","2003",0.449218930873973,0.61452227,0.319247645
"Goromonzi","2004",0.470632580595628,0.649275264,0.318568888
"Goromonzi","2005",0.444518045054795,0.641202182,0.29720055
"Goromonzi","2006",0.473826018515069,0.681120771,0.320257328
"Goromonzi","2007",0.460745918769863,0.659280826,0.304814517
"Goromonzi","2008",0.452723492172131,0.65992692,0.31408209
"Goromonzi","2009",0.471505554052055,0.656025747,0.315441737
"Goromonzi","2010",0.488471753958904,0.664248269,0.313911074
"Goromonzi","2011",0.4766149942,0.68084532,0.312673685
"Goromonzi","2012",0.458924876349727,0.654789696,0.316345027
"Goromonzi","2013",0.460301480641096,0.657669104,0.307172973
"Goromonzi","2014",0.451468803356164,0.668416035,0.312668925
"Goromonzi","2015",0.457439516547945,0.659024398,0.316209679
"Goromonzi","2016",0.462898228639344,0.655508807,0.300659558
"Goromonzi","2017",0.501583450523288,0.693127445,0.33628282
"Goromonzi","2018",0.479622546627397,0.677541979,0.33242079
"Goromonzi","2019",0.446839968813699,0.682518685,0.291402657
"Goromonzi","2020",0.43920480023224,0.660669529,0.295850459
"Goromonzi","2021",0.476041129054945,0.699227494,0.323779196
"Guruve","2000",0.44636139379322,0.6892848,0.276974064
"Guruve","2001",0.502374010968838,0.735834277,0.303599359
"Guruve","2002",0.449653533238356,0.705737557,0.275526767
"Guruve","2003",0.447147357687671,0.676209271,0.284180318
"Guruve","2004",0.471959194087432,0.694138258,0.281669307
"Guruve","2005",0.431345553383562,0.681119353,0.268996469
"Guruve","2006",0.486716340956164,0.733836894,0.291847921
"Guruve","2007",0.460743671416438,0.702866796,0.275748424
"Guruve","2008",0.487962163898907,0.739038651,0.296325424
"Guruve","2009",0.507105780372603,0.721264195,0.291973781
"Guruve","2010",0.474865731627397,0.743456036,0.284731827
"Guruve","2011",0.465052727265753,0.739724084,0.293187098
"Guruve","2012",0.445031087311475,0.690497987,0.272685059
"Guruve","2013",0.459308680578082,0.749142638,0.29243839
"Guruve","2014",0.468449359427397,0.74663843,0.286123433
"Guruve","2015",0.490500659435616,0.727740572,0.288314518
"Guruve","2016",0.436176047765027,0.65794353,0.275268311
"Guruve","2017",0.522641633849315,0.740671599,0.313239843
"Guruve","2018",0.487745240531507,0.721100917,0.290679286
"Guruve","2019",0.438154568893151,0.714655621,0.285077409
"Guruve","2020",0.440951861989071,0.676323659,0.29444247
"Guruve","2021",0.493103373843407,0.747125179,0.303866727
"Gutu","2000",0.400030717976271,0.540320946,0.291934498
"Gutu","2001",0.409665926126405,0.542138025,0.289188663
"Gutu","2002",0.370715603293151,0.533599211,0.27634329
"Gutu","2003",0.380126159232877,0.496581953,0.286013953
"Gutu","2004",0.388544820756831,0.524613003,0.287708119
"Gutu","2005",0.346357792260274,0.470104213,0.253016287
"Gutu","2006",0.405256704120548,0.55685705,0.287806035
"Gutu","2007",0.378927641041096,0.495364277,0.271299339
"Gutu","2008",0.369306088204918,0.541918648,0.286940454
"Gutu","2009",0.389374861884932,0.528436965,0.276742804
"Gutu","2010",0.398865855093151,0.521893146,0.28182031
"Gutu","2011",0.377691822210959,0.536704263,0.267031437
"Gutu","2012",0.364288235964481,0.506361443,0.274229471
"Gutu","2013",0.370340460641096,0.50483187,0.26708879
"Gutu","2014",0.389807247030137,0.541450692,0.285295796
"Gutu","2015",0.383184872671233,0.499686689,0.287448241
"Gutu","2016",0.360118714349727,0.498370609,0.267658352
"Gutu","2017",0.433694389745205,0.586371323,0.302677582
"Gutu","2018",0.408342003638356,0.565616446,0.301837763
"Gutu","2019",0.394844967367123,0.522564701,0.286328241
"Gutu","2020",0.376101131259563,0.51655762,0.263881361
"Gutu","2021",0.422316315629121,0.602049944,0.301128542
"Gwanda","2000",0.444091055064407,0.643963797,0.331955098
"Gwanda","2001",0.447051584740947,0.651108617,0.275745918
"Gwanda","2002",0.344009741287671,0.543079539,0.261497453
"Gwanda","2003",0.371920722583562,0.494155527,0.250340514
"Gwanda","2004",0.412502488010929,0.615911558,0.272237269
"Gwanda","2005",0.347264543978082,0.505769173,0.250140993
"Gwanda","2006",0.405645242893151,0.613124243,0.259983426
"Gwanda","2007",0.403873358945205,0.596954146,0.263958486
"Gwanda","2008",0.370730715677596,0.611179758,0.255371369
"Gwanda","2009",0.410499203076712,0.639190099,0.259120695
"Gwanda","2010",0.403347616358904,0.544715267,0.263945404
"Gwanda","2011",0.387758116956164,0.632194232,0.258451586
"Gwanda","2012",0.33561001334153,0.533230007,0.256855405
"Gwanda","2013",0.354590411482192,0.478660055,0.243873538
"Gwanda","2014",0.420143258750685,0.669684867,0.275574471
"Gwanda","2015",0.37631644310411,0.572657666,0.270359054
"Gwanda","2016",0.364742335057377,0.542545804,0.243245395
"Gwanda","2017",0.446042713180822,0.664834716,0.28953188
"Gwanda","2018",0.409478081819178,0.601647848,0.267476423
"Gwanda","2019",0.361724389065753,0.542873033,0.258183863
"Gwanda","2020",0.362328969120219,0.549381474,0.234391409
"Gwanda","2021",0.457495325826923,0.68342831,0.296160311
"Gweru","2000",0.440299650044068,0.609655113,0.314014913
"Gweru","2001",0.451370101700565,0.615974906,0.300623981
"Gweru","2002",0.390027265315068,0.604979695,0.280793273
"Gweru","2003",0.395733756860274,0.54271719,0.273997913
"Gweru","2004",0.436498607218579,0.585486334,0.304851108
"Gweru","2005",0.39341325849863,0.567377174,0.259748722
"Gweru","2006",0.457491414652055,0.645271826,0.300370819
"Gweru","2007",0.407923978479452,0.583157329,0.279975312
"Gweru","2008",0.421382841409836,0.608274625,0.295986545
"Gweru","2009",0.4534553308,0.633743526,0.302474027
"Gweru","2010",0.447867212531507,0.582671636,0.292401187
"Gweru","2011",0.426580156810959,0.622491954,0.286056192
"Gweru","2012",0.384908167021858,0.548567542,0.276075394
"Gweru","2013",0.377058878041096,0.558728562,0.260636939
"Gweru","2014",0.417764868816438,0.611290146,0.285731741
"Gweru","2015",0.407060721043836,0.569744243,0.274019547
"Gweru","2016",0.402196833480874,0.606324348,0.27277972
"Gweru","2017",0.476515606356164,0.654618738,0.312228154
"Gweru","2018",0.423836063227397,0.620977868,0.294542824
"Gweru","2019",0.380665332668493,0.564623588,0.256935959
"Gweru","2020",0.395652257795082,0.592175897,0.261254409
"Gweru","2021",0.456913732648352,0.666575632,0.309831076
"Harare","2000",0.442465167281356,0.570650167,0.333939404
"Harare","2001",0.432600324517857,0.598601162,0.316151426
"Harare","2002",0.407860806435616,0.583740324,0.298198189
"Harare","2003",0.426390127980822,0.575136084,0.300845251
"Harare","2004",0.435247010136612,0.650206901,0.302270071
"Harare","2005",0.414771998241096,0.612523174,0.29291238
"Harare","2006",0.445822437684932,0.769029915,0.302089585
"Harare","2007",0.425844555912329,0.61833852,0.289030758
"Harare","2008",0.422055299434426,0.656750923,0.30195406
"Harare","2009",0.440117678084932,0.632438942,0.30280695
"Harare","2010",0.448341532912329,0.618116736,0.293066139
"Harare","2011",0.433908676989041,0.636783586,0.290981615
"Harare","2012",0.430999937076503,0.601312574,0.292285273
"Harare","2013",0.424435536378082,0.611958812,0.299214011
"Harare","2014",0.40598461019726,0.610583026,0.281597175
"Harare","2015",0.412435389824658,0.570275744,0.298381576
"Harare","2016",0.412716161057377,0.590306081,0.282676615
"Harare","2017",0.446157694610959,0.620085106,0.311714938
"Harare","2018",0.429653764553425,0.608956669,0.304912518
"Harare","2019",0.394839757172603,0.606049647,0.26960646
"Harare","2020",0.382499945153005,0.613625722,0.265233831
"Harare","2021",0.416734136637363,0.613130154,0.289209455
"Hurungwe","2000",0.458235969891525,0.724824917,0.287549502
"Hurungwe","2001",0.509519490381616,0.70695798,0.307939672
"Hurungwe","2002",0.470199791750685,0.713760106,0.281304532
"Hurungwe","2003",0.483623988328767,0.692630228,0.296735199
"Hurungwe","2004",0.500646481101093,0.708412074,0.293279269
"Hurungwe","2005",0.439233212378082,0.69952775,0.271759209
"Hurungwe","2006",0.498626167315068,0.747851707,0.293157385
"Hurungwe","2007",0.476945313712329,0.717353481,0.278157071
"Hurungwe","2008",0.506286342273224,0.747460703,0.299321874
"Hurungwe","2009",0.532713052457534,0.757739368,0.310968241
"Hurungwe","2010",0.510637413109589,0.726015137,0.296112016
"Hurungwe","2011",0.482597434769863,0.767566801,0.297958672
"Hurungwe","2012",0.465158637685792,0.711239023,0.279694944
"Hurungwe","2013",0.471997368276712,0.748246459,0.293630992
"Hurungwe","2014",0.488308473347945,0.77422687,0.288746236
"Hurungwe","2015",0.496029874649315,0.743571589,0.29171957
"Hurungwe","2016",0.474246317155738,0.710433735,0.278953554
"Hurungwe","2017",0.548664250279452,0.758482908,0.318000155
"Hurungwe","2018",0.502012220783562,0.736848982,0.301063415
"Hurungwe","2019",0.436104077443836,0.711594061,0.270732821
"Hurungwe","2020",0.470101303021858,0.718383435,0.294737418
"Hurungwe","2021",0.498322914335165,0.774587529,0.308646454
"Hwange","2000",0.464477705864407,0.685993606,0.311807394
"Hwange","2001",0.499861054125348,0.686530659,0.30609172
"Hwange","2002",0.411480556980822,0.623258249,0.283068756
"Hwange","2003",0.38599348649863,0.559581085,0.256935044
"Hwange","2004",0.467273115114754,0.660813887,0.295688978
"Hwange","2005",0.413708523219178,0.667561201,0.263067709
"Hwange","2006",0.498410632030137,0.726507317,0.310533243
"Hwange","2007",0.430956538030137,0.635588357,0.284225749
"Hwange","2008",0.472985751590164,0.724965719,0.298997403
"Hwange","2009",0.496723694315069,0.722292256,0.313332549
"Hwange","2010",0.491197250030137,0.664039264,0.304269471
"Hwange","2011",0.453977976180822,0.691824877,0.291596998
"Hwange","2012",0.426946899740437,0.66859502,0.287019787
"Hwange","2013",0.433798403438356,0.675363591,0.285618681
"Hwange","2014",0.472127699890411,0.696043173,0.296548579
"Hwange","2015",0.443868644558904,0.663629343,0.280867601
"Hwange","2016",0.427895483057377,0.655746853,0.279277142
"Hwange","2017",0.497325173443836,0.727752179,0.30908714
"Hwange","2018",0.467919823032877,0.681212504,0.301101866
"Hwange","2019",0.42706657970137,0.652439496,0.282953954
"Hwange","2020",0.44748056357377,0.681038092,0.286148691
"Hwange","2021",0.484906730667582,0.732739881,0.315118101
"Insiza","2000",0.436230658613559,0.618631861,0.314304765
"Insiza","2001",0.446848626209497,0.616481746,0.284723138
"Insiza","2002",0.359893701252055,0.58821077,0.257496845
"Insiza","2003",0.399156203939726,0.543605854,0.268250507
"Insiza","2004",0.426772986120219,0.597878713,0.287776213
"Insiza","2005",0.363293844865753,0.54468817,0.247879659
"Insiza","2006",0.453990097156164,0.656744927,0.287057404
"Insiza","2007",0.396608928654795,0.58536305,0.269575791
"Insiza","2008",0.407925380852459,0.630222828,0.278635986
"Insiza","2009",0.435302805821918,0.635639625,0.281869921
"Insiza","2010",0.438847788893151,0.583189838,0.285658668
"Insiza","2011",0.41205832800274,0.630628542,0.271997803
"Insiza","2012",0.35458337626776,0.55117154,0.261185641
"Insiza","2013",0.36434751330411,0.508753683,0.249369558
"Insiza","2014",0.4270502154,0.624847806,0.284512465
"Insiza","2015",0.392532016786301,0.585528303,0.266568805
"Insiza","2016",0.372492391295082,0.581014188,0.252582383
"Insiza","2017",0.475661590024658,0.649940828,0.304049458
"Insiza","2018",0.430041627309589,0.645420523,0.293399821
"Insiza","2019",0.36780882590411,0.533956362,0.254814796
"Insiza","2020",0.398139835882514,0.597247299,0.25155439
"Insiza","2021",0.455477674714286,0.673458142,0.297806248
"Kadoma","2000",0.48695150939322,0.67381935,0.319565381
"Kadoma","2001",0.50289202516156,0.703188765,0.320090607
"Kadoma","2002",0.43209378300274,0.629690675,0.280388939
"Kadoma","2003",0.444584449975342,0.633918018,0.289042797
"Kadoma","2004",0.489870538289617,0.689026923,0.300398644
"Kadoma","2005",0.43546191739726,0.666197992,0.274278524
"Kadoma","2006",0.478146611723288,0.715452587,0.295588449
"Kadoma","2007",0.438767974871233,0.629880975,0.282615596
"Kadoma","2008",0.461099269237705,0.671283743,0.297232384
"Kadoma","2009",0.498495117227397,0.685199643,0.308989591
"Kadoma","2010",0.486433855112329,0.665344692,0.293682327
"Kadoma","2011",0.452425538523288,0.681365184,0.287547996
"Kadoma","2012",0.441616237729508,0.665593024,0.292736142
"Kadoma","2013",0.427720649879452,0.641234988,0.284653311
"Kadoma","2014",0.452178685810959,0.691644559,0.285289224
"Kadoma","2015",0.460046993473973,0.647261253,0.287138194
"Kadoma","2016",0.452412052240437,0.681655632,0.28878794
"Kadoma","2017",0.511516731942466,0.722427901,0.321571942
"Kadoma","2018",0.474430272665753,0.70121544,0.303802739
"Kadoma","2019",0.435489855934247,0.685292574,0.285905477
"Kadoma","2020",0.427831229885246,0.639348139,0.284471951
"Kadoma","2021",0.489317016593407,0.730475451,0.317831609
"Kariba","2000",0.377645098159322,0.635209997,0.239189356
"Kariba","2001",0.402911091339833,0.672887233,0.212656229
"Kariba","2002",0.358660791139726,0.625705228,0.169047206
"Kariba","2003",0.345608025794521,0.574917045,0.181341059
"Kariba","2004",0.358211653863388,0.601839294,0.197342886
"Kariba","2005",0.314158423915068,0.5820032,0.162261541
"Kariba","2006",0.379788886131507,0.649152777,0.215308557
"Kariba","2007",0.350152858613699,0.577748988,0.185107182
"Kariba","2008",0.361852899308743,0.573020717,0.191931086
"Kariba","2009",0.391385260627397,0.620822207,0.166343057
"Kariba","2010",0.385641748947945,0.640464139,0.170404346
"Kariba","2011",0.379853970610959,0.644187243,0.181997669
"Kariba","2012",0.365454786434426,0.626663665,0.186012881
"Kariba","2013",0.356866733531507,0.656111429,0.17257403
"Kariba","2014",0.376911719142466,0.65800107,0.177289046
"Kariba","2015",0.385669493473973,0.62007221,0.204651803
"Kariba","2016",0.367470048311475,0.600022955,0.212027089
"Kariba","2017",0.415455989578082,0.634698279,0.215979204
"Kariba","2018",0.386235783863014,0.581972376,0.218972546
"Kariba","2019",0.346136314865753,0.61113701,0.190049001
"Kariba","2020",0.389322930497268,0.614898469,0.195501449
"Kariba","2021",0.377618643456044,0.667759197,0.213597628
"Kwekwe","2000",0.45568019858983,0.64055153,0.318309666
"Kwekwe","2001",0.471266057191549,0.6572401,0.314443557
"Kwekwe","2002",0.41048998519726,0.602474136,0.276638179
"Kwekwe","2003",0.415028911956164,0.573489093,0.280212532
"Kwekwe","2004",0.474863603775956,0.637962588,0.302325877
"Kwekwe","2005",0.423290934331507,0.620163631,0.280856401
"Kwekwe","2006",0.479100489068493,0.694983058,0.306184712
"Kwekwe","2007",0.418232859931507,0.610920734,0.28760823
"Kwekwe","2008",0.452977375773224,0.652181443,0.309438022
"Kwekwe","2009",0.478180447350685,0.665184004,0.309842821
"Kwekwe","2010",0.460906443832877,0.641914923,0.291656455
"Kwekwe","2011",0.451044806230137,0.664112814,0.298730181
"Kwekwe","2012",0.422137569969945,0.6138117,0.292797132
"Kwekwe","2013",0.406952572027397,0.611812837,0.288479392
"Kwekwe","2014",0.444916058416438,0.658041289,0.295819286
"Kwekwe","2015",0.442344167846575,0.620692515,0.297957617
"Kwekwe","2016",0.431355135530055,0.629813226,0.291723146
"Kwekwe","2017",0.500670159665753,0.689709513,0.327396119
"Kwekwe","2018",0.462979390561644,0.659109295,0.31208056
"Kwekwe","2019",0.426096683860274,0.652921639,0.289996103
"Kwekwe","2020",0.417740778822404,0.599195754,0.289015867
"Kwekwe","2021",0.487444088277473,0.69885193,0.332244294
"Lupane","2000",0.4717352994,0.641042665,0.335842137
"Lupane","2001",0.485690892462396,0.626659894,0.33898949
"Lupane","2002",0.437207980052055,0.588344058,0.315396812
"Lupane","2003",0.422553677476712,0.587549422,0.287739678
"Lupane","2004",0.475062497562842,0.629180618,0.318963721
"Lupane","2005",0.426397191936986,0.619059633,0.286479791
"Lupane","2006",0.489574350463014,0.677885844,0.320311121
"Lupane","2007",0.429939461824658,0.585968892,0.298628637
"Lupane","2008",0.459623600103825,0.641942641,0.320687433
"Lupane","2009",0.490737335128767,0.643467356,0.332649928
"Lupane","2010",0.485083708717808,0.63828776,0.322688288
"Lupane","2011",0.468082590745205,0.650705941,0.319669285
"Lupane","2012",0.431381514081967,0.618352617,0.309689494
"Lupane","2013",0.429889298153425,0.633007101,0.30296164
"Lupane","2014",0.470734694394521,0.653845861,0.314493913
"Lupane","2015",0.436989816441096,0.602737027,0.308910625
"Lupane","2016",0.449712153286885,0.657200544,0.300570381
"Lupane","2017",0.513569646810959,0.682361931,0.353614752
"Lupane","2018",0.468728231169863,0.637384363,0.32674826
"Lupane","2019",0.434384940786301,0.646463148,0.302276594
"Lupane","2020",0.441483147155738,0.607795184,0.29938862
"Lupane","2021",0.474066957107143,0.667179563,0.338336356
"Makonde","2000",0.500149972145763,0.696678208,0.318246691
"Makonde","2001",0.51771219882153,0.695327628,0.335354115
"Makonde","2002",0.475987039008219,0.684512162,0.291627745
"Makonde","2003",0.490106392542466,0.6871902,0.305913108
"Makonde","2004",0.502418230010929,0.695541874,0.301235592
"Makonde","2005",0.436092839813699,0.666842121,0.269842578
"Makonde","2006",0.510445733649315,0.743215299,0.302031075
"Makonde","2007",0.491580579580822,0.708478301,0.2962935
"Makonde","2008",0.496453977270492,0.717846939,0.303135766
"Makonde","2009",0.528325489416438,0.726548312,0.316086362
"Makonde","2010",0.496678521350685,0.713136881,0.291647061
"Makonde","2011",0.490211918367123,0.735200896,0.29413166
"Makonde","2012",0.488182224691257,0.716343156,0.301607423
"Makonde","2013",0.487085895356164,0.734019958,0.30087192
"Makonde","2014",0.493372528709589,0.741484492,0.299977787
"Makonde","2015",0.494967187271233,0.707075938,0.299042708
"Makonde","2016",0.500950903898907,0.709249467,0.297300631
"Makonde","2017",0.53508117660274,0.761742776,0.324145922
"Makonde","2018",0.504701618753425,0.738530904,0.303990723
"Makonde","2019",0.448361028438356,0.723749041,0.277986665
"Makonde","2020",0.468346172754098,0.712699655,0.296787423
"Makonde","2021",0.491324730239011,0.748565206,0.309490701
"Makoni","2000",0.445723542328814,0.613775778,0.316958765
"Makoni","2001",0.455269482459155,0.647383503,0.319598288
"Makoni","2002",0.412152233186301,0.589952183,0.29148971
"Makoni","2003",0.420627681372603,0.590620641,0.299565905
"Makoni","2004",0.438978994363388,0.607296735,0.303363558
"Makoni","2005",0.397527132416438,0.575962553,0.270508694
"Makoni","2006",0.462170648287671,0.636707118,0.308170058
"Makoni","2007",0.438082813175342,0.60513168,0.298142559
"Makoni","2008",0.410917542598361,0.640834631,0.295672242
"Makoni","2009",0.450188946463014,0.622970972,0.303679008
"Makoni","2010",0.448271364646575,0.615575506,0.296279293
"Makoni","2011",0.448343994624658,0.641649178,0.29503586
"Makoni","2012",0.426937568650273,0.597387777,0.302236797
"Makoni","2013",0.448390238663014,0.618224086,0.307504759
"Makoni","2014",0.437289890909589,0.634389973,0.302639831
"Makoni","2015",0.434245899452055,0.60091503,0.304488418
"Makoni","2016",0.428353936210383,0.605053497,0.293478367
"Makoni","2017",0.480838633542466,0.658000126,0.318542354
"Makoni","2018",0.462504756287671,0.659771738,0.327679255
"Makoni","2019",0.443619053791781,0.604064199,0.304160386
"Makoni","2020",0.428306358092896,0.618151965,0.288100098
"Makoni","2021",0.458921441585165,0.6762386,0.323876791
"Mangwe (South)","2000",0.425472800416949,0.601427892,0.308507982
"Mangwe (South)","2001",0.415775560749304,0.594676974,0.26233328
"Mangwe (South)","2002",0.331069798024658,0.525390937,0.244486316
"Mangwe (South)","2003",0.307735045613699,0.420964488,0.220115222
"Mangwe (South)","2004",0.379140545374317,0.558802493,0.258147151
"Mangwe (South)","2005",0.340005846846575,0.489624055,0.238070436
"Mangwe (South)","2006",0.413025009643836,0.603138053,0.267092014
"Mangwe (South)","2007",0.376335141715068,0.539297983,0.259470104
"Mangwe (South)","2008",0.355004142021858,0.551525772,0.251850929
"Mangwe (South)","2009",0.394538214482192,0.58361818,0.259688162
"Mangwe (South)","2010",0.398514078216438,0.515733625,0.256773387
"Mangwe (South)","2011",0.388552293410959,0.585883016,0.261422235
"Mangwe (South)","2012",0.346189806248634,0.51866169,0.258185384
"Mangwe (South)","2013",0.345731424635616,0.522435125,0.246635536
"Mangwe (South)","2014",0.413769110216438,0.598942874,0.273881039
"Mangwe (South)","2015",0.368052225613699,0.546774485,0.260913974
"Mangwe (South)","2016",0.357612125808743,0.529767102,0.247635468
"Mangwe (South)","2017",0.440066525871233,0.641560866,0.286447872
"Mangwe (South)","2018",0.375622261715069,0.566163697,0.2562997
"Mangwe (South)","2019",0.358473403205479,0.538478869,0.251979648
"Mangwe (South)","2020",0.362616893909836,0.522961067,0.23108914
"Mangwe (South)","2021",0.426073343450549,0.658310686,0.28345871
"Marondera","2000",0.439507098949153,0.583715604,0.322070022
"Marondera","2001",0.452967923645251,0.638333455,0.318478617
"Marondera","2002",0.430183902172603,0.597867603,0.314145071
"Marondera","2003",0.428380355945205,0.570802308,0.307091345
"Marondera","2004",0.452368190584699,0.596820511,0.324863841
"Marondera","2005",0.410722147567123,0.587152442,0.285083792
"Marondera","2006",0.467344415542466,0.646533556,0.319032181
"Marondera","2007",0.436186236068493,0.61958221,0.298056768
"Marondera","2008",0.421823942213115,0.62729378,0.309627319
"Marondera","2009",0.460078858863014,0.625910057,0.315665113
"Marondera","2010",0.455876018276712,0.599207495,0.296655931
"Marondera","2011",0.448455473857534,0.640413399,0.300870745
"Marondera","2012",0.437457984513661,0.609311486,0.308926283
"Marondera","2013",0.443301179830137,0.604112529,0.309526158
"Marondera","2014",0.427854528293151,0.631615546,0.301717882
"Marondera","2015",0.43663523900274,0.595733884,0.315384547
"Marondera","2016",0.435988068360656,0.607386055,0.300099655
"Marondera","2017",0.471229838890411,0.647779344,0.322533849
"Marondera","2018",0.46050389320274,0.624467407,0.336998627
"Marondera","2019",0.43070405399726,0.614411222,0.297869823
"Marondera","2020",0.425535665877049,0.602078125,0.293736899
"Marondera","2021",0.454581707065934,0.663588411,0.320846826
"Masvingo","2000",0.479622764050847,0.647090152,0.346653681
"Masvingo","2001",0.496659015282123,0.66512797,0.350120736
"Masvingo","2002",0.424645996835616,0.620380913,0.300219529
"Masvingo","2003",0.476954730816438,0.598411399,0.355624986
"Masvingo","2004",0.46340410002459,0.634839298,0.32935346
"Masvingo","2005",0.403899470076712,0.57096854,0.277368333
"Masvingo","2006",0.492943790342466,0.667261443,0.31775067
"Masvingo","2007",0.450893838876712,0.601154183,0.302091785
"Masvingo","2008",0.433967545724044,0.637181848,0.313802893
"Masvingo","2009",0.468549040838356,0.640451499,0.312313155
"Masvingo","2010",0.47718507880274,0.63027377,0.323689389
"Masvingo","2011",0.434701485975342,0.63679096,0.295725016
"Masvingo","2012",0.404834773510929,0.576240982,0.295456901
"Masvingo","2013",0.415022339158904,0.564356617,0.288337001
"Masvingo","2014",0.48047251460274,0.658736897,0.323657226
"Masvingo","2015",0.432920257830137,0.60757013,0.310399962
"Masvingo","2016",0.409843278688525,0.603152439,0.277553463
"Masvingo","2017",0.515861862326027,0.689601549,0.340218991
"Masvingo","2018",0.476230538873973,0.654807619,0.338299545
"Masvingo","2019",0.446779108391781,0.630730524,0.31392154
"Masvingo","2020",0.448031005306011,0.600891114,0.302507942
"Masvingo","2021",0.499580025123626,0.681910687,0.345285704
"Matobo","2000",0.435175673728814,0.614928637,0.32134898
"Matobo","2001",0.441728102724234,0.629825016,0.276508519
"Matobo","2002",0.353471351909589,0.545997063,0.262139127
"Matobo","2003",0.347653926854795,0.468077936,0.242045082
"Matobo","2004",0.393212577590164,0.572380162,0.272535141
"Matobo","2005",0.347965921312329,0.498593628,0.244478013
"Matobo","2006",0.410576407556164,0.593988579,0.271229399
"Matobo","2007",0.394194373520548,0.551443966,0.268010625
"Matobo","2008",0.379751449360656,0.597724829,0.267991545
"Matobo","2009",0.420136932813699,0.614901187,0.27641821
"Matobo","2010",0.412417764208219,0.527916051,0.272459418
"Matobo","2011",0.396942938249315,0.609030509,0.270048319
"Matobo","2012",0.342474124909836,0.498491814,0.257413619
"Matobo","2013",0.353812873389041,0.506091455,0.248845747
"Matobo","2014",0.419346125347945,0.602462492,0.279914011
"Matobo","2015",0.376259827693151,0.545562872,0.270149655
"Matobo","2016",0.363467680885246,0.542557664,0.255702789
"Matobo","2017",0.449411608882192,0.642835396,0.298467993
"Matobo","2018",0.389523455391781,0.567001726,0.266816277
"Matobo","2019",0.36485987909589,0.533800934,0.258186052
"Matobo","2020",0.365014426811475,0.527600213,0.226123555
"Matobo","2021",0.432021143510989,0.654712031,0.292133402
"Mazowe","2000",0.484597188508475,0.665309494,0.339203839
"Mazowe","2001",0.500254886393064,0.812682927,0.351291083
"Mazowe","2002",0.462918279082192,0.684231105,0.312460866
"Mazowe","2003",0.484783093882192,0.688221279,0.328779731
"Mazowe","2004",0.488064287409836,0.690628149,0.316974131
"Mazowe","2005",0.460287202884932,0.689322791,0.288318164
"Mazowe","2006",0.506652822887671,0.752523093,0.32769151
"Mazowe","2007",0.482947342035616,0.710562178,0.31349377
"Mazowe","2008",0.486627479333333,0.7693708,0.320220661
"Mazowe","2009",0.502378435063014,0.714143698,0.322663286
"Mazowe","2010",0.505195022682192,0.732652104,0.318842816
"Mazowe","2011",0.488488908693151,0.732527274,0.31304797
"Mazowe","2012",0.483882103204918,0.71592708,0.312239244
"Mazowe","2013",0.479265470789041,0.726111287,0.310653708
"Mazowe","2014",0.471098510273973,0.7340924,0.297379175
"Mazowe","2015",0.482661819235616,0.711944468,0.313733872
"Mazowe","2016",0.48855597586612,0.70418558,0.307403259
"Mazowe","2017",0.520623543471233,0.742103754,0.338806205
"Mazowe","2018",0.496357467824658,0.722837534,0.326705185
"Mazowe","2019",0.463652182147945,0.729361698,0.301040359
"Mazowe","2020",0.461168193956284,0.710952099,0.300224726
"Mazowe","2021",0.496786328217033,0.752650836,0.324378876
"Mberengwa","2000",0.467022512094915,0.6272899,0.359073897
"Mberengwa","2001",0.471045873404494,0.633140143,0.33526222
"Mberengwa","2002",0.379845891882192,0.569119255,0.280462438
"Mberengwa","2003",0.434954740430137,0.561805001,0.314081816
"Mberengwa","2004",0.44771014815847,0.622932535,0.314231938
"Mberengwa","2005",0.361409508257534,0.517794669,0.255746512
"Mberengwa","2006",0.474684243112329,0.660968013,0.2939236
"Mberengwa","2007",0.439250516956164,0.599585477,0.286780391
"Mberengwa","2008",0.407823182010929,0.606017992,0.286871998
"Mberengwa","2009",0.445648315756164,0.627420722,0.294816866
"Mberengwa","2010",0.447342890832877,0.608379009,0.300134326
"Mberengwa","2011",0.419507168476712,0.627376336,0.278994427
"Mberengwa","2012",0.382621425079235,0.546298717,0.271675377
"Mberengwa","2013",0.390080262452055,0.525750309,0.269963045
"Mberengwa","2014",0.449068270972603,0.646565371,0.303335886
"Mberengwa","2015",0.408829366868493,0.568517832,0.298533282
"Mberengwa","2016",0.403322193431694,0.600006639,0.268047493
"Mberengwa","2017",0.49599161460274,0.66707226,0.330623034
"Mberengwa","2018",0.460346732580822,0.663796111,0.334678978
"Mberengwa","2019",0.400761693561644,0.570891193,0.283446019
"Mberengwa","2020",0.408624910043716,0.582210799,0.270898058
"Mberengwa","2021",0.479518547156593,0.682553526,0.327813712
"Mount Darwin","2000",0.432417948183051,0.68112749,0.273477029
"Mount Darwin","2001",0.49360834364507,0.754063931,0.303317244
"Mount Darwin","2002",0.421582854139726,0.683232936,0.269530522
"Mount Darwin","2003",0.421590776449315,0.684245478,0.267507252
"Mount Darwin","2004",0.460358312122951,0.699136864,0.275014352
"Mount Darwin","2005",0.410212999515069,0.684748064,0.253649167
"Mount Darwin","2006",0.479526730243836,0.721918036,0.277171977
"Mount Darwin","2007",0.435250550153425,0.723905355,0.261451659
"Mount Darwin","2008",0.449326452426229,0.733221503,0.285235651
"Mount Darwin","2009",0.478308858279452,0.719828468,0.281378205
"Mount Darwin","2010",0.458792404642857,0.713079125,0.275190222
"Mount Darwin","2011",0.454935447742466,0.717446163,0.282035474
"Mount Darwin","2012",0.442727120751366,0.696572368,0.267759755
"Mount Darwin","2013",0.449304737482192,0.768309419,0.282346624
"Mount Darwin","2014",0.461860301291667,0.751846264,0.280930159
"Mount Darwin","2015",0.475481513161644,0.742825869,0.277230964
"Mount Darwin","2016",0.423923286631148,0.664128541,0.268441685
"Mount Darwin","2017",0.516607309169863,0.745497763,0.30114024
"Mount Darwin","2018",0.474274978090411,0.719830387,0.291152078
"Mount Darwin","2019",0.451556379375342,0.731471411,0.283774139
"Mount Darwin","2020",0.439831004060109,0.705457389,0.27388962
"Mount Darwin","2021",0.466557355203297,0.773404079,0.283453275
"Mudzi","2000",0.437874149386441,0.684234976,0.275306039
"Mudzi","2001",0.468103690129577,0.772006333,0.2938652
"Mudzi","2002",0.401645125542466,0.66506233,0.267640205
"Mudzi","2003",0.403476559476712,0.631649338,0.269335304
"Mudzi","2004",0.435446407497268,0.660428339,0.269199426
"Mudzi","2005",0.4061634734,0.650498773,0.268108862
"Mudzi","2006",0.454542157849315,0.704441021,0.274055284
"Mudzi","2007",0.43075102639726,0.715817661,0.27714659
"Mudzi","2008",0.433410404636612,0.754657471,0.283159863
"Mudzi","2009",0.452058717767123,0.684180779,0.285773969
"Mudzi","2010",0.428617901512329,0.699593588,0.269300162
"Mudzi","2011",0.437248957443836,0.700305767,0.282445885
"Mudzi","2012",0.42309772829235,0.638435346,0.272315648
"Mudzi","2013",0.446794123147945,0.715011662,0.295393766
"Mudzi","2014",0.439861646309589,0.716669219,0.281692276
"Mudzi","2015",0.44490302170411,0.703991301,0.289001553
"Mudzi","2016",0.411665825461749,0.621776303,0.273651576
"Mudzi","2017",0.496225905068493,0.734988429,0.295941001
"Mudzi","2018",0.458815699287671,0.709808162,0.295957444
"Mudzi","2019",0.473589037210959,0.759652905,0.296019361
"Mudzi","2020",0.437902163855191,0.678186965,0.291024277
"Mudzi","2021",0.474001729222527,0.729072889,0.306523883
"Murehwa","2000",0.442108100528814,0.619557745,0.319722736
"Murehwa","2001",0.442667868692754,0.659084201,0.314005926
"Murehwa","2002",0.401766161238356,0.585387452,0.277305163
"Murehwa","2003",0.424284311320548,0.595706533,0.297034129
"Murehwa","2004",0.441024481931694,0.622720634,0.296918456
"Murehwa","2005",0.411670108736986,0.597098577,0.27622351
"Murehwa","2006",0.4530349998,0.647633816,0.304678692
"Murehwa","2007",0.43319834950411,0.619456715,0.289019327
"Murehwa","2008",0.427804574374317,0.646519352,0.293438767
"Murehwa","2009",0.446145914164384,0.620205926,0.304099017
"Murehwa","2010",0.454799424931507,0.614852136,0.300667263
"Murehwa","2011",0.459355236852055,0.648337834,0.303454655
"Murehwa","2012",0.444187181248634,0.621535866,0.307043229
"Murehwa","2013",0.449268395260274,0.632931315,0.309712887
"Murehwa","2014",0.436500871958904,0.660976371,0.304326215
"Murehwa","2015",0.444764296375342,0.634538011,0.308236537
"Murehwa","2016",0.443161736729508,0.633803695,0.292809295
"Murehwa","2017",0.484621250380822,0.672085195,0.324206188
"Murehwa","2018",0.465323877832877,0.659441688,0.322771033
"Murehwa","2019",0.442337309643836,0.655824189,0.302075594
"Murehwa","2020",0.432609931122951,0.637325949,0.292631886
"Murehwa","2021",0.464761959653846,0.678550431,0.322234773
"Mutare","2000",0.45818110680678,0.610375159,0.326017007
"Mutare","2001",0.468880508656338,0.623808594,0.221953958
"Mutare","2002",0.440686276687671,0.588574138,0.298669448
"Mutare","2003",0.432999771830137,0.592548291,0.310757245
"Mutare","2004",0.430214978472678,0.604489898,0.297182815
"Mutare","2005",0.395748097509589,0.557254108,0.27960824
"Mutare","2006",0.453106028682192,0.624433442,0.303652245
"Mutare","2007",0.443164328106849,0.589417729,0.298532524
"Mutare","2008",0.414833378437158,0.607494107,0.303943432
"Mutare","2009",0.441733691460274,0.584807138,0.299198614
"Mutare","2010",0.444618898120548,0.596409489,0.298791285
"Mutare","2011",0.437425287520548,0.597542348,0.297686327
"Mutare","2012",0.407753232852459,0.547564903,0.295283847
"Mutare","2013",0.440000044487671,0.584255451,0.302439988
"Mutare","2014",0.427514046712329,0.60554282,0.29845954
"Mutare","2015",0.42920090909863,0.562535664,0.299693308
"Mutare","2016",0.420970878193989,0.577934761,0.289008691
"Mutare","2017",0.478186121134247,0.632906556,0.31906153
"Mutare","2018",0.45734225090137,0.633880751,0.319606623
"Mutare","2019",0.445361449468493,0.58486877,0.306419671
"Mutare","2020",0.422633703677596,0.591569558,0.250674281
"Mutare","2021",0.452105610222527,0.639130771,0.323838028
"Mutasa","2000",0.565691829301695,0.704666592,0.370923727
"Mutasa","2001",0.571926664,0.705259006,0.421848226
"Mutasa","2002",0.56013054050411,0.692443292,0.40095233
"Mutasa","2003",0.558270133263014,0.724006964,0.43351542
"Mutasa","2004",0.570458792016393,0.709019867,0.410949515
"Mutasa","2005",0.534603460917808,0.676811162,0.39296378
"Mutasa","2006",0.582883405789041,0.725790901,0.414086136
"Mutasa","2007",0.573320688808219,0.705214766,0.422408081
"Mutasa","2008",0.541202621754098,0.71088722,0.419504855
"Mutasa","2009",0.580073512517808,0.716528219,0.432377265
"Mutasa","2010",0.578799519,0.709773887,0.433823988
"Mutasa","2011",0.583904813536986,0.724523223,0.423948688
"Mutasa","2012",0.553199361360656,0.693448936,0.413781867
"Mutasa","2013",0.58605005460274,0.782950865,0.438085069
"Mutasa","2014",0.574989132238356,0.739429985,0.39442447
"Mutasa","2015",0.565040145720548,0.698190989,0.438254181
"Mutasa","2016",0.569949168904372,0.710506759,0.426425196
"Mutasa","2017",0.608728909183562,0.736259439,0.457210766
"Mutasa","2018",0.596970709687671,0.73532481,0.466839746
"Mutasa","2019",0.58263831430137,0.715459989,0.432772422
"Mutasa","2020",0.575400419989071,0.718738121,0.375759136
"Mutasa","2021",0.592366372206044,0.747018683,0.478192594
"Mutoko","2000",0.435744017661017,0.624558048,0.297929177
"Mutoko","2001",0.450118497879213,0.681779742,0.305783199
"Mutoko","2002",0.396050830145205,0.577701611,0.275159443
"Mutoko","2003",0.423239203890411,0.603997727,0.28582716
"Mutoko","2004",0.432289059931694,0.609203661,0.281600488
"Mutoko","2005",0.406044938978082,0.600873431,0.276663908
"Mutoko","2006",0.452573203882192,0.654588935,0.294143714
"Mutoko","2007",0.421313504147945,0.619700975,0.281421426
"Mutoko","2008",0.420823416128415,0.649558915,0.28922948
"Mutoko","2009",0.451387300934247,0.640132868,0.299707357
"Mutoko","2010",0.445151314591781,0.638455903,0.287938303
"Mutoko","2011",0.442847825934247,0.660452551,0.291123302
"Mutoko","2012",0.418249161795082,0.601884256,0.288541717
"Mutoko","2013",0.45150777299726,0.648569817,0.304542358
"Mutoko","2014",0.43836142950137,0.660060997,0.29917671
"Mutoko","2015",0.440574225153425,0.660959684,0.302536502
"Mutoko","2016",0.417640460431694,0.624029012,0.284670293
"Mutoko","2017",0.490515760290411,0.700170986,0.312641018
"Mutoko","2018",0.455288681391781,0.658462414,0.306868838
"Mutoko","2019",0.448099885958904,0.685990106,0.299289457
"Mutoko","2020",0.430998693357924,0.636237176,0.295409967
"Mutoko","2021",0.461950984214286,0.690054352,0.312002115
"Mwenezi","2000",0.515453949674576,0.710707266,0.35320669
"Mwenezi","2001",0.505828196209497,0.713553683,0.320753573
"Mwenezi","2002",0.371215510038356,0.610955157,0.286845826
"Mwenezi","2003",0.472876691591781,0.603557088,0.296842753
"Mwenezi","2004",0.468755176530055,0.678347076,0.299680381
"Mwenezi","2005",0.370654622879452,0.52653867,0.267548811
"Mwenezi","2006",0.427692437627397,0.650055629,0.275609295
"Mwenezi","2007",0.432819214589041,0.649910034,0.281031241
"Mwenezi","2008",0.412373143612022,0.687323625,0.283666329
"Mwenezi","2009",0.466291383610959,0.679687127,0.283130625
"Mwenezi","2010",0.464388239309589,0.644193562,0.294618539
"Mwenezi","2011",0.428750399643836,0.653923693,0.28273699
"Mwenezi","2012",0.386909380461749,0.570810155,0.280693447
"Mwenezi","2013",0.417514416876712,0.5987823,0.277915295
"Mwenezi","2014",0.456007460139726,0.694041492,0.293299609
"Mwenezi","2015",0.404835799216438,0.613452879,0.283555097
"Mwenezi","2016",0.410191553661202,0.630557935,0.258978634
"Mwenezi","2017",0.512471030046575,0.719285307,0.321128551
"Mwenezi","2018",0.463414877983562,0.675024642,0.29163651
"Mwenezi","2019",0.393544940276712,0.594481112,0.275869085
"Mwenezi","2020",0.405484223639344,0.602520436,0.279471528
"Mwenezi","2021",0.502041571615385,0.730644961,0.311479957
"Nkayi","2000",0.448354254864407,0.635458364,0.317036059
"Nkayi","2001",0.4696122128,0.640421657,0.313755751
"Nkayi","2002",0.421173076742466,0.59881596,0.285026716
"Nkayi","2003",0.418888223068493,0.58623381,0.28068103
"Nkayi","2004",0.46732247476776,0.623544874,0.305270585
"Nkayi","2005",0.41615063560274,0.608494176,0.275877766
"Nkayi","2006",0.497369716249315,0.682345992,0.322088054
"Nkayi","2007",0.421928616142466,0.602769377,0.291348839
"Nkayi","2008",0.453917259166667,0.634170775,0.310789519
"Nkayi","2009",0.48023811289863,0.655963621,0.315502964
"Nkayi","2010",0.469263884134247,0.637709703,0.29731822
"Nkayi","2011",0.458445133915068,0.658360231,0.299646112
"Nkayi","2012",0.41633793168306,0.627147912,0.290511864
"Nkayi","2013",0.403985454553425,0.604470217,0.283461344
"Nkayi","2014",0.464663402438356,0.652942745,0.308800656
"Nkayi","2015",0.448839842345205,0.615032149,0.30277294
"Nkayi","2016",0.445304742721311,0.643729188,0.294104411
"Nkayi","2017",0.508369364734247,0.677815603,0.346727569
"Nkayi","2018",0.465469491227397,0.633147865,0.315638803
"Nkayi","2019",0.42378251539726,0.640826199,0.287327699
"Nkayi","2020",0.434958216459016,0.622017346,0.291364361
"Nkayi","2021",0.473438738521978,0.675343267,0.320458198
"Nyanga","2000",0.505652509308475,0.665170963,0.346112998
"Nyanga","2001",0.511720031396011,0.660836727,0.384184191
"Nyanga","2002",0.4664886914,0.631367616,0.351252622
"Nyanga","2003",0.474537939142466,0.646295096,0.351402958
"Nyanga","2004",0.511723538614754,0.660237712,0.360782756
"Nyanga","2005",0.482948012320548,0.649748526,0.351108294
"Nyanga","2006",0.520052022526027,0.680427136,0.357661018
"Nyanga","2007",0.49558718489863,0.656764089,0.353870942
"Nyanga","2008",0.482085299442623,0.662392172,0.35472809
"Nyanga","2009",0.521183274443836,0.673262976,0.371758331
"Nyanga","2010",0.516320356646575,0.664324077,0.362706662
"Nyanga","2011",0.516829969646575,0.694270368,0.357379586
"Nyanga","2012",0.489224503412568,0.657952327,0.357604936
"Nyanga","2013",0.512004279378082,0.677342542,0.368745496
"Nyanga","2014",0.506904302758904,0.694031592,0.373070902
"Nyanga","2015",0.502412868317808,0.684450493,0.374358273
"Nyanga","2016",0.48000503081694,0.640789153,0.354438833
"Nyanga","2017",0.553631728208219,0.718648989,0.389278863
"Nyanga","2018",0.518764523208219,0.690941251,0.386738582
"Nyanga","2019",0.520321846380822,0.668778129,0.368695981
"Nyanga","2020",0.506474455426229,0.681128323,0.342792203
"Nyanga","2021",0.531251390129121,0.711935736,0.398860687
"Rushinga","2000",0.480310428284746,0.799122747,0.280056385
"Rushinga","2001",0.514085739083333,0.777456474,0.31207898
"Rushinga","2002",0.445299277120548,0.80884268,0.277982696
"Rushinga","2003",0.438222199049315,0.697944318,0.268724547
"Rushinga","2004",0.487460258521858,0.73538351,0.281114548
"Rushinga","2005",0.439946569010959,0.724696299,0.271708874
"Rushinga","2006",0.488928322361644,0.750167332,0.282635879
"Rushinga","2007",0.472276939147945,0.738789881,0.280729839
"Rushinga","2008",0.470919757414835,0.836719844,0.296869246
"Rushinga","2009",0.495393847827397,0.757918309,0.289227613
"Rushinga","2010",0.485893205939726,0.779443006,0.283107352
"Rushinga","2011",0.474545693887671,0.75620294,0.292514227
"Rushinga","2012",0.462577114748634,0.720601388,0.273857559
"Rushinga","2013",0.468832081687671,0.776515978,0.292566794
"Rushinga","2014",0.466016529687671,0.784687356,0.285965967
"Rushinga","2015",0.481994069553425,0.78760778,0.286316784
"Rushinga","2016",0.440244336647541,0.701924292,0.273821842
"Rushinga","2017",0.531264423276712,0.798393019,0.302639482
"Rushinga","2018",0.490647863838356,0.757620996,0.294476426
"Rushinga","2019",0.49548307129863,0.793339467,0.289466343
"Rushinga","2020",0.474817361814208,0.750509544,0.288214896
"Rushinga","2021",0.483261048505495,0.803782807,0.300424657
"Seke","2000",0.428785974149153,0.57592861,0.300263196
"Seke","2001",0.449230735446328,0.602317724,0.312916119
"Seke","2002",0.405915874558904,0.588520867,0.288627772
"Seke","2003",0.41356049350137,0.570436758,0.291426615
"Seke","2004",0.438232763002732,0.590962245,0.301797827
"Seke","2005",0.406138225060274,0.589013639,0.271004055
"Seke","2006",0.451090052528767,0.64861458,0.29508501
"Seke","2007",0.415013754035616,0.608768039,0.270479466
"Seke","2008",0.414364297062842,0.647382499,0.290824347
"Seke","2009",0.443796228690411,0.617347208,0.299310518
"Seke","2010",0.444124461372603,0.597418203,0.281068768
"Seke","2011",0.424400147364384,0.647818932,0.280304065
"Seke","2012",0.427825672374317,0.617972899,0.292490488
"Seke","2013",0.417646617569863,0.59986923,0.284252285
"Seke","2014",0.419983935654795,0.630308882,0.28626336
"Seke","2015",0.433166993150685,0.596659907,0.310476775
"Seke","2016",0.419717614065574,0.611030413,0.277578578
"Seke","2017",0.459433386019178,0.660614073,0.304888017
"Seke","2018",0.450415301627397,0.643395673,0.317823402
"Seke","2019",0.422783866726027,0.634587144,0.2777213
"Seke","2020",0.414156127489071,0.5989841,0.274050781
"Seke","2021",0.441089029513736,0.662788625,0.301943128
"Shamva","2000",0.498735682732203,0.713808342,0.308462743
"Shamva","2001",0.515668528352941,0.734275627,0.330805035
"Shamva","2002",0.458593318175342,0.700779991,0.291251396
"Shamva","2003",0.484392429967123,0.700762697,0.30131523
"Shamva","2004",0.489306174180328,0.704836834,0.299188319
"Shamva","2005",0.445037332917808,0.684494697,0.281923253
"Shamva","2006",0.510360105745206,0.746060123,0.312703111
"Shamva","2007",0.487486108745205,0.746188425,0.300725123
"Shamva","2008",0.481980326412568,0.747044492,0.313122826
"Shamva","2009",0.518335059430137,0.731835568,0.313740834
"Shamva","2010",0.50113491060274,0.734692324,0.301635714
"Shamva","2011",0.504435135630137,0.7453478,0.312300402
"Shamva","2012",0.495086204131148,0.731807293,0.306108816
"Shamva","2013",0.499938967290411,0.756515366,0.311952852
"Shamva","2014",0.491589139753425,0.751010038,0.31172764
"Shamva","2015",0.507402381821918,0.753748944,0.312601057
"Shamva","2016",0.466977389019126,0.706250297,0.299303672
"Shamva","2017",0.552204974654795,0.763730881,0.328579489
"Shamva","2018",0.515550083624657,0.740283545,0.316674941
"Shamva","2019",0.487278581460274,0.734159973,0.299242819
"Shamva","2020",0.474139114781421,0.725313245,0.307544982
"Shamva","2021",0.510136842038462,0.772243294,0.315590345
"Shurugwi","2000",0.447386146216949,0.6008656,0.329840853
"Shurugwi","2001",0.461622040027933,0.612150864,0.320029363
"Shurugwi","2002",0.400220595761644,0.586052588,0.294399492
"Shurugwi","2003",0.427611286175342,0.550985704,0.31675963
"Shurugwi","2004",0.453466418748634,0.593756775,0.337917661
"Shurugwi","2005",0.397329883435616,0.550927685,0.285339507
"Shurugwi","2006",0.460461825594521,0.624746216,0.317715241
"Shurugwi","2007",0.422388886323288,0.555871299,0.302774582
"Shurugwi","2008",0.413336361295082,0.591629152,0.313623069
"Shurugwi","2009",0.444914801443836,0.605123866,0.30756475
"Shurugwi","2010",0.463520258813699,0.594701579,0.316878517
"Shurugwi","2011",0.4231767426,0.604950017,0.29379524
"Shurugwi","2012",0.403484847587432,0.541270205,0.294939784
"Shurugwi","2013",0.397577767849315,0.564304947,0.278056789
"Shurugwi","2014",0.432969240380822,0.603190174,0.306451105
"Shurugwi","2015",0.415066416994521,0.558134009,0.302786589
"Shurugwi","2016",0.411256720265027,0.58605002,0.295915182
"Shurugwi","2017",0.491784501380822,0.652773613,0.33408746
"Shurugwi","2018",0.447148158361644,0.619046903,0.326288061
"Shurugwi","2019",0.403776232317808,0.549927583,0.285748265
"Shurugwi","2020",0.407803014994536,0.578706052,0.255724539
"Shurugwi","2021",0.477959796664835,0.658001355,0.330704224
"Tsholotsho","2000",0.460284685437288,0.643031897,0.314528795
"Tsholotsho","2001",0.474539153749304,0.640601385,0.307980099
"Tsholotsho","2002",0.401257727761644,0.56141072,0.280131218
"Tsholotsho","2003",0.369612758057534,0.492693171,0.256614034
"Tsholotsho","2004",0.440070206833333,0.619648505,0.286959388
"Tsholotsho","2005",0.4108434088,0.600354086,0.269540123
"Tsholotsho","2006",0.492206344350685,0.687488714,0.316953198
"Tsholotsho","2007",0.422534795030137,0.579226889,0.291504412
"Tsholotsho","2008",0.439408685636612,0.636003775,0.294021727
"Tsholotsho","2009",0.462943221358904,0.659312651,0.305085184
"Tsholotsho","2010",0.449830900816438,0.621229849,0.295025493
"Tsholotsho","2011",0.422853868816438,0.607308507,0.287637243
"Tsholotsho","2012",0.393115470827869,0.573471778,0.289527481
"Tsholotsho","2013",0.404812953945206,0.57585393,0.282826002
"Tsholotsho","2014",0.45117751130411,0.644925714,0.296754946
"Tsholotsho","2015",0.411190418923288,0.56504964,0.278026498
"Tsholotsho","2016",0.419831972128415,0.6033955,0.283174422
"Tsholotsho","2017",0.503893273542466,0.685062992,0.331698083
"Tsholotsho","2018",0.462904657378082,0.671720494,0.31282751
"Tsholotsho","2019",0.427023812660274,0.6170504,0.288170419
"Tsholotsho","2020",0.414461863770492,0.602920142,0.28874166
"Tsholotsho","2021",0.480367320489011,0.681366484,0.322987469
"Umguza","2000",0.483689870389831,0.692376243,0.328225772
"Umguza","2001",0.512770667855153,0.67714267,0.317684678
"Umguza","2002",0.424807343879452,0.628437185,0.293458325
"Umguza","2003",0.410640744063014,0.575750295,0.280756824
"Umguza","2004",0.464250602131148,0.654417006,0.285007732
"Umguza","2005",0.430182008109589,0.652377876,0.269199145
"Umguza","2006",0.511233378230137,0.739615111,0.30649231
"Umguza","2007",0.427560790564384,0.654614264,0.286054471
"Umguza","2008",0.455026076945355,0.695424529,0.290825756
"Umguza","2009",0.490644597060274,0.705952795,0.311095924
"Umguza","2010",0.481554422956164,0.65748855,0.293224241
"Umguza","2011",0.458741493246575,0.695096949,0.293260762
"Umguza","2012",0.406015880270492,0.604008628,0.284100221
"Umguza","2013",0.418282410835616,0.612689613,0.284663331
"Umguza","2014",0.466797438747945,0.683220859,0.294934296
"Umguza","2015",0.434013280364384,0.639172667,0.276385689
"Umguza","2016",0.422842270595628,0.640731144,0.28264632
"Umguza","2017",0.523622570150685,0.721223388,0.334857454
"Umguza","2018",0.467804095243836,0.687756677,0.306118379
"Umguza","2019",0.433058179323288,0.662671022,0.287738828
"Umguza","2020",0.443977437136612,0.670343244,0.292640057
"Umguza","2021",0.498178828884615,0.721640241,0.324250433
"UMP","2000",0.431575770094915,0.672364817,0.278553456
"UMP","2001",0.459800139008571,0.771045768,0.295078613
"UMP","2002",0.404111554136986,0.612117489,0.273629842
"UMP","2003",0.419426551879452,0.62687397,0.280641243
"UMP","2004",0.431992352521858,0.645843184,0.275197904
"UMP","2005",0.403329873243836,0.628236306,0.26752774
"UMP","2006",0.449762025175342,0.679055087,0.283215588
"UMP","2007",0.438501316791781,0.737527083,0.277138987
"UMP","2008",0.428761760131148,0.677450899,0.290542162
"UMP","2009",0.456572845205479,0.663916658,0.290564601
"UMP","2010",0.444916650032877,0.680963714,0.282323032
"UMP","2011",0.452365872956164,0.676697311,0.292973763
"UMP","2012",0.436288007013661,0.64906464,0.284695765
"UMP","2013",0.457754881679452,0.694170827,0.30387882
"UMP","2014",0.447609091980822,0.730969592,0.299012836
"UMP","2015",0.457146708545206,0.707566709,0.300436433
"UMP","2016",0.425154373062842,0.641416123,0.280212422
"UMP","2017",0.503871853339726,0.730624459,0.307476796
"UMP","2018",0.470009237638356,0.690932069,0.301856088
"UMP","2019",0.457679104449315,0.712643393,0.299808601
"UMP","2020",0.442212114628415,0.661016392,0.298853292
"UMP","2021",0.474685823431319,0.727180768,0.310987607
"Umzingwane","2000",0.438144057223729,0.610003856,0.323522588
"Umzingwane","2001",0.461370464927577,0.626785296,0.294053561
"Umzingwane","2002",0.371006337863014,0.592536962,0.269487468
"Umzingwane","2003",0.387525647967123,0.528039941,0.260966624
"Umzingwane","2004",0.437416520010929,0.612470861,0.295628634
"Umzingwane","2005",0.374610999934247,0.565198348,0.251583767
"Umzingwane","2006",0.452090980961644,0.65537491,0.284376871
"Umzingwane","2007",0.40619925569863,0.566452172,0.272834323
"Umzingwane","2008",0.42494653297541,0.622535139,0.289641353
"Umzingwane","2009",0.459425779975342,0.651165932,0.293130029
"Umzingwane","2010",0.451620938172603,0.605540717,0.292155348
"Umzingwane","2011",0.425612738728767,0.645392468,0.277390749
"Umzingwane","2012",0.363683238308743,0.524556563,0.268402608
"Umzingwane","2013",0.38392550670137,0.53581392,0.262381998
"Umzingwane","2014",0.447850889339726,0.646060974,0.295952755
"Umzingwane","2015",0.401021659542466,0.589081117,0.274567063
"Umzingwane","2016",0.377907971363388,0.579311104,0.26665408
"Umzingwane","2017",0.498381831153425,0.690920596,0.322039408
"Umzingwane","2018",0.428445579038356,0.622841875,0.289121066
"Umzingwane","2019",0.38555699490137,0.558301291,0.266302545
"Umzingwane","2020",0.406411280469945,0.613934763,0.246368576
"Umzingwane","2021",0.466947676346154,0.685514811,0.30733004
"Wedza","2000",0.454060674864407,0.615453053,0.32652067
"Wedza","2001",0.459048686831461,0.631144011,0.319591353
"Wedza","2002",0.426716064043836,0.607603723,0.300598773
"Wedza","2003",0.428593783370474,0.587281377,0.312258993
"Wedza","2004",0.448746910043716,0.621750443,0.306425504
"Wedza","2005",0.398868311734247,0.584244959,0.273956275
"Wedza","2006",0.467424379684932,0.645497138,0.313420271
"Wedza","2007",0.438690295049315,0.632504467,0.294042346
"Wedza","2008",0.411280642718579,0.619775299,0.298570277
"Wedza","2009",0.461303959841096,0.61978238,0.309017062
"Wedza","2010",0.45985012059726,0.62004037,0.304082656
"Wedza","2011",0.445521180643836,0.635591875,0.294264218
"Wedza","2012",0.412795278439891,0.591830552,0.291778886
"Wedza","2013",0.447632350257534,0.614606472,0.304940547
"Wedza","2014",0.441110146769863,0.637341399,0.298941552
"Wedza","2015",0.448054705060274,0.593065617,0.314229998
"Wedza","2016",0.437848934693989,0.607686399,0.298428406
"Wedza","2017",0.492573004586301,0.677133611,0.327578568
"Wedza","2018",0.473282275421918,0.655404414,0.331013676
"Wedza","2019",0.447370055810959,0.605274257,0.297437015
"Wedza","2020",0.437075851087432,0.626744571,0.274132582
"Wedza","2021",0.469093879447802,0.684284286,0.323283553
"Zaka","2000",0.478810228816949,0.656088701,0.354670487
"Zaka","2001",0.491354367756303,0.678047547,0.357995982
"Zaka","2002",0.41740523370411,0.5823149,0.285478654
"Zaka","2003",0.475157859641096,0.609184353,0.363686669
"Zaka","2004",0.459927899650273,0.64495249,0.325679631
"Zaka","2005",0.392840889868493,0.53702791,0.266127205
"Zaka","2006",0.483417634180822,0.672914695,0.309740811
"Zaka","2007",0.464092535306849,0.63237654,0.298873495
"Zaka","2008",0.420935922819672,0.624275231,0.297890159
"Zaka","2009",0.472785155561644,0.640103051,0.311001622
"Zaka","2010",0.464461398580822,0.624452079,0.308601246
"Zaka","2011",0.438274435928767,0.632795592,0.297854094
"Zaka","2012",0.411268008349727,0.572077947,0.293943001
"Zaka","2013",0.440543688093151,0.583732121,0.294247246
"Zaka","2014",0.497451867794521,0.669493638,0.329163504
"Zaka","2015",0.437421835947945,0.596199381,0.306446493
"Zaka","2016",0.42785732602459,0.636320579,0.276463133
"Zaka","2017",0.527561306619178,0.698501336,0.349373807
"Zaka","2018",0.493151598761644,0.698578183,0.340566402
"Zaka","2019",0.460205672890411,0.650424435,0.327699914
"Zaka","2020",0.45727926181694,0.617639186,0.320202779
"Zaka","2021",0.502296456961538,0.689353105,0.357562569
"Zvimba","2000",0.463173940440678,0.645010601,0.311133347
"Zvimba","2001",0.467190726194366,0.661468553,0.309240632
"Zvimba","2002",0.416268145778082,0.638685106,0.269856257
"Zvimba","2003",0.442518204452055,0.65617962,0.281536733
"Zvimba","2004",0.465737667256831,0.665397518,0.282569294
"Zvimba","2005",0.417994420145205,0.641482695,0.251444404
"Zvimba","2006",0.472631781175342,0.721163452,0.285902199
"Zvimba","2007",0.454182680473973,0.678513198,0.273572173
"Zvimba","2008",0.450994849622951,0.678307878,0.283187965
"Zvimba","2009",0.483583638542466,0.691893369,0.295700456
"Zvimba","2010",0.471248785254795,0.684283446,0.276391003
"Zvimba","2011",0.461655548465753,0.704353693,0.281338944
"Zvimba","2012",0.458948149980874,0.692290726,0.284744428
"Zvimba","2013",0.441116478353425,0.69520525,0.271074004
"Zvimba","2014",0.449631210572603,0.70874721,0.277803025
"Zvimba","2015",0.445152848186301,0.673617115,0.268779948
"Zvimba","2016",0.458313405521858,0.667253959,0.268898233
"Zvimba","2017",0.495674967339726,0.734732695,0.304614345
"Zvimba","2018",0.465786776884932,0.705110269,0.283055509
"Zvimba","2019",0.424962537120548,0.706368765,0.260445465
"Zvimba","2020",0.430492361494536,0.681981242,0.266673721
"Zvimba","2021",0.460891052964286,0.723754251,0.28868535
"Zvishavane","2000",0.451314029735593,0.621557507,0.334684649
"Zvishavane","2001",0.458419418050279,0.626410451,0.312421958
"Zvishavane","2002",0.384523256060274,0.593906629,0.269824448
"Zvishavane","2003",0.424564895591781,0.573049007,0.288621481
"Zvishavane","2004",0.441567046980874,0.62321751,0.295816146
"Zvishavane","2005",0.380899101156164,0.540839279,0.262969565
"Zvishavane","2006",0.459488222575342,0.65147163,0.290449489
"Zvishavane","2007",0.395230994476712,0.556951317,0.27646926
"Zvishavane","2008",0.408307724027322,0.607960631,0.286521867
"Zvishavane","2009",0.422290645986301,0.602651223,0.283400977
"Zvishavane","2010",0.445635643136986,0.59062883,0.301676074
"Zvishavane","2011",0.403928959046575,0.601691596,0.27232307
"Zvishavane","2012",0.37159524570765,0.52533358,0.271181154
"Zvishavane","2013",0.370924312328767,0.514916022,0.255669108
"Zvishavane","2014",0.436336546073973,0.619039978,0.29985745
"Zvishavane","2015",0.396161336276712,0.555115192,0.275856271
"Zvishavane","2016",0.382536316612022,0.561625597,0.259207205
"Zvishavane","2017",0.488938123345205,0.67731282,0.318713954
"Zvishavane","2018",0.442871798767123,0.627413406,0.307219568
"Zvishavane","2019",0.396036498060274,0.551755878,0.276562843
"Zvishavane","2020",0.397365761407104,0.584942111,0.246574309
"Zvishavane","2021",0.472148029313187,0.676639593,0.3160439
