"District","Year","AverageEVI","MaxEVI","MinEVI","MedianEVI"
"Beitbridge","2005",0.124442983487503,0.282073032289946,-0.100084579347982,0.128382895132423
"Beitbridge","2006",0.164809286479515,0.418518053669949,-0.09700753160676,0.155740586229602
"Beitbridge","2007",0.172183489100725,0.394980409569439,-0.086221092445582,0.174912005389681
"Beitbridge","2008",0.155204708416216,0.43979639117234,-0.0683107087982934,0.15098522890278
"Beitbridge","2009",0.174414734712053,0.531581464629794,-0.258386031068611,0.160135149453255
"Beitbridge","2010",0.173513034216547,0.404618984299795,-0.0872085197482328,0.163073397480016
"Beitbridge","2011",0.168552664000927,0.42976671841912,-0.221052851228035,0.159544727219508
"Beitbridge","2012",0.152966308579878,0.381767499734393,-0.0242307265258179,0.149954178394793
"Beitbridge","2013",0.169634967405934,0.410220046001776,-0.177598214605929,0.165627220841337
"Beitbridge","2014",0.185928273231031,0.461214706537955,-0.129974544310328,0.173443051674297
"Beitbridge","2015",0.187073896089098,0.444888887713409,-0.650154014713335,0.184500727864095
"Beitbridge","2016",0.156013485776652,0.3788345242066,-0.0587079662650661,0.140502141737989
"Beitbridge","2017",0.195156802923099,0.498535184432899,-0.0988649641050376,0.181954974201772
"Beitbridge","2018",0.175157466564174,0.477709603782471,-0.0710075528539202,0.15693704970842
"Beitbridge","2019",0.164174951073517,0.443034426806238,-0.0408021942833116,0.15640901359916
"Beitbridge","2020",0.148085003906659,0.402622012823934,-0.190702208281468,0.143743391275899
"Beitbridge","2021",0.218111830074412,0.547605875574672,-0.17639920710493,0.202254508069726
"Bikita","2005",0.189892092277293,0.417983576301658,-0.0828346881822117,0.178382547307785
"Bikita","2006",0.247268770312842,0.526598278473884,-0.0240575560108667,0.227294683876007
"Bikita","2007",0.225225349430586,0.5287905725093,-0.188682250012345,0.210170183846086
"Bikita","2008",0.229677291971132,0.515064264716958,-0.0793080843950328,0.21394196896422
"Bikita","2009",0.226901809199664,0.532304512236485,-0.184020827257637,0.20227630574032
"Bikita","2010",0.225410443312282,0.451857402978498,-0.151772208578537,0.225179444600856
"Bikita","2011",0.218782591128424,0.494315667818764,-0.51493561481063,0.205231114367396
"Bikita","2012",0.228461708267403,0.480312356355243,-0.0943259460531014,0.213909107518284
"Bikita","2013",0.232651690925398,0.521059699088086,-0.129475624426273,0.230827609484559
"Bikita","2014",0.241673697801448,0.493177703941013,-0.487783895046654,0.224678074503662
"Bikita","2015",0.246183638788093,0.485925646759926,-0.122364627291141,0.236609079876447
"Bikita","2016",0.224027125766556,0.443455080192912,-0.24807963027777,0.218370705362656
"Bikita","2017",0.261398356857627,0.579026997897268,-0.109473171349268,0.255188091381228
"Bikita","2018",0.237208761822767,0.520184569350404,-0.137361668227748,0.223392264183624
"Bikita","2019",0.258819452608267,0.50983100390601,-0.0412246644520856,0.250547820621186
"Bikita","2020",0.238576077002362,0.554666636562436,-0.293949743791214,0.221809854810589
"Bikita","2021",0.253565353918903,0.561942488456943,-0.106079716774506,0.237750178190056
"Bindura","2005",0.232636338489492,0.545293034922114,-0.0370035591009756,0.208281714711309
"Bindura","2006",0.256540871473376,0.540704299940678,-0.0735460598115207,0.240118165493833
"Bindura","2007",0.246014775479465,0.548824944839634,-0.306795325694985,0.229821553483547
"Bindura","2008",0.250627913878501,0.539130384610933,-0.192356702951319,0.222748651774921
"Bindura","2009",0.252799191117781,0.556155770316785,-0.275961845962919,0.234308188845604
"Bindura","2010",0.255423489916375,0.567215399543573,-0.0211179930990568,0.238554332249973
"Bindura","2011",0.247747904824774,0.540358393399195,-0.103624344924282,0.223092447922018
"Bindura","2012",0.256620339464397,0.557168537682505,-0.113603588894348,0.22688292794258
"Bindura","2013",0.251506003572556,0.557887291920407,-0.109433922047532,0.223247484441256
"Bindura","2014",0.242236311728878,0.533301637217866,-0.633157645797033,0.217312814361521
"Bindura","2015",0.265795530629244,0.57015469900571,-0.0771553170077155,0.23537900342788
"Bindura","2016",0.269411579367376,0.554551416367612,-0.10704434732328,0.23943113159607
"Bindura","2017",0.267481008701975,0.526665502917578,-0.272434852188657,0.25208732031859
"Bindura","2018",0.259437552110692,0.575378916834349,-0.091610161114791,0.24092434356518
"Bindura","2019",0.257842350314953,0.562637964621273,-0.0409897217720173,0.232577202486075
"Bindura","2020",0.255918233250252,0.568160506020278,-0.14517439359975,0.225416630989611
"Bindura","2021",0.273815996198544,0.569968028030692,-0.11122111566876,0.257433371151264
"Binga","2005",0.186395397702187,0.449176975208719,-0.101564177129893,0.175504124025373
"Binga","2006",0.231139644680016,0.478571638167311,-0.0797579935118937,0.221310639899923
"Binga","2007",0.205133498377614,0.467494854491134,-0.0455215820052342,0.186753501478522
"Binga","2008",0.225388613158949,0.489085610762507,-0.244960004781751,0.205012940436348
"Binga","2009",0.227759523683502,0.485002015628982,-0.0388426037383662,0.211712080297318
"Binga","2010",0.226744404221409,0.479794835826231,-0.272036959338143,0.212246290413788
"Binga","2011",0.217103059937778,0.474928847139536,-0.0910097593886721,0.19932767949557
"Binga","2012",0.215066360098869,0.461651913957041,-0.0442276998353745,0.193371424830373
"Binga","2013",0.224649718891408,0.511761447484007,-0.0948437539243248,0.208142534966032
"Binga","2014",0.231804015249561,0.492768393054717,-0.0773183842922074,0.213442202040531
"Binga","2015",0.227530244401979,0.496268732298368,-0.0411456596357877,0.203860198381578
"Binga","2016",0.221857000053297,0.466135729236999,-0.654715869285755,0.208497136459052
"Binga","2017",0.238408298738024,0.478270011198785,-0.216528339326678,0.232407444578262
"Binga","2018",0.230559787629605,0.444834353422381,-0.236597921062731,0.212331248761563
"Binga","2019",0.230035427890332,0.512830011929344,-0.212398780667594,0.208044767535272
"Binga","2020",0.224298273041349,0.47535769091886,-0.300352697491095,0.206033396768987
"Binga","2021",0.231842955788285,0.487209027697369,-0.0548684388329878,0.214965326254891
"Bubi","2005",0.203633158471757,0.427680591106059,-0.100085830801075,0.18437429030224
"Bubi","2006",0.249646254705937,0.524894077881991,-0.0320882613074935,0.232904231202807
"Bubi","2007",0.207138633946836,0.47994424713866,-0.0432353361641383,0.181196594376622
"Bubi","2008",0.228959032747419,0.520811523164367,-0.138101042318074,0.208261897185126
"Bubi","2009",0.235668304170346,0.529236793863236,-0.183075109625064,0.225575109925276
"Bubi","2010",0.224463307704943,0.481638697872712,-0.0939540242557502,0.20163141509548
"Bubi","2011",0.225358047555393,0.501675824651328,-0.144543314155647,0.206978709643022
"Bubi","2012",0.216837942874071,0.463786076565619,-0.0914138835661349,0.19216184968154
"Bubi","2013",0.214748158823699,0.467315174688024,-0.119445229054204,0.197241215659945
"Bubi","2014",0.23379434834765,0.493516423952559,-0.0989352871894005,0.216046322356573
"Bubi","2015",0.238378400907716,0.506784830512435,-0.0909025894314658,0.223433076336158
"Bubi","2016",0.229757257773666,0.486732117310683,-0.0650958008697439,0.216320245423987
"Bubi","2017",0.268694603081158,0.510802620099823,-0.0959259310156588,0.262743795249249
"Bubi","2018",0.234569924070277,0.503024689342238,-0.0259121830012693,0.213328462710182
"Bubi","2019",0.233188537736314,0.492529156628082,-0.142802648489632,0.212415827454423
"Bubi","2020",0.235844217268043,0.483139394368518,-0.0546738288908478,0.225798303303682
"Bubi","2021",0.255149861267221,0.518355270231968,-0.135006047199044,0.239341874210479
"Buhera","2005",0.166862836802172,0.359334571935809,-0.0788444929235741,0.160010463540929
"Buhera","2006",0.209801405963113,0.436168696017395,-0.0252860678457704,0.191534923306243
"Buhera","2007",0.197880885671881,0.500705535551734,-0.153597230039858,0.184707477576978
"Buhera","2008",0.202318144042012,0.576364897296943,-0.05031933186215,0.182323350782993
"Buhera","2009",0.193852347437713,0.466547857839982,-0.217710214364912,0.18160799373812
"Buhera","2010",0.199534887260144,0.389858430831602,-0.0330595306518544,0.187257990228903
"Buhera","2011",0.191698927405668,0.476443073041891,-0.0927917296321607,0.177795783747851
"Buhera","2012",0.196502685947858,0.419342595603184,-0.157252615260411,0.183753741002085
"Buhera","2013",0.196694305395977,0.44694068285926,-0.136769821644918,0.190158860205883
"Buhera","2014",0.197811867995885,0.461696758191874,-0.768024877205905,0.18625185251196
"Buhera","2015",0.218010871168097,0.410739212327297,-0.102182118352455,0.208813655520464
"Buhera","2016",0.201283602332308,0.385872655686283,-0.101491576142126,0.196975310737147
"Buhera","2017",0.224022056854433,0.59832324360567,-0.172726931556481,0.213641223231283
"Buhera","2018",0.209438642532551,0.50214787813947,-0.0458183731382536,0.19556160300487
"Buhera","2019",0.220612623402488,0.494941004183588,-0.153725940058342,0.214378347711319
"Buhera","2020",0.199505263156085,0.471947558322087,-0.0793493747149552,0.187538222936602
"Buhera","2021",0.216616299388241,0.520338933698279,-0.210080810565345,0.199075642690513
"Bulawayo","2005",0.168957793507194,0.391386699024299,-0.252306614400899,0.155721706798795
"Bulawayo","2006",0.222788807739507,0.471354531874065,-0.143552022528899,0.197876004242442
"Bulawayo","2007",0.192428267455252,0.416724259720145,-0.258260653256875,0.180846111785219
"Bulawayo","2008",0.203513734808161,0.481350940065223,-0.230896648856499,0.176630402890238
"Bulawayo","2009",0.21840274945782,0.480960879297946,-0.138440815549427,0.19571796123531
"Bulawayo","2010",0.21395226601597,0.46842832958559,-0.163145199363274,0.193928613011109
"Bulawayo","2011",0.205937659686423,0.483654283752304,-0.46907078629265,0.187384035053719
"Bulawayo","2012",0.191180547478875,0.433258936698594,-0.32262185613142,0.17243626287011
"Bulawayo","2013",0.200888017413449,0.460347786733364,-0.796751521618617,0.183827142388615
"Bulawayo","2014",0.215192538730848,0.470530399842084,-0.16452621926855,0.197400358828443
"Bulawayo","2015",0.214964497920774,0.469320105078576,-0.0344922607722693,0.18936847290544
"Bulawayo","2016",0.191455427763102,0.437733722174371,-0.134412182156986,0.172982628540491
"Bulawayo","2017",0.2352664994038,0.510780286918887,-0.356707554908836,0.224325896015742
"Bulawayo","2018",0.205040671551315,0.471149466299426,-0.0203167314037967,0.181394116701413
"Bulawayo","2019",0.208196416394482,0.464248653900843,-0.251379359537312,0.189293229937435
"Bulawayo","2020",0.202512982107562,0.440718182464231,-0.304483134216812,0.194776679117714
"Bulawayo","2021",0.222575925659926,0.481682178195287,-0.378658439161906,0.202357946655417
"Bulilima (North)","2005",0.198854930291094,0.39035846105358,-0.0982555996661355,0.184701380199726
"Bulilima (North)","2006",0.249388946084537,0.476879603771573,-0.0647400220253059,0.237251610847942
"Bulilima (North)","2007",0.222648043967877,0.443134513093529,-0.0752839203386076,0.214809621099871
"Bulilima (North)","2008",0.213059987776406,0.464078646765337,-0.1167319782831,0.194268131495852
"Bulilima (North)","2009",0.234416775554896,0.490161380212987,-0.122709802946069,0.225256598895482
"Bulilima (North)","2010",0.215433778691723,0.408936403385148,-0.0520983288543522,0.203818688330987
"Bulilima (North)","2011",0.218283998840795,0.469013658460156,-0.137224530748403,0.208391461598808
"Bulilima (North)","2012",0.217068053559436,0.442768773485377,-0.055779085439922,0.198264204927088
"Bulilima (North)","2013",0.212209398654838,0.426976966433438,-0.173941847476808,0.198188408056226
"Bulilima (North)","2014",0.236927135639417,0.459892608276221,-0.0977722671897766,0.227827332562957
"Bulilima (North)","2015",0.22407140660699,0.450030920003339,-0.0758523176228162,0.214030547453408
"Bulilima (North)","2016",0.228077677773483,0.450873410807903,-0.00568795650594376,0.220098389646993
"Bulilima (North)","2017",0.256274738286361,0.488050610296641,-0.237101906072265,0.264914568099395
"Bulilima (North)","2018",0.225010536602236,0.469617046921772,-0.251751683873623,0.216098421407244
"Bulilima (North)","2019",0.229740765309721,0.501758268774812,-0.0462865979430226,0.216117728975688
"Bulilima (North)","2020",0.215294363573075,0.411880478020953,-0.0734968706860153,0.208427959915987
"Bulilima (North)","2021",0.245256773626575,0.497116509330997,-0.167335343464762,0.237337068966945
"Centenary","2005",0.215826846163879,0.52508298254197,-0.14936840203748,0.195723048116278
"Centenary","2006",0.24347390821451,0.503336013176664,-0.0368322184050667,0.224669728192382
"Centenary","2007",0.218394314550502,0.497457219510413,-0.185907674874269,0.199931917501506
"Centenary","2008",0.248567281748964,0.544765792301146,-0.502219513276623,0.236294927157486
"Centenary","2009",0.248432501715918,0.523897811950468,-0.162835594882687,0.232962114373296
"Centenary","2010",0.229221649011154,0.537218496549293,-0.122653041216928,0.210142776479814
"Centenary","2011",0.232340019779168,0.521691354050762,-0.0225698361641748,0.210355989666218
"Centenary","2012",0.242128519452561,0.523790148920752,-0.119718353592731,0.223373970745109
"Centenary","2013",0.245904900827727,0.531376005158227,-0.090795872758024,0.222147165603775
"Centenary","2014",0.249403473289437,0.527851595118974,-0.227304885043828,0.224638247043427
"Centenary","2015",0.264444953439468,0.569078613777758,-0.0196220824977354,0.24389377600349
"Centenary","2016",0.237454596001593,0.525113331010529,-0.4642057857944,0.212872165193924
"Centenary","2017",0.265683194513551,0.545564853001502,-0.132960060134423,0.264435958798785
"Centenary","2018",0.24698937820511,0.548414556456706,-0.228058593847676,0.235388102574029
"Centenary","2019",0.245539851334651,0.519588120699475,-0.101307740180526,0.223274895658924
"Centenary","2020",0.245354623007389,0.556204912906266,-0.0768781332276356,0.226706306975681
"Centenary","2021",0.254721253040281,0.536543650029804,-0.330116300607041,0.242767404131252
"Chegutu","2005",0.201217583179745,0.467258985360585,-0.0521058121489751,0.176686382724403
"Chegutu","2006",0.241022397165799,0.510616542727863,-0.238869603111192,0.219648235264508
"Chegutu","2007",0.217760157416774,0.453834501371142,-0.1676714142379,0.197718455547159
"Chegutu","2008",0.232885643383235,0.493536153507134,-0.0864129707529764,0.211035452263989
"Chegutu","2009",0.242859289547582,0.526937600049313,-0.260156225194315,0.232130694536346
"Chegutu","2010",0.234703329606056,0.508452300155848,-0.124601800216334,0.223831729571849
"Chegutu","2011",0.229188837610282,0.477994268151968,-0.0771232422425489,0.211766101667432
"Chegutu","2012",0.241959122757239,0.498027168249982,-0.129513533826451,0.215325156369864
"Chegutu","2013",0.234180800800802,0.503311407962541,-0.109191575223735,0.210559255947621
"Chegutu","2014",0.235574311864192,0.48569353534078,-0.489629971468345,0.216776590096786
"Chegutu","2015",0.250966377517867,0.514952840956077,-0.146080441969228,0.228639394733954
"Chegutu","2016",0.24344522084043,0.497831828977587,-0.13175989287672,0.227814573864223
"Chegutu","2017",0.258708942133162,0.505527155494175,-0.109406238995145,0.242884709324198
"Chegutu","2018",0.247621880625882,0.510431564150792,-0.28401042989762,0.225708497541919
"Chegutu","2019",0.2436205266881,0.537682852606383,-0.157970428827483,0.221516018535286
"Chegutu","2020",0.240647316907076,0.483647035295931,-0.264674612692995,0.225659009163884
"Chegutu","2021",0.249774771814218,0.499510196080723,-0.0925521964176868,0.230220265965892
"Chikomba","2005",0.190353953520105,0.431821061574382,-0.0852421868396292,0.175790385208791
"Chikomba","2006",0.226536093443642,0.47499289608702,-0.19694565087401,0.209493976027131
"Chikomba","2007",0.203442476252124,0.422244939098806,-0.288981726884971,0.190939004699243
"Chikomba","2008",0.218922093087124,0.449241583492598,-0.0822688654497567,0.202716851235911
"Chikomba","2009",0.215924841352882,0.466567743254103,-0.311566830370608,0.204087587077179
"Chikomba","2010",0.222505093973647,0.471563981337188,-0.0283445949634293,0.205753507627218
"Chikomba","2011",0.21770209488736,0.453912366145331,-0.0149782296154716,0.20463206827499
"Chikomba","2012",0.221718614658985,0.45451565897702,-0.0828713534084897,0.207262366564159
"Chikomba","2013",0.215632245617324,0.436134410334363,-0.13005793651929,0.204855990294693
"Chikomba","2014",0.221435899059676,0.440026208356553,-0.588577466057949,0.206154619532603
"Chikomba","2015",0.240156867039966,0.484793948667871,-0.214927462470782,0.227920856285128
"Chikomba","2016",0.224133507863687,0.449092524112082,-0.0177521088840912,0.203136189590727
"Chikomba","2017",0.236421424066708,0.491052405101229,-0.150937714356761,0.231410508470715
"Chikomba","2018",0.230585725352506,0.475247406955432,-0.0733538611585171,0.219946033046338
"Chikomba","2019",0.237778210773896,0.501594504535516,-0.140075593728398,0.222802720682665
"Chikomba","2020",0.226650952088217,0.467795749983825,-0.0846708729348147,0.216297435590875
"Chikomba","2021",0.230919145190301,0.506948447397006,-0.0431096671159521,0.216567973312934
"Chimanimani","2005",0.245881495106641,0.470285363830456,-0.173686752972815,0.244255588074895
"Chimanimani","2006",0.26973658297034,0.545876429719552,-0.115087020145983,0.266506187951179
"Chimanimani","2007",0.261184889282753,0.523935680020252,-0.214806566994434,0.262320209030433
"Chimanimani","2008",0.274923786283699,0.526658119572689,-0.0102209190368874,0.267992878696129
"Chimanimani","2009",0.271236967246479,0.536190325551542,-0.445809465650367,0.276325839965642
"Chimanimani","2010",0.26240279785552,0.49459975873831,-0.145003600889034,0.261054215279075
"Chimanimani","2011",0.26824514446218,0.524738664948587,-0.182675019364561,0.268596712361579
"Chimanimani","2012",0.273190428504488,0.537531126152856,-0.0831141644150164,0.267153279299194
"Chimanimani","2013",0.28283116799852,0.555837803015457,-0.111091597817175,0.290355576381895
"Chimanimani","2014",0.268875741328486,0.539257962223455,-0.253336902444989,0.275658370737554
"Chimanimani","2015",0.288582685794857,0.535979787676824,-0.39338553396721,0.282848443641116
"Chimanimani","2016",0.265572791956623,0.500749404197313,-0.5584494090635,0.263175870806985
"Chimanimani","2017",0.291195802571084,0.539541945861267,-0.162642296037598,0.288813452726797
"Chimanimani","2018",0.278544910085067,0.531028710933539,-0.110534143308011,0.288976866974552
"Chimanimani","2019",0.292399684289739,0.553772119254712,-0.144096154777256,0.29275331106003
"Chimanimani","2020",0.272654941349573,0.546476670902869,-0.0622259123446511,0.277895722378895
"Chimanimani","2021",0.283497329291698,0.544899531136135,-0.402960829966261,0.290203471451581
"Chipinge","2005",0.206769044893155,0.430676096236631,-0.0552038206655314,0.192353214332852
"Chipinge","2006",0.258553449018804,0.56545566120135,-0.097707215177097,0.234059066814002
"Chipinge","2007",0.229228705506079,0.510445639155551,-0.214346135428047,0.21365441591352
"Chipinge","2008",0.243651270144482,0.538769394278939,-0.0417271090845116,0.219956118228734
"Chipinge","2009",0.258615601620924,0.563813571839803,-0.101836983070972,0.241345841515674
"Chipinge","2010",0.247498898563283,0.515955216801413,-0.0780095342832642,0.240494810470462
"Chipinge","2011",0.236839774822904,0.511986986164865,-0.217296368263628,0.228033011114862
"Chipinge","2012",0.2376235474325,0.478218955454875,-0.082373246224942,0.227732481067276
"Chipinge","2013",0.252470407766303,0.544876142670075,-0.07243105233795,0.250591026494961
"Chipinge","2014",0.267599466514253,0.571606385891492,-0.0857634796970495,0.249388448666634
"Chipinge","2015",0.24295366513372,0.525365090142612,-0.0814824668462476,0.22619379974232
"Chipinge","2016",0.225401527313164,0.466297634515443,-0.202701181923106,0.217207207056608
"Chipinge","2017",0.288892297990457,0.597785492042382,-0.0947430814045031,0.284512323988827
"Chipinge","2018",0.256087354717282,0.543547810789716,-0.104784641205779,0.244013490161922
"Chipinge","2019",0.263923932203887,0.514487852318894,-0.0759940427272715,0.25320067417263
"Chipinge","2020",0.250623353100213,0.552922489841906,-0.0746284382777035,0.2381922819865
"Chipinge","2021",0.274993722613128,0.597620974744691,-0.216240731573593,0.264789670344186
"Chiredzi","2005",0.172806620563655,0.388603489861169,-0.123923292877764,0.164248529777638
"Chiredzi","2006",0.227021550054721,0.537542824235051,-0.110110058474273,0.209915978531252
"Chiredzi","2007",0.214164172201357,0.493245382847205,-0.128708704616158,0.202168177599916
"Chiredzi","2008",0.223148430169129,0.546966598743441,-0.110041250909547,0.210235864690252
"Chiredzi","2009",0.237887919357351,0.539852362082181,-0.249351741836938,0.221907727653139
"Chiredzi","2010",0.238556411757412,0.500914977453185,-0.150598502354444,0.231401967009137
"Chiredzi","2011",0.215040326228592,0.478487514581775,-0.189702591340534,0.209929056076212
"Chiredzi","2012",0.208892845219201,0.46697017345965,-0.0481012070695131,0.200035473979306
"Chiredzi","2013",0.216134639570323,0.493624671928184,-0.15833654691979,0.208402782555816
"Chiredzi","2014",0.242945382610072,0.507738901613169,-0.0828858179984153,0.231682029219763
"Chiredzi","2015",0.222244662510878,0.49570873657248,-0.0916909847454916,0.20523060634775
"Chiredzi","2016",0.204268233909265,0.444298357448754,-0.0646779970403103,0.190701426538276
"Chiredzi","2017",0.269679602600227,0.60613989974682,-0.223047401765812,0.265973997803775
"Chiredzi","2018",0.222359761663545,0.525028625207357,-0.0966691677950252,0.203272075105135
"Chiredzi","2019",0.2191155631951,0.485863773847297,-0.0799557259535595,0.204267865372948
"Chiredzi","2020",0.212703148948429,0.504424858299535,-0.144568817268683,0.198508647400534
"Chiredzi","2021",0.252326752148735,0.601556759298116,-0.224106322253482,0.239504758619368
"Chirumhanzu","2005",0.190856067703509,0.417814306991297,-0.0314329652632685,0.182646936846039
"Chirumhanzu","2006",0.228488674873135,0.472813064456627,-0.0861535720432804,0.217893145209052
"Chirumhanzu","2007",0.20356599726544,0.433971140215229,-0.145312324277647,0.193528611459718
"Chirumhanzu","2008",0.216948004926345,0.448580149331248,-0.144662076058688,0.205829608086534
"Chirumhanzu","2009",0.211665176304835,0.438389352967882,-0.191497362416672,0.200156757131104
"Chirumhanzu","2010",0.224155078584961,0.445214774717983,-0.139548611162057,0.214742526353836
"Chirumhanzu","2011",0.208529268145732,0.422468223943687,-0.095832801594929,0.195019799204412
"Chirumhanzu","2012",0.222439098311459,0.41158175416553,-0.043029997918288,0.207659551331081
"Chirumhanzu","2013",0.21272717810448,0.424563370714248,-0.117424228342737,0.201241333760037
"Chirumhanzu","2014",0.214557381342011,0.423801099401164,-0.154023387477779,0.200950317556777
"Chirumhanzu","2015",0.228948842707028,0.428021256708177,-0.0752207452760906,0.21482279148584
"Chirumhanzu","2016",0.224051821272495,0.44766826287159,-0.0887002425706843,0.209736321367429
"Chirumhanzu","2017",0.235021171136881,0.446772003991148,-0.670213870902558,0.22952207101727
"Chirumhanzu","2018",0.224454726464579,0.46040475663966,-0.101342964728942,0.216649386266672
"Chirumhanzu","2019",0.228962222873593,0.452104570433863,0.00885437490081189,0.214851570138253
"Chirumhanzu","2020",0.220211028851701,0.455955168113146,-0.201051131614419,0.212595346146377
"Chirumhanzu","2021",0.234927548702832,0.448932300597048,-0.12550376172431,0.22786704049981
"Chivi","2005",0.172045964885898,0.43084009067498,-0.100889139487645,0.165882489360323
"Chivi","2006",0.234188988940881,0.561307043200569,-0.116267456011332,0.217357443383033
"Chivi","2007",0.202449092644903,0.490181523971045,-0.164131846507587,0.19800400937824
"Chivi","2008",0.205791754220465,0.490252061322523,-0.0901668776023555,0.19547564229052
"Chivi","2009",0.213119805193058,0.535712148684369,-0.161905822267806,0.199852947309978
"Chivi","2010",0.221551290174644,0.515344545179339,-0.147569680566747,0.218875456210291
"Chivi","2011",0.195704445963317,0.479413857285587,-0.258090477743552,0.18776406505693
"Chivi","2012",0.19790498338712,0.455442385919921,-0.114280608140715,0.187896311405168
"Chivi","2013",0.187636705864572,0.4140955609893,-0.0634455065680703,0.181717996972679
"Chivi","2014",0.222620213497571,0.475106397234314,-0.108781805852275,0.209995360627342
"Chivi","2015",0.219484665842721,0.502653183808156,-0.20820700532345,0.208256461878897
"Chivi","2016",0.206524377801062,0.540761229319362,-0.00663868650009153,0.187422583921389
"Chivi","2017",0.240906127698387,0.53583500542009,-0.177866602109282,0.240695426297753
"Chivi","2018",0.213497538680097,0.520052344475068,-0.0738537267822137,0.206267541563161
"Chivi","2019",0.215809603007467,0.525824051852539,-0.17878639922322,0.20629366106375
"Chivi","2020",0.209021644929139,0.492991579880664,-0.104792003240627,0.201543219967356
"Chivi","2021",0.227561720312989,0.547837811072479,-0.102320199201009,0.217675314554023
"Gokwe North","2005",0.1984311915663,0.469798739250012,-0.111046734905791,0.183621624773872
"Gokwe North","2006",0.261141579228163,0.552880148851284,-0.168637578961094,0.246135509576911
"Gokwe North","2007",0.227331715645097,0.484547005610638,-0.0355477100810821,0.20813610578776
"Gokwe North","2008",0.255660570089036,0.538762750642708,-0.0364059439619847,0.238542178858032
"Gokwe North","2009",0.260484275125242,0.551360536322552,-0.172983574740992,0.252453129251202
"Gokwe North","2010",0.252028301436278,0.547222067475499,-0.203477877810218,0.224902766478051
"Gokwe North","2011",0.249068544659203,0.517091575757913,-0.227830002074399,0.225130133423045
"Gokwe North","2012",0.24801658268341,0.528879016853188,-0.176920606832697,0.215333999181099
"Gokwe North","2013",0.24679884350857,0.559450345730458,-0.0866182103534385,0.218929300454917
"Gokwe North","2014",0.247542587836347,0.536977758916927,-0.267006551795292,0.216136950943876
"Gokwe North","2015",0.261406965878405,0.582932675038356,-0.0629336633034295,0.236710728141235
"Gokwe North","2016",0.263674120116138,0.520555593183351,-0.121667495903987,0.247071511922585
"Gokwe North","2017",0.276200087613128,0.562257870761667,-0.137076479271328,0.27081263688353
"Gokwe North","2018",0.256383176702296,0.570062232687198,-0.148988471108605,0.23172738417593
"Gokwe North","2019",0.240859704189883,0.520892242323974,-0.0743203434260657,0.221665437075758
"Gokwe North","2020",0.242949063227024,0.534198605493012,-0.208117982407352,0.215643615628673
"Gokwe North","2021",0.266607474709412,0.575096376815914,-0.0871686199844627,0.249343967906749
"Gokwe South","2005",0.211328056845246,0.444367290560538,-0.0607037736798907,0.198110897026239
"Gokwe South","2006",0.252644568847118,0.490357566366307,-0.0979090314990319,0.246409157399639
"Gokwe South","2007",0.219904351717376,0.46320498932438,-0.0905678368992447,0.207234554702301
"Gokwe South","2008",0.248448294091446,0.470127797404284,-0.0486875207691991,0.22943572332861
"Gokwe South","2009",0.249230066590713,0.498019340357414,-0.0908048759506188,0.238658769907865
"Gokwe South","2010",0.243092246879432,0.496673298283249,-0.176416245990815,0.227170926020233
"Gokwe South","2011",0.241509343838926,0.488166057203621,-0.248923147863991,0.224160600874519
"Gokwe South","2012",0.244678654142258,0.491255938323259,-0.132747587108924,0.22039874344797
"Gokwe South","2013",0.252410680964216,0.506094871604617,-0.146666713454616,0.237572989580386
"Gokwe South","2014",0.244012608355604,0.475560623132307,-0.174321008763961,0.226388685084892
"Gokwe South","2015",0.247390511359614,0.521054869508487,-0.112940760770926,0.227338265151092
"Gokwe South","2016",0.253121416458919,0.485195060512917,-0.0677996866480283,0.235303149733507
"Gokwe South","2017",0.263639454041592,0.496870882157378,-0.050081717884673,0.255550076003614
"Gokwe South","2018",0.246897708725685,0.513151339145452,-0.0906910211973661,0.229695063767339
"Gokwe South","2019",0.247358091923954,0.502819020550404,-0.169010189984121,0.232545648707814
"Gokwe South","2020",0.243872478952974,0.489667350715417,-0.0321832150790784,0.229006059063509
"Gokwe South","2021",0.258372325046398,0.5272452510234,-0.130447829745367,0.244874549471537
"Goromonzi","2005",0.22513591017604,0.500987163762888,-0.00128138850544689,0.201723378648134
"Goromonzi","2006",0.246425047345862,0.508766694682115,-0.0318187544534904,0.229785417681798
"Goromonzi","2007",0.238982042046142,0.491390681350389,-0.114306925368617,0.220203614792041
"Goromonzi","2008",0.243313709029753,0.535535184076213,-0.144717243979414,0.216688567776615
"Goromonzi","2009",0.243651343727071,0.522585887814672,-0.244727180349485,0.227924512866215
"Goromonzi","2010",0.251613749500869,0.528948720508983,0.000879557970096292,0.239146361917306
"Goromonzi","2011",0.246232270653679,0.501817245553541,-0.139568868147944,0.234054976809391
"Goromonzi","2012",0.242812263658452,0.535580988787997,-0.145932271645178,0.216528081060468
"Goromonzi","2013",0.241667536317424,0.523357427067528,-0.305502030146418,0.225419558606598
"Goromonzi","2014",0.237009560891229,0.503819726095572,-0.128768579125965,0.216606705903238
"Goromonzi","2015",0.25691192674587,0.53271334515304,-0.0653993820904051,0.23320205531375
"Goromonzi","2016",0.256893980134026,0.521039772323519,-0.156272111998539,0.239343332320204
"Goromonzi","2017",0.259272215239851,0.510057783648695,-0.0807627135812367,0.239081617898012
"Goromonzi","2018",0.256665750916803,0.511134156630677,-0.0732285592977468,0.235728618905254
"Goromonzi","2019",0.250828665401903,0.518166158737878,-0.00414908485988721,0.227044269974291
"Goromonzi","2020",0.242776829858489,0.542862290107354,-0.124700749089909,0.221978188928697
"Goromonzi","2021",0.2641865606693,0.504784625588596,-0.171135671498844,0.247056390883958
"Guruve","2005",0.224389358555894,0.530667015589726,-0.118352408845683,0.199678539645014
"Guruve","2006",0.248017369403097,0.505062155989328,-0.0921932204874611,0.225077316815495
"Guruve","2007",0.228563396002202,0.514464654009379,-0.10755647548564,0.211277340580342
"Guruve","2008",0.25883205592236,0.572892200794077,-0.114836699001461,0.240736437161225
"Guruve","2009",0.256024534172876,0.532971367250757,-0.178503768703358,0.240512646897656
"Guruve","2010",0.23842377786429,0.517306884223154,-0.104848253999629,0.219189562953966
"Guruve","2011",0.235928368434667,0.534186062776561,-0.0505865174432531,0.21448883927752
"Guruve","2012",0.243847490590575,0.525150832711845,-0.0821107935538928,0.225309048266042
"Guruve","2013",0.250209048566848,0.510059631084174,-0.0442323464582017,0.230496564677766
"Guruve","2014",0.247338112366539,0.492275426039304,-0.268648480548043,0.222077617681463
"Guruve","2015",0.264808766798889,0.555919183962436,-0.102689451363861,0.246716420264526
"Guruve","2016",0.247216419053179,0.529149634590158,-0.147845406623494,0.216116267677096
"Guruve","2017",0.263148585126882,0.533486771669719,-0.134709245489832,0.253793525219752
"Guruve","2018",0.257476940755922,0.542212264960838,-0.113549832006658,0.238690066333109
"Guruve","2019",0.244254218603679,0.557921967251734,-0.137783036624819,0.219153102396972
"Guruve","2020",0.246078585458721,0.553602430749064,-0.064023308198701,0.225008996046586
"Guruve","2021",0.264081064425825,0.522158989462034,-0.197820702177809,0.254867580727961
"Gutu","2005",0.177742232750153,0.404072315566745,-0.0680140329657726,0.172425938769499
"Gutu","2006",0.221341965048145,0.433124762211025,-0.00986143225660224,0.2137971211255
"Gutu","2007",0.199642885758124,0.410826560648146,-0.145785348108153,0.193423887828005
"Gutu","2008",0.206003418575751,0.424559596552611,-0.0346522536410462,0.195835688981885
"Gutu","2009",0.204629628357495,0.447190609425966,-0.255202953611466,0.194439007011962
"Gutu","2010",0.215105890631633,0.406464142057493,-0.0413480220622434,0.202478595638685
"Gutu","2011",0.203166296245844,0.424356031836276,-0.15504040432892,0.191144405098181
"Gutu","2012",0.207012641617847,0.412398938853866,-0.0735177375717187,0.193985511504589
"Gutu","2013",0.206182717873091,0.402859616026748,-0.127964652442259,0.199450236719004
"Gutu","2014",0.207150546045582,0.411161523305668,-0.249980673775314,0.198514469844037
"Gutu","2015",0.223742469018458,0.437649515117397,-0.0982228294463299,0.212188221815808
"Gutu","2016",0.213154260046737,0.416248941084654,-0.0422252333072685,0.197844033678957
"Gutu","2017",0.231046350986425,0.472318378803475,-0.258425234344021,0.226370610338314
"Gutu","2018",0.216876377601612,0.447817369682453,-0.0781131860710182,0.209424796206806
"Gutu","2019",0.23114190176948,0.472770427214739,-0.0425436014199098,0.221154670917888
"Gutu","2020",0.207403930021823,0.43123111253497,-0.136789524524788,0.194499961522495
"Gutu","2021",0.225068931656133,0.471804615382721,-0.0296939862359829,0.214583852576181
"Gwanda","2005",0.15541305419674,0.390592071918698,-0.119668356010751,0.153342670028662
"Gwanda","2006",0.198177670381509,0.453986040817371,-0.0982999987618287,0.179149091352002
"Gwanda","2007",0.19452786091159,0.431084365653595,-0.203030962588453,0.194868489800421
"Gwanda","2008",0.177113386668575,0.442756666336524,-0.103417843644323,0.166971646636849
"Gwanda","2009",0.189986421909102,0.531460058019951,-0.165362733880728,0.164978264235434
"Gwanda","2010",0.192383374254813,0.39594204853776,-0.148742456145414,0.183162849035343
"Gwanda","2011",0.185373838681044,0.501857691015313,-0.19781411476877,0.166020404553314
"Gwanda","2012",0.179686903485395,0.449593536749475,-0.102218621829666,0.167890411931289
"Gwanda","2013",0.179515050801656,0.425455194276864,-0.17737823365407,0.172251589191887
"Gwanda","2014",0.206236551427447,0.481184280318449,-0.0864715548258587,0.192588671560444
"Gwanda","2015",0.205693945830805,0.444963419583891,-0.303889148225645,0.194533188762673
"Gwanda","2016",0.186654190204105,0.43188258600662,-0.0959869410310169,0.167047349378415
"Gwanda","2017",0.223149354437409,0.517091147299748,-0.0422318362963856,0.20951475451215
"Gwanda","2018",0.199107546487677,0.487637464970603,-0.00712660924575789,0.175753968349287
"Gwanda","2019",0.20089968834458,0.468076413340291,-0.0771474546036776,0.181502129483719
"Gwanda","2020",0.181966992972494,0.415900795545248,-0.129604645754822,0.170471652626973
"Gwanda","2021",0.221259874196929,0.499503759358886,-0.201435522146375,0.201955243978692
"Gweru","2005",0.19476896559045,0.454852307682961,-0.0816610140838987,0.173768395610476
"Gweru","2006",0.235586769486515,0.475242173320841,-0.39157411595551,0.220968015377503
"Gweru","2007",0.207891180587184,0.455881076327567,-0.0714026105876616,0.190571619640131
"Gweru","2008",0.218066404228493,0.474164618845817,-0.0613574937380808,0.201709963515024
"Gweru","2009",0.223375790177314,0.45581815766018,-0.188329805310442,0.203101731527893
"Gweru","2010",0.226076589483428,0.480270136803485,-0.111641171710872,0.21392845530588
"Gweru","2011",0.218340585289146,0.464813295559072,-0.0713628546830245,0.200899665729839
"Gweru","2012",0.213475731379063,0.432740944423455,-0.0340690059139209,0.194890878844986
"Gweru","2013",0.202432604531896,0.446956299005115,-0.0947232922196781,0.192674778124135
"Gweru","2014",0.218963682772762,0.455125504271568,-0.0624098517534504,0.201523206976779
"Gweru","2015",0.231950320958218,0.46306491336632,-0.231376328315442,0.214649383130467
"Gweru","2016",0.223907207876235,0.477333545296916,-0.061753642326731,0.200956084258121
"Gweru","2017",0.246516543513657,0.46290164345828,-0.480474343118842,0.241220266286585
"Gweru","2018",0.218174028117798,0.476329766810186,-0.0280852383926153,0.199627472459902
"Gweru","2019",0.220129968828395,0.487875991337184,-0.0595424792279275,0.201669957530908
"Gweru","2020",0.218689258433405,0.445100372712656,-0.0763488939623987,0.209581979399714
"Gweru","2021",0.237663434274135,0.491731222390493,-0.0548922864452655,0.221114104335796
"Harare","2005",0.206621462280193,0.462181958711066,-0.0181563571929382,0.190885238218542
"Harare","2006",0.22853746449121,0.472304855064696,-0.456113769088107,0.213158330200431
"Harare","2007",0.21977732075544,0.461455665167441,-0.178025815440684,0.20612261383469
"Harare","2008",0.223416241156516,0.476364301562928,-0.259931513887833,0.206211419455365
"Harare","2009",0.226354680971251,0.460698462457028,-0.213315143918474,0.213609252300844
"Harare","2010",0.233439457144561,0.494838407104612,-0.0215847313113776,0.215429096330222
"Harare","2011",0.227062273337978,0.467153742787947,-0.349154300996866,0.214704115848694
"Harare","2012",0.227706279751645,0.454200232425296,-0.257847331574349,0.20962076016195
"Harare","2013",0.22162587268445,0.461213720316623,-0.292445692318453,0.207213163496681
"Harare","2014",0.213244312725992,0.453554551318332,-0.153421535306174,0.202936486434413
"Harare","2015",0.230841638247254,0.489952835087029,-0.329103188484845,0.216845861819163
"Harare","2016",0.223605593399332,0.454544265051349,-0.460194108806102,0.210071813012201
"Harare","2017",0.234420979840381,0.476406245585685,-0.0612848087978969,0.220913875309366
"Harare","2018",0.22789282878523,0.446042777924512,-0.0997799665923893,0.215713259762585
"Harare","2019",0.219524896047381,0.449467133242959,-0.041985312127934,0.198568801699683
"Harare","2020",0.20749497626691,0.456224154159961,-0.124656515532985,0.187070521760598
"Harare","2021",0.229356712367333,0.452661893868269,-0.260431911156562,0.213318058157671
"Hurungwe","2005",0.214877148807632,0.508208879074926,0.0099640939162634,0.194059574792395
"Hurungwe","2006",0.24753517162173,0.495586918011038,-0.189447995482143,0.231939633994393
"Hurungwe","2007",0.2339418850057,0.526599482563705,-0.0392434265703991,0.210024474755926
"Hurungwe","2008",0.260041328464843,0.565057337707279,-0.0986791092265381,0.242843469603878
"Hurungwe","2009",0.262534571780312,0.511941906191196,-0.199087921614686,0.254221949666373
"Hurungwe","2010",0.244824369017441,0.527298246146496,-0.0675747083156601,0.22136986748984
"Hurungwe","2011",0.241840424531455,0.510582904956572,-0.0217185520446478,0.220003748170006
"Hurungwe","2012",0.243677167376641,0.538622218727247,-0.031695065661909,0.214057346596307
"Hurungwe","2013",0.252383717789222,0.52459611036567,-0.0224554682471144,0.230483724308638
"Hurungwe","2014",0.248469926355277,0.535636212734338,-0.295332059150989,0.222808583712317
"Hurungwe","2015",0.261762352105476,0.569605424825774,0.015602345321825,0.23780725401784
"Hurungwe","2016",0.257178911459199,0.567817751358794,-0.108651968828067,0.236063547378984
"Hurungwe","2017",0.266388265982438,0.54046032212686,-0.115015668067445,0.255523096570674
"Hurungwe","2018",0.257936109932095,0.524847306195057,-0.146679378418335,0.246666802634829
"Hurungwe","2019",0.242219423629904,0.541495000050938,-0.0442131821458505,0.212655472371207
"Hurungwe","2020",0.258412681202211,0.572001798830678,-0.0857691147604433,0.239517020461984
"Hurungwe","2021",0.26345307958071,0.538686167397556,-0.178015634970079,0.243737556284942
"Hwange","2005",0.212507890389045,0.505116842826175,-0.0817463311744851,0.194744461426205
"Hwange","2006",0.264824150191735,0.562544094704689,-0.0344553427605654,0.245640267687072
"Hwange","2007",0.238033777605406,0.537142535505411,-0.0330272938134447,0.214728601641736
"Hwange","2008",0.251778179937102,0.568774075999536,-0.111936941598798,0.228517716939109
"Hwange","2009",0.267789054720607,0.573785429073189,-0.0565729010275768,0.241710351803367
"Hwange","2010",0.251683319280737,0.51835521345737,-0.0479357954690279,0.227628482390781
"Hwange","2011",0.238203570281432,0.547217049979897,-0.0150763929971358,0.208890904180236
"Hwange","2012",0.241444952030838,0.537719073165007,-0.120366284716693,0.216040295992825
"Hwange","2013",0.249004227501751,0.54753149186792,-0.199977375682255,0.224253043588664
"Hwange","2014",0.257040017697399,0.546417494902553,-0.0966958501773525,0.236772313950419
"Hwange","2015",0.261954278600962,0.592960433838627,-0.0861481570400506,0.233732651934445
"Hwange","2016",0.253001863008252,0.530463566560481,-0.0230219548827019,0.229493679295385
"Hwange","2017",0.268559869411938,0.556269345247913,-0.20689979923521,0.255048715498536
"Hwange","2018",0.260805499075496,0.476086648899051,-0.121868314248936,0.251860256822607
"Hwange","2019",0.261172533693151,0.577110368594074,-0.0471352434037238,0.237537542761665
"Hwange","2020",0.25079104832837,0.541249768414586,-0.0357562697409407,0.22728687578861
"Hwange","2021",0.26336999747063,0.553905367915261,-0.13727735159641,0.247013292186168
"Insiza","2005",0.169060540386014,0.406742630047827,-0.0445812950143455,0.158574946113325
"Insiza","2006",0.22545331779257,0.470776795825097,-0.127429635080744,0.203966801992759
"Insiza","2007",0.191527091015102,0.45431362288437,-0.204396250902583,0.175223039450602
"Insiza","2008",0.202293248026788,0.474247041647279,-0.12152273550662,0.186843587443734
"Insiza","2009",0.204612658098374,0.502216269577247,-0.139957990640461,0.183535638923579
"Insiza","2010",0.21166766716214,0.441121983061522,-0.0737391578608221,0.197738316245949
"Insiza","2011",0.196079944544985,0.452541882272914,-0.143190857572717,0.176487880958013
"Insiza","2012",0.189659161110791,0.429794213416169,-0.0659285690100953,0.173953164185353
"Insiza","2013",0.189878013967403,0.433195144203968,-0.0962171079057387,0.178289857300223
"Insiza","2014",0.213823903218036,0.461460570583447,-0.0435192878532299,0.202227328265919
"Insiza","2015",0.213665678691044,0.467074540474771,-0.0892909497403664,0.193790972801356
"Insiza","2016",0.200483820679568,0.464374396913953,-0.0519406155363738,0.179971790036998
"Insiza","2017",0.241160954012771,0.467011860073613,-0.174089557944163,0.230655730654663
"Insiza","2018",0.209346945943443,0.479538730502747,-0.0335314984514377,0.193790008441832
"Insiza","2019",0.20664747230026,0.458813789349163,-0.0746187847812309,0.192821659447156
"Insiza","2020",0.209426266277756,0.447751879267421,-0.102461837105172,0.203447805871351
"Insiza","2021",0.225682840943817,0.454070758984591,-0.204725100309266,0.206641612468341
"Kadoma","2005",0.211581661417469,0.466057033811889,-0.066444173052269,0.187988478174031
"Kadoma","2006",0.244224236096914,0.500904355590297,-0.0829111932250422,0.223890077396289
"Kadoma","2007",0.228408768600266,0.465095432914242,-0.0721946299386648,0.214144689119723
"Kadoma","2008",0.2434080583438,0.480895089328079,-0.00297203066341004,0.229590370359384
"Kadoma","2009",0.247990495692001,0.519126787018895,-0.241930717473661,0.235605862354656
"Kadoma","2010",0.244679578099688,0.490803123427402,-0.0604189507044132,0.22853708335904
"Kadoma","2011",0.227666336392688,0.47798698289285,-0.193038500026284,0.208358793084166
"Kadoma","2012",0.239633881966912,0.47680989854503,-0.0394880245766051,0.215982540625468
"Kadoma","2013",0.231488727055436,0.489380047463897,-0.145076390728789,0.210442435611996
"Kadoma","2014",0.239731057518981,0.496787292713253,-0.300329287601464,0.220073123975276
"Kadoma","2015",0.259053895008319,0.520380994822809,-0.124700726270115,0.239051957311079
"Kadoma","2016",0.2564057001766,0.487794779489881,-0.142092316346175,0.23810068124329
"Kadoma","2017",0.261563654835318,0.50704599283116,-0.241478089349145,0.25342635604705
"Kadoma","2018",0.249543634176691,0.519147443876937,-0.135909472414108,0.235614060920392
"Kadoma","2019",0.24660400827359,0.529024098604502,-0.0175276908880875,0.228235132763643
"Kadoma","2020",0.23890781747846,0.473546351424696,-0.0371871579327803,0.226867988931167
"Kadoma","2021",0.260654972550046,0.52063680631687,-0.0895624291549532,0.252092845491701
"Kariba","2005",0.161623286371903,0.415506914453782,-0.118576012533654,0.151250714394647
"Kariba","2006",0.201968929730172,0.435108985573129,-0.175065142417662,0.195172964928231
"Kariba","2007",0.187182074161549,0.418498829404944,-0.073536767900673,0.174345401140161
"Kariba","2008",0.196684130890609,0.429744259681818,-0.118735795629248,0.182529467338771
"Kariba","2009",0.199717519674935,0.430143046133678,-0.239864908191111,0.199097529374995
"Kariba","2010",0.192479571096296,0.412470362221582,-0.199789058130748,0.183150076386307
"Kariba","2011",0.190503614781687,0.412925103272887,-0.140013636626169,0.181070829402729
"Kariba","2012",0.190801333476799,0.439973654282978,-0.308570619776799,0.172212157187755
"Kariba","2013",0.199076767196956,0.471417562394312,-0.106955165895475,0.183456602685743
"Kariba","2014",0.19519588578655,0.444323686314295,-0.151304298492795,0.186639073492049
"Kariba","2015",0.206407386180894,0.461433187573119,-0.169674150287843,0.197305034241608
"Kariba","2016",0.205223294361222,0.432474839887378,-0.188426727330114,0.205333402626593
"Kariba","2017",0.21061860664697,0.432063922234143,-0.164394685826609,0.208362856012099
"Kariba","2018",0.200356632574832,0.468948815479544,-0.405229210172611,0.18878904311018
"Kariba","2019",0.191909066643087,0.426636319516781,-0.174008964179806,0.183223863345808
"Kariba","2020",0.206368469337644,0.4428546016715,-0.132118606591705,0.202837746855753
"Kariba","2021",0.201161085358236,0.408683576242906,-0.0959281564962202,0.197269631677751
"Kwekwe","2005",0.208789216195206,0.472782692038383,-0.063585061662889,0.187413120414452
"Kwekwe","2006",0.24543348389818,0.497743462618119,-0.0953114482283171,0.228705718774963
"Kwekwe","2007",0.211937889043798,0.444382226395098,-0.022031813801054,0.194932728551004
"Kwekwe","2008",0.23726284453458,0.500646707301139,-0.0139875297442455,0.220547449598489
"Kwekwe","2009",0.237015314616173,0.491719718428997,-0.14942927861096,0.223628032242556
"Kwekwe","2010",0.231170187160375,0.503257383071777,0.00510832348076993,0.211893057352409
"Kwekwe","2011",0.2284222021737,0.477907363754342,-0.254449650045612,0.208260932973766
"Kwekwe","2012",0.228097977894902,0.461836831228951,-0.119950206536952,0.211065417594695
"Kwekwe","2013",0.219132824143876,0.468571745291798,-0.111621297526972,0.201643455360157
"Kwekwe","2014",0.237124918303091,0.477503001244089,-0.140752506049534,0.222861817580889
"Kwekwe","2015",0.250815015188452,0.500657680662788,-0.093669813284099,0.23061246283678
"Kwekwe","2016",0.242752921139124,0.482826548541924,-0.094804727938096,0.227496303149972
"Kwekwe","2017",0.260832135828512,0.47336437238512,-0.215677405781499,0.257819129985701
"Kwekwe","2018",0.243289979949179,0.493360302346542,-0.0785665969748484,0.225208359491199
"Kwekwe","2019",0.240597669192361,0.506376015185992,0.00223581178238621,0.221341987450091
"Kwekwe","2020",0.231510350375529,0.442070003107118,-0.106219459253644,0.221253696719529
"Kwekwe","2021",0.258720102289281,0.51070629054987,-0.106290724836235,0.254445300333249
"Lupane","2005",0.225919774110113,0.461083774285195,-0.098453859012138,0.21042283302716
"Lupane","2006",0.265806218246301,0.52071705146335,-0.0763339170198233,0.255497192550328
"Lupane","2007",0.234718954584141,0.493032001850409,-0.055013038577831,0.22256751084593
"Lupane","2008",0.255157069213597,0.517518273098657,-0.180525326311621,0.244032928056706
"Lupane","2009",0.263434898845258,0.517582847943569,-0.0968837833666001,0.256753457862738
"Lupane","2010",0.24983938626308,0.499923915205054,-0.24367227986324,0.239988102473301
"Lupane","2011",0.247678252180835,0.523218084690577,-0.16476431373101,0.23283156511655
"Lupane","2012",0.248689917347425,0.512755397540453,-0.0348750527718594,0.22871286881335
"Lupane","2013",0.244121199516033,0.488769093773878,-0.244112891463827,0.232042973572025
"Lupane","2014",0.262531244770511,0.515156482885389,0.0124184571380305,0.251570594365767
"Lupane","2015",0.256466540847629,0.524313040167233,-0.181013893571649,0.23351408330983
"Lupane","2016",0.264087442762722,0.506880573375941,-0.806202770719526,0.251614895682113
"Lupane","2017",0.285568502985362,0.514119141806817,-0.171563636794644,0.284130326362928
"Lupane","2018",0.262998857367289,0.518244732635107,-0.13348665091945,0.250711834759178
"Lupane","2019",0.262542379859371,0.531181464000303,-0.111686777419286,0.251672564936651
"Lupane","2020",0.250825662985723,0.482683568649543,-0.138006738050017,0.245370140489312
"Lupane","2021",0.273857761158221,0.5268148552724,-0.031538131420545,0.267997940060057
"Makonde","2005",0.210027333977149,0.530640289486551,-0.0109564548480364,0.18298131779129
"Makonde","2006",0.258488659923657,0.544166477562931,0.000610452615461241,0.238219737535631
"Makonde","2007",0.245658812514398,0.509664556951638,-0.0542533867346878,0.225410904479855
"Makonde","2008",0.252545004783518,0.555684413467463,-0.0882132638482933,0.231743599715606
"Makonde","2009",0.265200685172679,0.575812142154188,-0.159165772450524,0.252021011303214
"Makonde","2010",0.242244715975399,0.568865796241481,-0.099367237751726,0.222762412051994
"Makonde","2011",0.244283429611075,0.548185741697669,-0.195487898368196,0.218088607732885
"Makonde","2012",0.256548822217018,0.542136194100526,-0.0881746638816101,0.236527027945713
"Makonde","2013",0.256392729834298,0.58902165875379,-0.0407167885493293,0.231739395213316
"Makonde","2014",0.253617653172611,0.545143068286072,-0.0839106826147689,0.232543555387423
"Makonde","2015",0.266060520834746,0.57353512338343,-0.0250270844357438,0.242726090691288
"Makonde","2016",0.273592634059074,0.558411944414222,-0.176888802159102,0.265674086982032
"Makonde","2017",0.26076780140093,0.546832190847588,-0.0557374393507737,0.252371133695546
"Makonde","2018",0.261480170183782,0.50232092217934,-0.169045061926069,0.246247574278715
"Makonde","2019",0.248321181356303,0.567531446393164,-0.0942199850001333,0.227988692298856
"Makonde","2020",0.258279773824167,0.558293904706976,-0.097171327227545,0.235604182721387
"Makonde","2021",0.261769463115353,0.529903236835741,-0.145733174850528,0.244782547374193
"Makoni","2005",0.197133133623588,0.442235319263726,-0.0110937793332027,0.180703612386477
"Makoni","2006",0.246965903063048,0.472906929617505,-0.141210207277312,0.231969866142903
"Makoni","2007",0.223862462068255,0.460923485357094,-0.116460364546525,0.205615681805596
"Makoni","2008",0.225892121935611,0.456827394116458,-0.00512093508711781,0.203457494611365
"Makoni","2009",0.234495623447063,0.478503742530451,-0.324905773552303,0.216201254695329
"Makoni","2010",0.237198736024516,0.488731735553134,0.0187489510373886,0.218820819203834
"Makoni","2011",0.239892180927212,0.488438401435182,-0.0545447279180527,0.231277793752107
"Makoni","2012",0.231639792543845,0.470827997556234,-0.0683445798819166,0.210747811626976
"Makoni","2013",0.239882592466302,0.505226263003031,-0.105355099530173,0.230347549260213
"Makoni","2014",0.230991806665511,0.47298985731185,-0.0881267147290092,0.210862997696037
"Makoni","2015",0.246058313833604,0.490645849202859,-0.161261931608707,0.225209025789063
"Makoni","2016",0.24389372067995,0.502216294396519,-0.209683735187934,0.225025679198354
"Makoni","2017",0.253551345103364,0.521734909174275,-0.0136521859701137,0.239437533661443
"Makoni","2018",0.24613435211873,0.486650641806636,-0.115428519622802,0.226272216869633
"Makoni","2019",0.252127198121598,0.491313877713696,-0.0206064759188274,0.238281148412996
"Makoni","2020",0.234935682337839,0.518067839095224,-0.0216414616332739,0.218148615798452
"Makoni","2021",0.251435719244691,0.529485258203469,-0.0144185819171111,0.229339591529462
"Mangwe (South)","2005",0.172841776399846,0.383320133332246,-0.120677094361649,0.16207797657634
"Mangwe (South)","2006",0.218901647776625,0.45126276963801,-0.0477043658479855,0.200075045594602
"Mangwe (South)","2007",0.203500365459443,0.438900106820742,-0.0675703968591534,0.195777079786108
"Mangwe (South)","2008",0.187142892750242,0.422863465420588,-0.0509005433385452,0.169713293606215
"Mangwe (South)","2009",0.206529327823499,0.461955277620001,-0.0768155455405698,0.187255100037227
"Mangwe (South)","2010",0.209231812305361,0.415157559306096,-0.104503317166443,0.203474742183545
"Mangwe (South)","2011",0.20429662348029,0.478162797840396,-0.219383349601459,0.184685325107686
"Mangwe (South)","2012",0.201106363099298,0.431864866649559,-0.105034697254711,0.18548339380204
"Mangwe (South)","2013",0.194701115021213,0.428989528614328,-0.141537546984876,0.177294126502351
"Mangwe (South)","2014",0.219474128645513,0.467167580018458,-0.103692094183229,0.209277783472751
"Mangwe (South)","2015",0.213445633884382,0.446061963647097,-0.177938473390119,0.196699575827118
"Mangwe (South)","2016",0.201941425238259,0.416859658244134,-0.0438442175457663,0.193712251428598
"Mangwe (South)","2017",0.236573056199804,0.479995675085064,-0.227687612228794,0.227423087855866
"Mangwe (South)","2018",0.197216552756349,0.446125876155276,0.0112319336015773,0.179008335676784
"Mangwe (South)","2019",0.216253276370857,0.473733681683957,0.0222060068378921,0.197400111731902
"Mangwe (South)","2020",0.199517179045226,0.423395739592848,-0.180073928480859,0.193785883763469
"Mangwe (South)","2021",0.226792293671229,0.500147079734262,-0.638682020130238,0.212972146066041
"Marondera","2005",0.202869786152636,0.445182534533385,-0.0738396422720844,0.190269794300427
"Marondera","2006",0.243053879854221,0.461186187898676,-0.276876351282231,0.232186496847455
"Marondera","2007",0.218807466038433,0.435372951568739,-0.195210764645418,0.20218226569187
"Marondera","2008",0.231904824300069,0.467570104970212,-0.0775680693109774,0.209720377778433
"Marondera","2009",0.238032910878601,0.487076404721201,-0.292620795190054,0.227402555532149
"Marondera","2010",0.237581984248169,0.489955686869574,0.0119063785736934,0.221199734260498
"Marondera","2011",0.237194327303333,0.498026556364562,0.00274472515925809,0.226534327187788
"Marondera","2012",0.231705956724581,0.479767354632115,-0.111940718951855,0.216202154718951
"Marondera","2013",0.237242602950233,0.49451152549672,-0.0971343490616311,0.221839455048411
"Marondera","2014",0.223811686438035,0.452390127886497,-0.057114512799283,0.20884409134307
"Marondera","2015",0.250260675167353,0.51474128254983,-0.072508564164662,0.234374522520882
"Marondera","2016",0.241086467485567,0.491790056843159,-0.161375802169095,0.227715645912737
"Marondera","2017",0.245927678269545,0.535935950376699,-0.067677637745367,0.233720862254339
"Marondera","2018",0.24468324081544,0.483075046620915,-0.150483978827625,0.229766605487202
"Marondera","2019",0.244597579085851,0.510839357856855,-0.0512971196994511,0.230255026178293
"Marondera","2020",0.234831624263589,0.512523424123739,-0.0639066834324809,0.221408661819767
"Marondera","2021",0.248886570818024,0.509961656813594,0.0120542718418591,0.22883115128181
"Masvingo","2005",0.180471268089161,0.44934266324633,-0.127861214802905,0.173604303642027
"Masvingo","2006",0.244213245289308,0.532445055882719,-0.0878699444670892,0.233499989637328
"Masvingo","2007",0.207429898534448,0.472799847641882,-0.0900844653459693,0.197994170960951
"Masvingo","2008",0.212846832203091,0.472904030487664,-0.0709247751564162,0.202515329848782
"Masvingo","2009",0.220948943472637,0.523777929308672,-0.227825625349104,0.206894422656418
"Masvingo","2010",0.227562350631882,0.484438097849967,-0.125673553536624,0.218878509512831
"Masvingo","2011",0.205365052065597,0.478934325767199,-0.27091056535924,0.195909728206082
"Masvingo","2012",0.208715487183773,0.45166752882242,-0.0995029906812384,0.197027836559566
"Masvingo","2013",0.204310144662657,0.437248182015156,-0.139275681306226,0.195869597588585
"Masvingo","2014",0.230626729605147,0.481436159077288,-0.129187238300131,0.222605320780178
"Masvingo","2015",0.234136597182973,0.495724617617261,-0.151909406484239,0.217242952175573
"Masvingo","2016",0.215586127952524,0.48744066184923,-0.0382617771942717,0.199132441906526
"Masvingo","2017",0.252042009154409,0.531547896513714,-0.146648598214017,0.248611960058643
"Masvingo","2018",0.228047284336337,0.510758562789371,-0.0962793132629626,0.216935441576276
"Masvingo","2019",0.235321861574363,0.514097457136337,-0.121426915297662,0.224383693562704
"Masvingo","2020",0.221537326979026,0.503292956681177,-0.173069291224254,0.21428737179303
"Masvingo","2021",0.239485637862549,0.539276511844726,-0.11078868599955,0.228893036156988
"Matobo","2005",0.168414954269654,0.362726779440165,-0.0788220153503894,0.159668723376922
"Matobo","2006",0.208274689014307,0.497948807920088,-0.0721795230731661,0.192402491890866
"Matobo","2007",0.205285364504021,0.43307872788507,-0.134085176519046,0.199653876536252
"Matobo","2008",0.191928466322259,0.445708255719469,-0.147145206204363,0.179103276030262
"Matobo","2009",0.208524320231655,0.514220177226347,-0.13666870805802,0.18900918916054
"Matobo","2010",0.20849320717203,0.422067511407023,-0.0442153114400542,0.202498040885838
"Matobo","2011",0.200473660123908,0.494221529409775,-0.208650350830781,0.182987564421385
"Matobo","2012",0.187973116711238,0.402262098339247,-0.154292292304538,0.179172708428699
"Matobo","2013",0.188897257505002,0.41409746158275,-0.346602537321704,0.180236684801179
"Matobo","2014",0.215436807173152,0.464454193234498,-0.116878490488195,0.205131935965061
"Matobo","2015",0.21181302462727,0.421640942060283,-0.193448462297372,0.196610990177268
"Matobo","2016",0.195811945637324,0.418670017019902,-0.0710112254846174,0.185496388003432
"Matobo","2017",0.234473198446286,0.478871130544746,-0.138994241116466,0.227041137467143
"Matobo","2018",0.19736048032264,0.446661258101995,0.00218962326915303,0.178637366835091
"Matobo","2019",0.212642783279773,0.464849538832678,-0.0829758943435603,0.198197593997777
"Matobo","2020",0.193869214123355,0.445560327956771,-0.206714713682379,0.185611350392122
"Matobo","2021",0.222253933519496,0.534754367075083,-0.463765936839529,0.208280817836575
"Mazowe","2005",0.221006221050309,0.538232239299189,-0.0617576302301394,0.192316652557598
"Mazowe","2006",0.245531378395278,0.515004907829689,-0.0764251292111507,0.228235717255556
"Mazowe","2007",0.235456058226665,0.50285705331432,-0.122739859195805,0.212579453152967
"Mazowe","2008",0.243272767801698,0.541161106954848,-0.0868603844603614,0.212915770028078
"Mazowe","2009",0.245653374511325,0.537176722877043,-0.220304473507679,0.223682427299591
"Mazowe","2010",0.241568885223782,0.569152261981532,-0.138790694196285,0.219840849200957
"Mazowe","2011",0.237839697839187,0.56359880590662,-0.017018296358661,0.217782237891633
"Mazowe","2012",0.24940144563005,0.535798481730391,-0.0765516575715438,0.220687856179116
"Mazowe","2013",0.2431728151965,0.54260788789849,-0.144066942707459,0.216319804575154
"Mazowe","2014",0.237779747381783,0.528650926042585,-0.253600144317118,0.21069096367089
"Mazowe","2015",0.255134318092821,0.558021357101106,-0.0532579982713006,0.22201746276315
"Mazowe","2016",0.261549717623724,0.556154342514803,-0.318441119360294,0.233083592880563
"Mazowe","2017",0.252623653640807,0.531624375342372,-0.240066507693866,0.229718387800595
"Mazowe","2018",0.249326081734449,0.548263878469242,-0.104124063570256,0.22796468236905
"Mazowe","2019",0.246530876018953,0.553070164399768,-0.0341044236241308,0.219861334648554
"Mazowe","2020",0.24359936544353,0.564829462614583,-0.0886915741658071,0.214369396557694
"Mazowe","2021",0.259716317401331,0.54698962603104,-0.168869940701726,0.247063213047237
"Mberengwa","2005",0.158736693256905,0.417276078835716,-0.150218486537051,0.161435357709248
"Mberengwa","2006",0.236413421808184,0.598168464398758,-0.138100944279949,0.221058697322177
"Mberengwa","2007",0.207005931978058,0.472105748891232,-0.431967668862056,0.204367596428852
"Mberengwa","2008",0.196254219735948,0.458574480532691,-0.177794179151421,0.187589725216743
"Mberengwa","2009",0.207266680441428,0.509819613933573,-0.292634308570531,0.194742202131527
"Mberengwa","2010",0.212980572798956,0.496340945906232,-0.211341105136422,0.205763701210105
"Mberengwa","2011",0.203815843794546,0.535834952830581,-0.127517020653879,0.201006493357534
"Mberengwa","2012",0.203497371345836,0.445184475072854,-0.120689364052109,0.193502224710296
"Mberengwa","2013",0.194314964671668,0.44316740531928,-0.117123209885505,0.183770099887769
"Mberengwa","2014",0.219589888250244,0.482012451534855,-0.0764175936321424,0.211089068419322
"Mberengwa","2015",0.224861556233191,0.473197509808576,-0.127428349527524,0.217505556174391
"Mberengwa","2016",0.211247934912307,0.521765728636744,-0.0492685848416641,0.193211002802617
"Mberengwa","2017",0.238350470013833,0.577186237456015,-0.211344748700065,0.233756072916757
"Mberengwa","2018",0.219540057635225,0.483301323286352,-0.126191455595938,0.215675239932567
"Mberengwa","2019",0.219198738358372,0.609984878540833,-0.243182487484686,0.212517881880094
"Mberengwa","2020",0.21025386901208,0.469055913607399,-0.0861004265249345,0.203990912435899
"Mberengwa","2021",0.224870703387512,0.484807674370983,-0.102440442363862,0.215381193488148
"Mount Darwin","2005",0.205888305980938,0.516453188195549,-0.0911311217490446,0.182855903706799
"Mount Darwin","2006",0.245385773512628,0.526394987083982,-0.0658293429444046,0.221284413974136
"Mount Darwin","2007",0.22260164043509,0.528772577439979,-0.197674350236009,0.194039709759945
"Mount Darwin","2008",0.243508928757024,0.5410497940316,-0.135880173732586,0.219827708844683
"Mount Darwin","2009",0.242952430386284,0.55016796836623,-0.137129890345258,0.215375090525525
"Mount Darwin","2010",0.23408198990128,0.562635644584581,-0.121021867603519,0.199436943941185
"Mount Darwin","2011",0.233525717257672,0.53891456522898,-0.0661882292047905,0.206009717977981
"Mount Darwin","2012",0.23622643926947,0.573594717000711,-0.159098368423723,0.20957149861143
"Mount Darwin","2013",0.243316756077896,0.564210548561516,-0.174075312696471,0.203500673128017
"Mount Darwin","2014",0.248037600849248,0.616534547548965,-0.220839674453897,0.213397446574809
"Mount Darwin","2015",0.256089538753066,0.573275140751139,-0.0877919036857814,0.224516901805049
"Mount Darwin","2016",0.233592049899493,0.537878177396247,-0.470595854149838,0.199136607439054
"Mount Darwin","2017",0.265843389382843,0.557540143359539,-0.184402003709591,0.253344410897531
"Mount Darwin","2018",0.252981252102136,0.57311908615493,-0.0861544471064643,0.231931224079026
"Mount Darwin","2019",0.245692542472567,0.59522603769232,-0.129121282955313,0.215085662682475
"Mount Darwin","2020",0.241951671089416,0.594249059825109,-0.177021916623436,0.210610579725872
"Mount Darwin","2021",0.25583935991094,0.564008340861345,-0.0151838512179502,0.221904776463435
"Mudzi","2005",0.205384194960798,0.479167320064044,-0.0992844482198283,0.192171949538376
"Mudzi","2006",0.238009165301173,0.481558738344518,-0.134073270401977,0.217964827451674
"Mudzi","2007",0.222633625967359,0.488201268862985,-0.342440454727399,0.198889724284653
"Mudzi","2008",0.232235621632693,0.501252673226391,-0.0423419628250877,0.2058800942938
"Mudzi","2009",0.234166278695361,0.519000210758151,-0.27091804439196,0.213156297608161
"Mudzi","2010",0.229759891678655,0.516208819534904,0.00713997311419057,0.206064628923581
"Mudzi","2011",0.234642786860973,0.512636938264318,-0.0755922755696231,0.21331170846107
"Mudzi","2012",0.232158099157831,0.512715401340799,-0.183544684162311,0.205936106943219
"Mudzi","2013",0.246774052839456,0.529955267631416,-0.204674156969271,0.223431373906624
"Mudzi","2014",0.237237935888382,0.533507235548326,-0.0531929389763754,0.204461976205694
"Mudzi","2015",0.246904017255012,0.552278077179839,-0.0804335498391111,0.213206733169709
"Mudzi","2016",0.239075528816289,0.522289466755914,-0.0139215997205227,0.200866028254586
"Mudzi","2017",0.267927178596128,0.536397732091418,-0.243254386302389,0.258705280325191
"Mudzi","2018",0.246609900804956,0.534754571098418,-0.104083205526175,0.226985832685201
"Mudzi","2019",0.256413841188534,0.547655184982113,-0.136960312028516,0.232285514264193
"Mudzi","2020",0.238051654112495,0.545789581844432,-0.112953229183548,0.202859228054749
"Mudzi","2021",0.264619324583422,0.537601829094036,0.0248829098948425,0.239888978545436
"Murehwa","2005",0.213571683687943,0.47814480559092,-0.0087982583589783,0.192006092747338
"Murehwa","2006",0.241343342845432,0.451496947258397,-0.049355253298729,0.225759559302456
"Murehwa","2007",0.227137032698061,0.468825421728497,-0.262449983763541,0.214814296325369
"Murehwa","2008",0.235109654073701,0.489799918280848,-0.0787223609853836,0.212791421082349
"Murehwa","2009",0.234484146338164,0.495911933525576,-0.269017800557968,0.222132938316726
"Murehwa","2010",0.241047737025995,0.464028063936366,0.0291396278823118,0.22900669976122
"Murehwa","2011",0.242103972727571,0.470663314965499,-0.116984204325345,0.235503562340056
"Murehwa","2012",0.239119802867467,0.493189314608846,-0.0717118600960533,0.224406799962327
"Murehwa","2013",0.237805372777662,0.499211704333061,-0.378585043850845,0.22623636495165
"Murehwa","2014",0.232114440169286,0.465549466878409,-0.0315807246695295,0.215956662658699
"Murehwa","2015",0.25304970115006,0.504011286539691,-0.0694618248172112,0.232627630095307
"Murehwa","2016",0.251674520497777,0.50382176180078,-0.138586257877242,0.22782249982946
"Murehwa","2017",0.256597121564055,0.532464407519228,-0.163748933912968,0.238466170249264
"Murehwa","2018",0.252479244568441,0.49196005295266,-0.17909971311058,0.238683306739674
"Murehwa","2019",0.249219374824598,0.482017377649545,-0.0530907301718529,0.232041339020677
"Murehwa","2020",0.242167879199449,0.530327367418461,-0.119796086656042,0.22608482136086
"Murehwa","2021",0.255951300276062,0.512646207954278,-0.150090161443984,0.241578994528228
"Mutare","2005",0.19741389450632,0.454493118323129,-0.193910820802539,0.185189314134339
"Mutare","2006",0.247700678121613,0.543507266888088,-0.0202422874096846,0.23055538839963
"Mutare","2007",0.231297054027765,0.500898383313644,-0.176555387993983,0.211543633917811
"Mutare","2008",0.228376039660052,0.507687460530801,-0.181726172148096,0.213154516175025
"Mutare","2009",0.230418237785198,0.488820841659943,-0.301952854105513,0.212523226210068
"Mutare","2010",0.236398312522349,0.474487485082682,-0.117849971031751,0.225400669803097
"Mutare","2011",0.239019458596931,0.481304762554071,-0.107746599045002,0.225003140578787
"Mutare","2012",0.229691094484582,0.484507599848391,-0.0890389861305827,0.213336469478324
"Mutare","2013",0.238104871691765,0.544809841644465,-0.0901499050476471,0.234635087385573
"Mutare","2014",0.227947937063812,0.484636549911574,-0.608381689621682,0.211421725012105
"Mutare","2015",0.248601480037745,0.500293290838458,-0.15466079047768,0.23661929222132
"Mutare","2016",0.244655962279427,0.506976545066532,-0.133316375527741,0.230042572264096
"Mutare","2017",0.261321960635015,0.498837863851581,-0.0887781427445702,0.256365200582529
"Mutare","2018",0.245037273599962,0.533023504241688,-0.00809677242528546,0.227126274120236
"Mutare","2019",0.261127116194001,0.582081640976884,-0.269083777406089,0.252764345522919
"Mutare","2020",0.238044769976898,0.517719131039024,-0.0672830448889885,0.220936551458572
"Mutare","2021",0.252653905712577,0.522018588247788,-0.225316400533848,0.235649919756383
"Mutasa","2005",0.239770481911969,0.51020291288956,-0.250686020493068,0.242959757328134
"Mutasa","2006",0.282143093304883,0.562015994185316,-0.0593263987406161,0.283693931921096
"Mutasa","2007",0.256340016452454,0.569019606434735,-0.162613661318975,0.254827427175168
"Mutasa","2008",0.263447370500529,0.587402490242477,-0.331135874959881,0.255298427224322
"Mutasa","2009",0.273212438569237,0.534895016379258,-0.377456122959759,0.27786044889238
"Mutasa","2010",0.269827211209459,0.548012840289556,-0.0702327374596621,0.266940038591693
"Mutasa","2011",0.280795868623158,0.549720669441632,0.00194100897306987,0.276028347267671
"Mutasa","2012",0.272084227119882,0.584065939613102,-0.130241649048947,0.260871071204409
"Mutasa","2013",0.275007990420803,0.589826185381259,-0.142550296021402,0.284246058849105
"Mutasa","2014",0.270671895406574,0.545224530351627,-0.0546524605124352,0.265614268833062
"Mutasa","2015",0.285420373347306,0.578677130167184,-0.120634742448357,0.282844218843505
"Mutasa","2016",0.281980287208789,0.586989457393284,-0.352671575121338,0.282730470409907
"Mutasa","2017",0.285889262467348,0.543638677914614,-0.090671393971688,0.284177680803067
"Mutasa","2018",0.284652044671839,0.558460316284971,-0.193434958256979,0.292279037277252
"Mutasa","2019",0.293976545688387,0.63255960258338,-0.0658833910304691,0.284329796474118
"Mutasa","2020",0.271068576371402,0.583035005975217,-0.119805307544376,0.270335863610854
"Mutasa","2021",0.287218007462115,0.554541355806818,-0.437849092173189,0.284406534779518
"Mutoko","2005",0.213322849101574,0.468957275457059,-0.0885275129632099,0.192171170198834
"Mutoko","2006",0.243037249318757,0.433579080811235,-0.141560074647276,0.23010330193345
"Mutoko","2007",0.226297742992142,0.485652411396458,-0.24418076591423,0.208935904818774
"Mutoko","2008",0.233628144559174,0.472353897781594,-0.110205069515374,0.213335973752047
"Mutoko","2009",0.241561239357946,0.508092784171935,-0.176995063903178,0.229528636791555
"Mutoko","2010",0.24289799813287,0.490944335437513,-0.0135073566382184,0.230112713568476
"Mutoko","2011",0.235540649385146,0.464811266932066,-0.0549829977017301,0.224281498896221
"Mutoko","2012",0.232972494973511,0.462613609974603,-0.155121578583787,0.21315350871012
"Mutoko","2013",0.249934148254364,0.523796403897662,-0.185200940782971,0.237849520448134
"Mutoko","2014",0.237530371426646,0.492722899731402,-0.0300447662811181,0.215528986758559
"Mutoko","2015",0.248746646749548,0.497127366682357,-0.029889965264113,0.225133985658671
"Mutoko","2016",0.245060370071068,0.509539334394414,-0.0824601637783543,0.218581367513512
"Mutoko","2017",0.264492732074517,0.522241292992256,-0.0396079128310218,0.255592859615366
"Mutoko","2018",0.250101814294472,0.498062310770174,-0.115721889563808,0.233901201630481
"Mutoko","2019",0.254613889114081,0.467788486254013,0.0357540147711931,0.241091522404164
"Mutoko","2020",0.243163073255186,0.522470634667753,-0.0432175645890401,0.216860365301683
"Mutoko","2021",0.260852340233285,0.508889871657827,-0.0636926869215717,0.241322458270443
"Mwenezi","2005",0.151149321496794,0.373605340952815,-0.15036953596182,0.15057187082913
"Mwenezi","2006",0.202373907286971,0.492474780820992,-0.155690020094656,0.185217163564945
"Mwenezi","2007",0.200827293625529,0.450665080462757,-0.136780969559104,0.200863910752724
"Mwenezi","2008",0.199163848249363,0.538055273222645,-0.0724077719791332,0.192106471078402
"Mwenezi","2009",0.212127206560684,0.558197941564759,-0.299421058646359,0.190871535831283
"Mwenezi","2010",0.214663104622308,0.475359867158613,-0.0909811385775484,0.199191651945415
"Mwenezi","2011",0.197209211915789,0.467844336822476,-0.172414899977597,0.184043752869817
"Mwenezi","2012",0.194928475306568,0.466499127268615,-0.232624916368267,0.187079022850086
"Mwenezi","2013",0.196960521900207,0.456060565378101,-0.17113888648202,0.190568919147956
"Mwenezi","2014",0.217298559219589,0.505312180332815,-0.219260481698472,0.201734392500075
"Mwenezi","2015",0.211120037294449,0.469741697300887,-0.488603228588347,0.199124253589147
"Mwenezi","2016",0.204253459486763,0.487263916946859,-0.0547515820464888,0.185145711991655
"Mwenezi","2017",0.24279442085453,0.544350051815805,-0.124486681658321,0.229397737570089
"Mwenezi","2018",0.213096609286897,0.518932426786267,-0.0427929848820123,0.191740179074091
"Mwenezi","2019",0.20203283183368,0.505151394089001,-0.108138164588531,0.192237113327472
"Mwenezi","2020",0.193551834328212,0.475031032297973,-0.252073753069103,0.189302987166261
"Mwenezi","2021",0.235061885759217,0.571560586454329,-0.159512043321148,0.217725422186735
"Nkayi","2005",0.223059450393599,0.453215405182845,-0.0118820893352977,0.201493471229753
"Nkayi","2006",0.270592824468751,0.508667988488286,-0.190430587178692,0.257621247033155
"Nkayi","2007",0.22737504299587,0.480586395158695,-0.0784950852860452,0.205595145276437
"Nkayi","2008",0.249182765609078,0.493946667143923,-0.0770115822140637,0.23528906971476
"Nkayi","2009",0.249302622934772,0.487589722338346,-0.0899488037514387,0.234258767615733
"Nkayi","2010",0.245031287660446,0.492787032464334,-0.0838384501626487,0.230206934785889
"Nkayi","2011",0.243434658469968,0.512805011112164,-0.209285927293959,0.226138129825592
"Nkayi","2012",0.238124755307822,0.496870110955135,-0.0601346404302594,0.215534280252442
"Nkayi","2013",0.230354330968572,0.48408233320272,-0.322610277287613,0.211287042078391
"Nkayi","2014",0.260900502260628,0.504531935829233,-0.0834893952632474,0.247814992532009
"Nkayi","2015",0.263096593173282,0.523628761585608,-0.34205667164236,0.243017280967306
"Nkayi","2016",0.260223242177264,0.525923119875821,-0.0549500577069132,0.241057374982185
"Nkayi","2017",0.282848314900757,0.511818860217564,-0.240100198114062,0.280226431134558
"Nkayi","2018",0.259671029915746,0.51072878231805,-0.0840527132511326,0.243416262476634
"Nkayi","2019",0.253454532269561,0.513387337160456,-0.123737928311395,0.240461210350523
"Nkayi","2020",0.252919532330541,0.496970608268177,-0.225096200906542,0.244909420801949
"Nkayi","2021",0.27093635054904,0.520907995798259,-0.3009670760232,0.262117376574081
"Nyanga","2005",0.229892192183732,0.48352208235196,-0.0492753353998393,0.215606889021795
"Nyanga","2006",0.260771966519054,0.556308062788572,-0.134380714769953,0.250330546719022
"Nyanga","2007",0.239440598535395,0.513046696356501,-0.0487069207079859,0.229602327536799
"Nyanga","2008",0.244133495383409,0.589815307721942,-0.24391171128649,0.224919805296759
"Nyanga","2009",0.25991590023504,0.493142346437873,-0.267698703577645,0.252449078172716
"Nyanga","2010",0.256661207672194,0.506455828107773,-0.00841408274430472,0.242810103230757
"Nyanga","2011",0.263068699423634,0.530023080771391,0.0248574574991717,0.25259675133439
"Nyanga","2012",0.250255716287591,0.578286493236516,-0.0839235483737921,0.234090323390728
"Nyanga","2013",0.259459923990198,0.545977413825429,-0.0608547434721878,0.255094259879304
"Nyanga","2014",0.258147587255116,0.551794681803148,-0.0259004841814797,0.239975576048222
"Nyanga","2015",0.260304717921105,0.545892309245601,-0.0827438731682687,0.241016797940563
"Nyanga","2016",0.254359984882463,0.592018610452712,-0.0768695699981883,0.238139508444727
"Nyanga","2017",0.273857981183783,0.522160222381785,-0.067573570706069,0.267014886735403
"Nyanga","2018",0.26506197381692,0.601847784497672,-0.09679559208415,0.252241564096706
"Nyanga","2019",0.273155203252838,0.627582051270757,-0.00186326377750012,0.266250327211604
"Nyanga","2020",0.258159914285273,0.578341804591931,-0.0979018254502684,0.241650876430557
"Nyanga","2021",0.273020078139744,0.627308863877627,-0.124235590603905,0.258893369038816
"Rushinga","2005",0.212091136670749,0.542635851219697,0.00486399317033751,0.187838020235276
"Rushinga","2006",0.239013696886601,0.545357550340249,-0.310278810728495,0.21462070832623
"Rushinga","2007",0.2344884696193,0.533508071516205,-0.269692656809502,0.211479308811785
"Rushinga","2008",0.244111974246103,0.569604600373733,-0.146554454304199,0.212975402854535
"Rushinga","2009",0.239514779811966,0.591448996341123,-0.222942596840055,0.213128270297865
"Rushinga","2010",0.242605507839548,0.551457189118755,-0.021779466556683,0.212017602993429
"Rushinga","2011",0.236696480292827,0.535898881782319,-0.0605034056185983,0.21151879300175
"Rushinga","2012",0.23824364691095,0.597400080263643,-0.343311113957512,0.212843043671595
"Rushinga","2013",0.238878321001606,0.604493805963619,-0.143809181626689,0.192793185351609
"Rushinga","2014",0.245359477602126,0.611639088247079,-0.11510919383431,0.202976502806475
"Rushinga","2015",0.249877534226674,0.622698016314013,-0.140842947997664,0.206497391234705
"Rushinga","2016",0.241980132217091,0.567126206746393,-0.192899080021747,0.201422462333738
"Rushinga","2017",0.26666395108641,0.577449591496002,-0.167252126705069,0.249412418239927
"Rushinga","2018",0.251826423708914,0.569173104307194,-0.145900013871765,0.22324711127476
"Rushinga","2019",0.25267135323844,0.584876476213952,-0.157793973887654,0.211622885439725
"Rushinga","2020",0.251089195776655,0.596376147262528,-0.0745593132131689,0.208531125563767
"Rushinga","2021",0.254863247024185,0.597915437252862,-0.0309447931220152,0.209927153492737
"Seke","2005",0.20276127648578,0.453283109602524,-0.0748481524489476,0.181769510624418
"Seke","2006",0.232420580779677,0.473793154120947,-0.462386479256982,0.217080726181452
"Seke","2007",0.212002563606587,0.47994806821308,-0.113270111535971,0.193998831487772
"Seke","2008",0.225759468514348,0.529534964190813,-0.14851319101268,0.204585406359809
"Seke","2009",0.232096862738212,0.494586294297234,-0.184273383828993,0.216904337952534
"Seke","2010",0.230870465067829,0.483033148296605,-0.100983561962878,0.216696161950809
"Seke","2011",0.226927148406356,0.549555918101532,-0.0207551541818954,0.208946511317575
"Seke","2012",0.228781567065916,0.528139707479135,-0.101693349614774,0.211564346745251
"Seke","2013",0.226465353817573,0.515713781491661,-0.0982575310925883,0.206373805964017
"Seke","2014",0.223900860367102,0.48920347157722,-0.326861602884773,0.207058241494322
"Seke","2015",0.246828210162433,0.514029651970178,-0.282624244659097,0.231332883153477
"Seke","2016",0.234871718330871,0.501210870192895,-0.105743853212395,0.221301414433589
"Seke","2017",0.241276899128964,0.571318272349792,-0.109067176744444,0.226603437434458
"Seke","2018",0.242616840250199,0.520839535576064,-0.435438818927608,0.225178611253581
"Seke","2019",0.238109700487864,0.54652341721172,-0.243638516534382,0.219200646512342
"Seke","2020",0.231820855538827,0.482085731679029,-0.355861867574101,0.21821100567626
"Seke","2021",0.241782760309922,0.562057743409071,-0.0628196168722314,0.2201926841348
"Shamva","2005",0.225561743327854,0.524167671629915,-0.0660093252166677,0.198325693169955
"Shamva","2006",0.261621704816246,0.526735592170992,-0.11550233140041,0.246128149338935
"Shamva","2007",0.244935704604698,0.556652926657112,-0.151168077702716,0.225393685412247
"Shamva","2008",0.251385703636159,0.523665002900909,-0.166874591484677,0.228747063653891
"Shamva","2009",0.259607840574996,0.560580022945972,-0.157375559099857,0.244048168482405
"Shamva","2010",0.250407297940903,0.532230250453096,-0.17698499349953,0.231661161744084
"Shamva","2011",0.251129177536044,0.547381609197897,-0.0769751242798895,0.23549932682248
"Shamva","2012",0.258620540032477,0.533575701174849,-0.303962057242553,0.241398807090225
"Shamva","2013",0.25946102503362,0.546184312904966,-0.143958461027486,0.238586890024085
"Shamva","2014",0.254655658165991,0.534778045833911,-0.373888451194511,0.233780701592076
"Shamva","2015",0.269046616544952,0.547394639600123,-0.0343985419153357,0.246397290916725
"Shamva","2016",0.261224905216944,0.531210367183916,-0.118571721669914,0.229457794279459
"Shamva","2017",0.28078728797292,0.524182486788885,-0.231843240936525,0.280497351090769
"Shamva","2018",0.267705677929384,0.560255982651487,-0.147022061893916,0.25662603466869
"Shamva","2019",0.262101641577926,0.526397874083148,-0.105407282268928,0.246328883879534
"Shamva","2020",0.258592263830751,0.567061588998562,-0.181050617107602,0.230480600737578
"Shamva","2021",0.272697935552017,0.562744300475597,-0.0628080975426837,0.262562477579979
"Shurugwi","2005",0.195933201977516,0.439719730457749,-0.124316216760646,0.187729177716921
"Shurugwi","2006",0.237837968510117,0.471085161480718,-0.144283794206865,0.225813874868661
"Shurugwi","2007",0.207592323072051,0.447603578376635,-0.0781801599249168,0.198945209110542
"Shurugwi","2008",0.21138025978853,0.442519515976873,-0.211165319500338,0.207843074005941
"Shurugwi","2009",0.216663380387071,0.466994397631685,-0.503284053094827,0.205025201847807
"Shurugwi","2010",0.230909924415722,0.452681059705761,-0.131276591836773,0.224594394912717
"Shurugwi","2011",0.207800697861804,0.450710296898621,-0.217604608757077,0.196529977725441
"Shurugwi","2012",0.2220258249905,0.435405873320545,-0.14843906809066,0.211598039702252
"Shurugwi","2013",0.207753306861004,0.43782548123423,-0.175065098575512,0.2040398921603
"Shurugwi","2014",0.22151610019745,0.442744427396908,-0.109174458547722,0.211898033872031
"Shurugwi","2015",0.231409920956127,0.434694820728445,-0.227635096972086,0.222174849220787
"Shurugwi","2016",0.22822461284536,0.476817805569992,0.0082350419251884,0.21289407851188
"Shurugwi","2017",0.245353329114477,0.475708190467042,-0.661185508663092,0.243295379439471
"Shurugwi","2018",0.220838351716513,0.475387514343443,-0.132311602857591,0.21533537314208
"Shurugwi","2019",0.229615840347024,0.451834893868763,-0.026675747336641,0.217326851179618
"Shurugwi","2020",0.216515375980808,0.44628569079101,-0.397836250124037,0.210858842562231
"Shurugwi","2021",0.241295265643831,0.460246899162229,-0.0111852959841724,0.2338550381894
"Tsholotsho","2005",0.217985529365215,0.444597074175895,-0.126053410761609,0.202899301809679
"Tsholotsho","2006",0.264510287172986,0.515178733454167,-0.00352609382632575,0.254076695856929
"Tsholotsho","2007",0.238185401786345,0.459421751422426,-0.093662291325054,0.226293953839541
"Tsholotsho","2008",0.238668866311505,0.501519572284332,-0.102690946218087,0.223788276155856
"Tsholotsho","2009",0.252354183679202,0.527792935199338,-0.116533270052239,0.234048487584451
"Tsholotsho","2010",0.238597285003331,0.473536888078228,-0.120060654328802,0.222360372305283
"Tsholotsho","2011",0.232678185902876,0.496164751977003,-0.0475501895304253,0.212378731467336
"Tsholotsho","2012",0.229649318014748,0.470634260806344,-0.0740848486576797,0.206343453008196
"Tsholotsho","2013",0.238547363041805,0.470460586623315,-0.131173048500768,0.226624997944194
"Tsholotsho","2014",0.253497406792447,0.501537303967807,-0.00283315680180663,0.23706150797741
"Tsholotsho","2015",0.243935829303982,0.500366949048019,-0.0419658191509519,0.234254555678597
"Tsholotsho","2016",0.252578895249531,0.490858936241597,-0.0510426829454941,0.246963848207339
"Tsholotsho","2017",0.282747363582708,0.529661962130703,-0.24907765024313,0.292213140248444
"Tsholotsho","2018",0.257201638352194,0.516005717523687,-0.507924467652587,0.253790732356651
"Tsholotsho","2019",0.258325641642828,0.514113768659912,-0.0433158194813947,0.244080886100545
"Tsholotsho","2020",0.237284575652726,0.44765547390966,0.0141189134599184,0.225485245840329
"Tsholotsho","2021",0.268248266173668,0.522720530283768,-0.140397241631033,0.254732959164315
"Umguza","2005",0.205023044577998,0.457994096671514,-0.108512066922602,0.183132786087772
"Umguza","2006",0.254330080554352,0.518450982413664,-0.0403418328580192,0.233205077070534
"Umguza","2007",0.216219050220948,0.477189660438196,-0.0553662956136776,0.19591164660711
"Umguza","2008",0.234766410048493,0.541832440808233,-0.043983913313977,0.210794515190347
"Umguza","2009",0.248184755950363,0.545956560853035,-0.140036591504312,0.237581239965551
"Umguza","2010",0.237714801662494,0.508193277717241,-0.0259972422642973,0.216360251482971
"Umguza","2011",0.229886921749771,0.528531124002609,-0.10543506385334,0.206983550489086
"Umguza","2012",0.219628878468769,0.463146432288835,-0.136366985942514,0.196859329706625
"Umguza","2013",0.22415180682835,0.489920876225076,-0.425914085642941,0.208215687498889
"Umguza","2014",0.242840275543904,0.517391698325992,-0.0584010300907318,0.222055641653686
"Umguza","2015",0.239298106341956,0.515976127348451,-0.0422075385196816,0.214772454392144
"Umguza","2016",0.232247268358258,0.492783818634099,-0.108440968323399,0.220434407798234
"Umguza","2017",0.275969398685338,0.526667964160575,-0.219933015931608,0.267285438695665
"Umguza","2018",0.245391683088917,0.525515988515006,-0.0369645989162654,0.223967082964823
"Umguza","2019",0.244551988096416,0.541036280978688,-0.16721284038145,0.215125666453072
"Umguza","2020",0.237787782505122,0.485027816015838,-0.0630537841415965,0.22625201511733
"Umguza","2021",0.26408144199406,0.538756574978573,-0.313050136909621,0.251454516479315
"UMP","2005",0.210933503919612,0.48930193808868,0.0225706124612188,0.188695086901202
"UMP","2006",0.238939850850479,0.477011778680672,-0.0921128879293686,0.222844739546366
"UMP","2007",0.228526315551689,0.489709295090995,-0.194135282382881,0.20869785588775
"UMP","2008",0.236025508638745,0.49889642302431,-0.0789053421525888,0.217323542460108
"UMP","2009",0.237246268631922,0.518596566809439,-0.108052911178308,0.219404508425899
"UMP","2010",0.236795196353066,0.501744650517653,-0.00980490356110401,0.208483133337382
"UMP","2011",0.236639390107988,0.487203191062842,-0.098332227348072,0.220257800520281
"UMP","2012",0.238304461605358,0.474431221026408,-0.259209887991388,0.213162750090485
"UMP","2013",0.249785080470897,0.509141308719259,-0.187374266684968,0.225666591330746
"UMP","2014",0.239305855735409,0.522441721829168,-0.2348745815155,0.210549344954157
"UMP","2015",0.2510088636411,0.5199918239233,-0.0169701167359217,0.228141343043264
"UMP","2016",0.248000648872663,0.520434809349185,-0.0576279300799441,0.217040552371312
"UMP","2017",0.26575098002356,0.511891816013856,-0.102413868349252,0.259948171197647
"UMP","2018",0.251913906999744,0.520327847481538,-0.0915375004793572,0.238826802936233
"UMP","2019",0.251367006933132,0.490883650664762,-0.051176108201288,0.230025204967859
"UMP","2020",0.245317059375724,0.541704218459022,-0.248611679713933,0.218975130081384
"UMP","2021",0.260248025131678,0.523687702877122,-0.00834265207870299,0.23998242576627
"Umzingwane","2005",0.174688856287128,0.437100991095463,-0.0993041688403756,0.166357501584054
"Umzingwane","2006",0.223126391469483,0.474331582825724,-0.14194449572092,0.203563765812348
"Umzingwane","2007",0.200266463247935,0.451477794735339,-0.203133789004983,0.190228615406221
"Umzingwane","2008",0.211269404463215,0.491891404568588,-0.151995633447581,0.19856623951456
"Umzingwane","2009",0.214447006265469,0.544671060654052,-0.128078697834479,0.197639094462592
"Umzingwane","2010",0.216369417947595,0.483805018113668,-0.0659393729789531,0.198074492495811
"Umzingwane","2011",0.204518999103116,0.508132840377233,-0.124194359831961,0.186485044844573
"Umzingwane","2012",0.196522551595191,0.436847927392824,-0.0992381159946116,0.184020457228676
"Umzingwane","2013",0.199082869987518,0.452377988951725,-0.120289673058573,0.192201044439897
"Umzingwane","2014",0.218576387331165,0.496090805327224,-0.122965728139629,0.203054539563275
"Umzingwane","2015",0.218466480305012,0.486342334428591,-0.0310852346986194,0.198499305379591
"Umzingwane","2016",0.200089129142445,0.474237435521843,-0.0454229801542875,0.182945718363244
"Umzingwane","2017",0.253567379153463,0.499897337899624,-0.250476841860824,0.247130196204504
"Umzingwane","2018",0.207224114145335,0.529258461068481,-0.12718031890212,0.189998538532888
"Umzingwane","2019",0.217957104600354,0.487106874776258,-0.13906903137175,0.203269456475615
"Umzingwane","2020",0.206486295119448,0.443940788744153,-0.114209376770076,0.196901404360621
"Umzingwane","2021",0.228843542623662,0.515006218358319,-0.624910102386912,0.214823645513757
"Wedza","2005",0.19197796172771,0.450234768554515,-0.080138046047458,0.178904340815651
"Wedza","2006",0.24137310795911,0.489901022170279,-0.205620388753046,0.2269995879597
"Wedza","2007",0.214063099276637,0.458345588962701,-0.0983591402807746,0.192131006508398
"Wedza","2008",0.221991071670048,0.457911208926368,-0.0296247980382674,0.204495437491555
"Wedza","2009",0.229741588004518,0.495774021694747,-0.386895376789964,0.218237556740271
"Wedza","2010",0.234670008186335,0.504912402663208,-0.0239682857771081,0.212602522465795
"Wedza","2011",0.232500615672458,0.498354716213887,-0.00471205794091299,0.221797604013609
"Wedza","2012",0.221848855205959,0.459879149427331,-0.111667336943021,0.204864062605644
"Wedza","2013",0.233777636625931,0.48186159677462,-0.0946988669627944,0.225360738027145
"Wedza","2014",0.226366821910445,0.490529893501625,-0.495234150208651,0.210329965173348
"Wedza","2015",0.252590339056667,0.504949817692252,-0.169367830794657,0.241055409561417
"Wedza","2016",0.240129795916389,0.493221203784509,-0.159498515066375,0.220817361907193
"Wedza","2017",0.249776815248282,0.518174563255466,-0.109773427350597,0.235006940012799
"Wedza","2018",0.238720434754484,0.505562193245021,-0.180924679071531,0.221981252408593
"Wedza","2019",0.248523390928128,0.528058249784899,-0.0816108960901607,0.231425551605294
"Wedza","2020",0.232099021687146,0.51890964045012,-0.125261896093823,0.213575895342739
"Wedza","2021",0.241053679101578,0.530642844448707,-0.00529164914558182,0.21909350436222
"Zaka","2005",0.182094493970036,0.444387116123865,-0.0921787799393644,0.177182895671327
"Zaka","2006",0.250930974737703,0.53366292901053,-0.0663840396873313,0.237094575543798
"Zaka","2007",0.22337515695729,0.48200018893561,-0.162186939153728,0.220505096343478
"Zaka","2008",0.212388344693778,0.479562480832461,-0.0632141955301909,0.199892064046074
"Zaka","2009",0.234441046304676,0.532157184116408,-0.201127691915675,0.22628174244179
"Zaka","2010",0.234764008128088,0.506604897979716,-0.141819633767178,0.232658509042049
"Zaka","2011",0.220218256279532,0.479162435230714,-0.167650593038069,0.216689468547196
"Zaka","2012",0.224218567613819,0.454389218563922,-0.201830799468672,0.214707563238868
"Zaka","2013",0.226297993869071,0.46730801558521,-0.184867037015714,0.224829350935499
"Zaka","2014",0.242575482299142,0.505705697919644,-0.268809163252118,0.234106351940636
"Zaka","2015",0.248410788190433,0.506912533343238,-0.0928800720678278,0.234486651519057
"Zaka","2016",0.230755097645134,0.504650000972115,-0.0986668237505524,0.216079439422935
"Zaka","2017",0.265304624497942,0.549272006738488,-0.12685889249832,0.262401976257633
"Zaka","2018",0.242099287056451,0.52831440623265,-0.133423117358261,0.239144479935237
"Zaka","2019",0.248480209351187,0.537801713249321,-0.0667213091995299,0.235567673128864
"Zaka","2020",0.233630181688984,0.530384103613701,-0.252437135265124,0.231721959156501
"Zaka","2021",0.24897491831919,0.562765070487079,-0.21415018863575,0.238912715307027
"Zvimba","2005",0.205102751422151,0.510404835840556,-0.036850514330017,0.171808303962336
"Zvimba","2006",0.247541215808677,0.534169940026047,0.0125625318090326,0.227433985000491
"Zvimba","2007",0.233410191531517,0.495957776699968,-0.0943077255766114,0.208620267342386
"Zvimba","2008",0.237118252507687,0.525981346676896,-0.0609752627134586,0.20836991909938
"Zvimba","2009",0.25080996949607,0.557105890702794,-0.145781636225894,0.233187277783378
"Zvimba","2010",0.241660826462257,0.562790404642899,-0.0843904334126636,0.218388341277533
"Zvimba","2011",0.240499632136352,0.544353699567712,-0.00869098625925556,0.215052732569856
"Zvimba","2012",0.249032606802298,0.51425587348484,-0.0782245619909144,0.222807439416787
"Zvimba","2013",0.234248518836678,0.573252939412278,-0.102561177625562,0.209786814758381
"Zvimba","2014",0.240345435698305,0.522370336806812,-0.133168150486836,0.210790845202551
"Zvimba","2015",0.247681157081636,0.559622038443658,-0.064968007690133,0.218726971452623
"Zvimba","2016",0.253585781649221,0.553732954161047,-0.349678534444385,0.230248687994145
"Zvimba","2017",0.251746529264312,0.560922432737678,-0.0396141172973978,0.233316829901625
"Zvimba","2018",0.24821895508545,0.533414372177896,-0.213261574105036,0.223806337528803
"Zvimba","2019",0.237835701753419,0.548041664525124,-0.0466269404681482,0.208151910073302
"Zvimba","2020",0.240984550281568,0.54070045580324,-0.288547341251224,0.215220386565581
"Zvimba","2021",0.253506068452607,0.532695109347855,-0.0830516747421922,0.22481239788096
"Zvishavane","2005",0.176777300245855,0.452428398612872,-0.15100378049154,0.16753670178577
"Zvishavane","2006",0.231619654670886,0.486252526210944,-0.0418630536178568,0.215286890023015
"Zvishavane","2007",0.191027471186799,0.426370183052477,-0.114742262222123,0.183045849506186
"Zvishavane","2008",0.208083822158395,0.464685971639612,-0.145148069963435,0.198335400075363
"Zvishavane","2009",0.204677489252306,0.498852966722138,-0.23501462841729,0.18546277267349
"Zvishavane","2010",0.221520159533295,0.441117518314196,-0.232526919113029,0.220898025574978
"Zvishavane","2011",0.200162905339873,0.460795385847352,-0.132106582942071,0.1864950865267
"Zvishavane","2012",0.201900204183873,0.433959304295618,-0.237659824114863,0.189930637592761
"Zvishavane","2013",0.191628033692873,0.410544390562011,-0.0955804653470149,0.182376153222184
"Zvishavane","2014",0.223542986614309,0.462078540888347,-0.183463489009213,0.213286162642896
"Zvishavane","2015",0.21959642464862,0.458562241011523,-0.239030149342596,0.203846143827391
"Zvishavane","2016",0.207749320435335,0.464378867221593,-0.0254685888766064,0.1948449301272
"Zvishavane","2017",0.243144631914543,0.497284623110888,-0.238132578057734,0.234164585287068
"Zvishavane","2018",0.219315899361971,0.482128733358874,-0.125430376701227,0.208828772869215
"Zvishavane","2019",0.221863698383892,0.452369926391425,-0.0533064772551856,0.214729606615366
"Zvishavane","2020",0.208527638950701,0.507595773373492,-0.135463743843221,0.205281014381846
"Zvishavane","2021",0.232328695696635,0.469736421351581,-0.0814318279676003,0.219739664884605
